{
  "type": "FeatureCollection",
  "features": [
    {
      "type": "Feature",
      "geometry": {
        "type": "Point",
        "coordinates": [
          -76.3206971,
          40.1044265
        ]
      },
      "properties": {
        "tree_id": "DINOV3_0001",
        "source_image": "dji_fly_20260306_173428_0001_1772836760073_photo.JPG",
        "max_height_m": Infinity,
        "mean_height_m": Infinity,
        "crown_area_px": 4272,
        "bbox_w_px": 27,
        "bbox_h_px": 403
      }
    },
    {
      "type": "Feature",
      "geometry": {
        "type": "Point",
        "coordinates": [
          -76.320675,
          40.1044521
        ]
      },
      "properties": {
        "tree_id": "DINOV3_0002",
        "source_image": "dji_fly_20260306_173428_0001_1772836760073_photo.JPG",
        "max_height_m": Infinity,
        "mean_height_m": Infinity,
        "crown_area_px": 176,
        "bbox_w_px": 43,
        "bbox_h_px": 3
      }
    },
    {
      "type": "Feature",
      "geometry": {
        "type": "Point",
        "coordinates": [
          -76.3206421,
          40.1044516
        ]
      },
      "properties": {
        "tree_id": "DINOV3_0003",
        "source_image": "dji_fly_20260306_173428_0001_1772836760073_photo.JPG",
        "max_height_m": Infinity,
        "mean_height_m": Infinity,
        "crown_area_px": 944,
        "bbox_w_px": 187,
        "bbox_h_px": 11
      }
    },
    {
      "type": "Feature",
      "geometry": {
        "type": "Point",
        "coordinates": [
          -76.3205852,
          40.104321
        ]
      },
      "properties": {
        "tree_id": "DINOV3_0004",
        "source_image": "dji_fly_20260306_173428_0001_1772836760073_photo.JPG",
        "max_height_m": Infinity,
        "mean_height_m": Infinity,
        "crown_area_px": 514720,
        "bbox_w_px": 1363,
        "bbox_h_px": 2049
      }
    },
    {
      "type": "Feature",
      "geometry": {
        "type": "Point",
        "coordinates": [
          -76.3204008,
          40.1044498
        ]
      },
      "properties": {
        "tree_id": "DINOV3_0005",
        "source_image": "dji_fly_20260306_173428_0001_1772836760073_photo.JPG",
        "max_height_m": Infinity,
        "mean_height_m": Infinity,
        "crown_area_px": 8432,
        "bbox_w_px": 611,
        "bbox_h_px": 39
      }
    },
    {
      "type": "Feature",
      "geometry": {
        "type": "Point",
        "coordinates": [
          -76.3203073,
          40.1044513
        ]
      },
      "properties": {
        "tree_id": "DINOV3_0006",
        "source_image": "dji_fly_20260306_173428_0001_1772836760073_photo.JPG",
        "max_height_m": Infinity,
        "mean_height_m": Infinity,
        "crown_area_px": 2320,
        "bbox_w_px": 391,
        "bbox_h_px": 15
      }
    },
    {
      "type": "Feature",
      "geometry": {
        "type": "Point",
        "coordinates": [
          -76.3202644,
          40.1044519
        ]
      },
      "properties": {
        "tree_id": "DINOV3_0007",
        "source_image": "dji_fly_20260306_173428_0001_1772836760073_photo.JPG",
        "max_height_m": Infinity,
        "mean_height_m": Infinity,
        "crown_area_px": 432,
        "bbox_w_px": 87,
        "bbox_h_px": 7
      }
    },
    {
      "type": "Feature",
      "geometry": {
        "type": "Point",
        "coordinates": [
          -76.320248,
          40.1044521
        ]
      },
      "properties": {
        "tree_id": "DINOV3_0008",
        "source_image": "dji_fly_20260306_173428_0001_1772836760073_photo.JPG",
        "max_height_m": Infinity,
        "mean_height_m": Infinity,
        "crown_area_px": 272,
        "bbox_w_px": 67,
        "bbox_h_px": 3
      }
    },
    {
      "type": "Feature",
      "geometry": {
        "type": "Point",
        "coordinates": [
          -76.3202307,
          40.1044521
        ]
      },
      "properties": {
        "tree_id": "DINOV3_0009",
        "source_image": "dji_fly_20260306_173428_0001_1772836760073_photo.JPG",
        "max_height_m": Infinity,
        "mean_height_m": Infinity,
        "crown_area_px": 544,
        "bbox_w_px": 135,
        "bbox_h_px": 3
      }
    },
    {
      "type": "Feature",
      "geometry": {
        "type": "Point",
        "coordinates": [
          -76.3201617,
          40.1044416
        ]
      },
      "properties": {
        "tree_id": "DINOV3_0010",
        "source_image": "dji_fly_20260306_173428_0001_1772836760073_photo.JPG",
        "max_height_m": Infinity,
        "mean_height_m": Infinity,
        "crown_area_px": 26907,
        "bbox_w_px": 607,
        "bbox_h_px": 167
      }
    },
    {
      "type": "Feature",
      "geometry": {
        "type": "Point",
        "coordinates": [
          -76.3200853,
          40.1044521
        ]
      },
      "properties": {
        "tree_id": "DINOV3_0011",
        "source_image": "dji_fly_20260306_173428_0001_1772836760073_photo.JPG",
        "max_height_m": Infinity,
        "mean_height_m": Infinity,
        "crown_area_px": 128,
        "bbox_w_px": 31,
        "bbox_h_px": 3
      }
    },
    {
      "type": "Feature",
      "geometry": {
        "type": "Point",
        "coordinates": [
          -76.3200753,
          40.1044521
        ]
      },
      "properties": {
        "tree_id": "DINOV3_0012",
        "source_image": "dji_fly_20260306_173428_0001_1772836760073_photo.JPG",
        "max_height_m": Infinity,
        "mean_height_m": Infinity,
        "crown_area_px": 192,
        "bbox_w_px": 47,
        "bbox_h_px": 3
      }
    },
    {
      "type": "Feature",
      "geometry": {
        "type": "Point",
        "coordinates": [
          -76.3200475,
          40.1044513
        ]
      },
      "properties": {
        "tree_id": "DINOV3_0013",
        "source_image": "dji_fly_20260306_173428_0001_1772836760073_photo.JPG",
        "max_height_m": Infinity,
        "mean_height_m": Infinity,
        "crown_area_px": 816,
        "bbox_w_px": 131,
        "bbox_h_px": 15
      }
    },
    {
      "type": "Feature",
      "geometry": {
        "type": "Point",
        "coordinates": [
          -76.320022,
          40.1044508
        ]
      },
      "properties": {
        "tree_id": "DINOV3_0014",
        "source_image": "dji_fly_20260306_173428_0001_1772836760073_photo.JPG",
        "max_height_m": Infinity,
        "mean_height_m": Infinity,
        "crown_area_px": 592,
        "bbox_w_px": 99,
        "bbox_h_px": 23
      }
    },
    {
      "type": "Feature",
      "geometry": {
        "type": "Point",
        "coordinates": [
          -76.3200438,
          40.104447
        ]
      },
      "properties": {
        "tree_id": "DINOV3_0015",
        "source_image": "dji_fly_20260306_173428_0001_1772836760073_photo.JPG",
        "max_height_m": Infinity,
        "mean_height_m": Infinity,
        "crown_area_px": 1264,
        "bbox_w_px": 47,
        "bbox_h_px": 43
      }
    },
    {
      "type": "Feature",
      "geometry": {
        "type": "Point",
        "coordinates": [
          -76.3203843,
          40.1044375
        ]
      },
      "properties": {
        "tree_id": "DINOV3_0016",
        "source_image": "dji_fly_20260306_173428_0001_1772836760073_photo.JPG",
        "max_height_m": Infinity,
        "mean_height_m": Infinity,
        "crown_area_px": 35632,
        "bbox_w_px": 831,
        "bbox_h_px": 151
      }
    },
    {
      "type": "Feature",
      "geometry": {
        "type": "Point",
        "coordinates": [
          -76.3200783,
          40.1043741
        ]
      },
      "properties": {
        "tree_id": "DINOV3_0017",
        "source_image": "dji_fly_20260306_173428_0001_1772836760073_photo.JPG",
        "max_height_m": Infinity,
        "mean_height_m": Infinity,
        "crown_area_px": 81452,
        "bbox_w_px": 771,
        "bbox_h_px": 1140
      }
    },
    {
      "type": "Feature",
      "geometry": {
        "type": "Point",
        "coordinates": [
          -76.3203616,
          40.1044447
        ]
      },
      "properties": {
        "tree_id": "DINOV3_0018",
        "source_image": "dji_fly_20260306_173428_0001_1772836760073_photo.JPG",
        "max_height_m": Infinity,
        "mean_height_m": Infinity,
        "crown_area_px": 704,
        "bbox_w_px": 47,
        "bbox_h_px": 31
      }
    },
    {
      "type": "Feature",
      "geometry": {
        "type": "Point",
        "coordinates": [
          -76.3204259,
          40.1044444
        ]
      },
      "properties": {
        "tree_id": "DINOV3_0019",
        "source_image": "dji_fly_20260306_173428_0001_1772836760073_photo.JPG",
        "max_height_m": Infinity,
        "mean_height_m": Infinity,
        "crown_area_px": 224,
        "bbox_w_px": 23,
        "bbox_h_px": 11
      }
    },
    {
      "type": "Feature",
      "geometry": {
        "type": "Point",
        "coordinates": [
          -76.3206314,
          40.1044434
        ]
      },
      "properties": {
        "tree_id": "DINOV3_0020",
        "source_image": "dji_fly_20260306_173428_0001_1772836760073_photo.JPG",
        "max_height_m": Infinity,
        "mean_height_m": Infinity,
        "crown_area_px": 288,
        "bbox_w_px": 27,
        "bbox_h_px": 19
      }
    },
    {
      "type": "Feature",
      "geometry": {
        "type": "Point",
        "coordinates": [
          -76.3206371,
          40.1044429
        ]
      },
      "properties": {
        "tree_id": "DINOV3_0021",
        "source_image": "dji_fly_20260306_173428_0001_1772836760073_photo.JPG",
        "max_height_m": Infinity,
        "mean_height_m": Infinity,
        "crown_area_px": 368,
        "bbox_w_px": 31,
        "bbox_h_px": 11
      }
    },
    {
      "type": "Feature",
      "geometry": {
        "type": "Point",
        "coordinates": [
          -76.3204736,
          40.1044426
        ]
      },
      "properties": {
        "tree_id": "DINOV3_0022",
        "source_image": "dji_fly_20260306_173428_0001_1772836760073_photo.JPG",
        "max_height_m": Infinity,
        "mean_height_m": Infinity,
        "crown_area_px": 384,
        "bbox_w_px": 31,
        "bbox_h_px": 15
      }
    },
    {
      "type": "Feature",
      "geometry": {
        "type": "Point",
        "coordinates": [
          -76.3204684,
          40.1044431
        ]
      },
      "properties": {
        "tree_id": "DINOV3_0023",
        "source_image": "dji_fly_20260306_173428_0001_1772836760073_photo.JPG",
        "max_height_m": Infinity,
        "mean_height_m": Infinity,
        "crown_area_px": 192,
        "bbox_w_px": 27,
        "bbox_h_px": 7
      }
    },
    {
      "type": "Feature",
      "geometry": {
        "type": "Point",
        "coordinates": [
          -76.32062,
          40.1044265
        ]
      },
      "properties": {
        "tree_id": "DINOV3_0024",
        "source_image": "dji_fly_20260306_173428_0001_1772836760073_photo.JPG",
        "max_height_m": Infinity,
        "mean_height_m": Infinity,
        "crown_area_px": 1472,
        "bbox_w_px": 51,
        "bbox_h_px": 67
      }
    },
    {
      "type": "Feature",
      "geometry": {
        "type": "Point",
        "coordinates": [
          -76.3205942,
          40.1044272
        ]
      },
      "properties": {
        "tree_id": "DINOV3_0025",
        "source_image": "dji_fly_20260306_173428_0001_1772836760073_photo.JPG",
        "max_height_m": Infinity,
        "mean_height_m": Infinity,
        "crown_area_px": 112,
        "bbox_w_px": 15,
        "bbox_h_px": 7
      }
    },
    {
      "type": "Feature",
      "geometry": {
        "type": "Point",
        "coordinates": [
          -76.3202959,
          40.1044262
        ]
      },
      "properties": {
        "tree_id": "DINOV3_0026",
        "source_image": "dji_fly_20260306_173428_0001_1772836760073_photo.JPG",
        "max_height_m": Infinity,
        "mean_height_m": Infinity,
        "crown_area_px": 512,
        "bbox_w_px": 39,
        "bbox_h_px": 23
      }
    },
    {
      "type": "Feature",
      "geometry": {
        "type": "Point",
        "coordinates": [
          -76.3202811,
          40.1044252
        ]
      },
      "properties": {
        "tree_id": "DINOV3_0027",
        "source_image": "dji_fly_20260306_173428_0001_1772836760073_photo.JPG",
        "max_height_m": Infinity,
        "mean_height_m": Infinity,
        "crown_area_px": 1504,
        "bbox_w_px": 71,
        "bbox_h_px": 39
      }
    },
    {
      "type": "Feature",
      "geometry": {
        "type": "Point",
        "coordinates": [
          -76.3202647,
          40.1044234
        ]
      },
      "properties": {
        "tree_id": "DINOV3_0028",
        "source_image": "dji_fly_20260306_173428_0001_1772836760073_photo.JPG",
        "max_height_m": Infinity,
        "mean_height_m": Infinity,
        "crown_area_px": 1808,
        "bbox_w_px": 83,
        "bbox_h_px": 43
      }
    },
    {
      "type": "Feature",
      "geometry": {
        "type": "Point",
        "coordinates": [
          -76.320213,
          40.1044237
        ]
      },
      "properties": {
        "tree_id": "DINOV3_0029",
        "source_image": "dji_fly_20260306_173428_0001_1772836760073_photo.JPG",
        "max_height_m": Infinity,
        "mean_height_m": Infinity,
        "crown_area_px": 976,
        "bbox_w_px": 43,
        "bbox_h_px": 31
      }
    },
    {
      "type": "Feature",
      "geometry": {
        "type": "Point",
        "coordinates": [
          -76.320479,
          40.1044208
        ]
      },
      "properties": {
        "tree_id": "DINOV3_0030",
        "source_image": "dji_fly_20260306_173428_0001_1772836760073_photo.JPG",
        "max_height_m": Infinity,
        "mean_height_m": Infinity,
        "crown_area_px": 1184,
        "bbox_w_px": 95,
        "bbox_h_px": 27
      }
    },
    {
      "type": "Feature",
      "geometry": {
        "type": "Point",
        "coordinates": [
          -76.3201403,
          40.1044198
        ]
      },
      "properties": {
        "tree_id": "DINOV3_0031",
        "source_image": "dji_fly_20260306_173428_0001_1772836760073_photo.JPG",
        "max_height_m": Infinity,
        "mean_height_m": Infinity,
        "crown_area_px": 960,
        "bbox_w_px": 39,
        "bbox_h_px": 35
      }
    },
    {
      "type": "Feature",
      "geometry": {
        "type": "Point",
        "coordinates": [
          -76.3203703,
          40.1044201
        ]
      },
      "properties": {
        "tree_id": "DINOV3_0032",
        "source_image": "dji_fly_20260306_173428_0001_1772836760073_photo.JPG",
        "max_height_m": Infinity,
        "mean_height_m": Infinity,
        "crown_area_px": 848,
        "bbox_w_px": 63,
        "bbox_h_px": 23
      }
    },
    {
      "type": "Feature",
      "geometry": {
        "type": "Point",
        "coordinates": [
          -76.3204651,
          40.1044185
        ]
      },
      "properties": {
        "tree_id": "DINOV3_0033",
        "source_image": "dji_fly_20260306_173428_0001_1772836760073_photo.JPG",
        "max_height_m": Infinity,
        "mean_height_m": Infinity,
        "crown_area_px": 1168,
        "bbox_w_px": 67,
        "bbox_h_px": 31
      }
    },
    {
      "type": "Feature",
      "geometry": {
        "type": "Point",
        "coordinates": [
          -76.3201597,
          40.1043993
        ]
      },
      "properties": {
        "tree_id": "DINOV3_0034",
        "source_image": "dji_fly_20260306_173428_0001_1772836760073_photo.JPG",
        "max_height_m": Infinity,
        "mean_height_m": Infinity,
        "crown_area_px": 27728,
        "bbox_w_px": 495,
        "bbox_h_px": 283
      }
    },
    {
      "type": "Feature",
      "geometry": {
        "type": "Point",
        "coordinates": [
          -76.3202421,
          40.1042357
        ]
      },
      "properties": {
        "tree_id": "DINOV3_0035",
        "source_image": "dji_fly_20260306_173428_0001_1772836760073_photo.JPG",
        "max_height_m": Infinity,
        "mean_height_m": Infinity,
        "crown_area_px": 882973,
        "bbox_w_px": 2728,
        "bbox_h_px": 2757
      }
    },
    {
      "type": "Feature",
      "geometry": {
        "type": "Point",
        "coordinates": [
          -76.320445,
          40.1044078
        ]
      },
      "properties": {
        "tree_id": "DINOV3_0036",
        "source_image": "dji_fly_20260306_173428_0001_1772836760073_photo.JPG",
        "max_height_m": Infinity,
        "mean_height_m": Infinity,
        "crown_area_px": 1344,
        "bbox_w_px": 43,
        "bbox_h_px": 63
      }
    },
    {
      "type": "Feature",
      "geometry": {
        "type": "Point",
        "coordinates": [
          -76.3202577,
          40.104407
        ]
      },
      "properties": {
        "tree_id": "DINOV3_0037",
        "source_image": "dji_fly_20260306_173428_0001_1772836760073_photo.JPG",
        "max_height_m": Infinity,
        "mean_height_m": Infinity,
        "crown_area_px": 6704,
        "bbox_w_px": 183,
        "bbox_h_px": 59
      }
    },
    {
      "type": "Feature",
      "geometry": {
        "type": "Point",
        "coordinates": [
          -76.3202197,
          40.1044083
        ]
      },
      "properties": {
        "tree_id": "DINOV3_0038",
        "source_image": "dji_fly_20260306_173428_0001_1772836760073_photo.JPG",
        "max_height_m": Infinity,
        "mean_height_m": Infinity,
        "crown_area_px": 1712,
        "bbox_w_px": 91,
        "bbox_h_px": 31
      }
    },
    {
      "type": "Feature",
      "geometry": {
        "type": "Point",
        "coordinates": [
          -76.3202334,
          40.1044037
        ]
      },
      "properties": {
        "tree_id": "DINOV3_0039",
        "source_image": "dji_fly_20260306_173428_0001_1772836760073_photo.JPG",
        "max_height_m": Infinity,
        "mean_height_m": Infinity,
        "crown_area_px": 5936,
        "bbox_w_px": 103,
        "bbox_h_px": 87
      }
    },
    {
      "type": "Feature",
      "geometry": {
        "type": "Point",
        "coordinates": [
          -76.3201503,
          40.1043837
        ]
      },
      "properties": {
        "tree_id": "DINOV3_0040",
        "source_image": "dji_fly_20260306_173428_0001_1772836760073_photo.JPG",
        "max_height_m": Infinity,
        "mean_height_m": Infinity,
        "crown_area_px": 15808,
        "bbox_w_px": 135,
        "bbox_h_px": 287
      }
    },
    {
      "type": "Feature",
      "geometry": {
        "type": "Point",
        "coordinates": [
          -76.3206944,
          40.1043832
        ]
      },
      "properties": {
        "tree_id": "DINOV3_0041",
        "source_image": "dji_fly_20260306_173428_0001_1772836760073_photo.JPG",
        "max_height_m": Infinity,
        "mean_height_m": Infinity,
        "crown_area_px": 6080,
        "bbox_w_px": 59,
        "bbox_h_px": 247
      }
    },
    {
      "type": "Feature",
      "geometry": {
        "type": "Point",
        "coordinates": [
          -76.32022,
          40.1043911
        ]
      },
      "properties": {
        "tree_id": "DINOV3_0042",
        "source_image": "dji_fly_20260306_173428_0001_1772836760073_photo.JPG",
        "max_height_m": Infinity,
        "mean_height_m": Infinity,
        "crown_area_px": 192,
        "bbox_w_px": 23,
        "bbox_h_px": 11
      }
    },
    {
      "type": "Feature",
      "geometry": {
        "type": "Point",
        "coordinates": [
          -76.3205122,
          40.1043888
        ]
      },
      "properties": {
        "tree_id": "DINOV3_0043",
        "source_image": "dji_fly_20260306_173428_0001_1772836760073_photo.JPG",
        "max_height_m": Infinity,
        "mean_height_m": Infinity,
        "crown_area_px": 432,
        "bbox_w_px": 35,
        "bbox_h_px": 23
      }
    },
    {
      "type": "Feature",
      "geometry": {
        "type": "Point",
        "coordinates": [
          -76.3202892,
          40.1043852
        ]
      },
      "properties": {
        "tree_id": "DINOV3_0044",
        "source_image": "dji_fly_20260306_173428_0001_1772836760073_photo.JPG",
        "max_height_m": Infinity,
        "mean_height_m": Infinity,
        "crown_area_px": 4464,
        "bbox_w_px": 231,
        "bbox_h_px": 39
      }
    },
    {
      "type": "Feature",
      "geometry": {
        "type": "Point",
        "coordinates": [
          -76.3206653,
          40.1043837
        ]
      },
      "properties": {
        "tree_id": "DINOV3_0045",
        "source_image": "dji_fly_20260306_173428_0001_1772836760073_photo.JPG",
        "max_height_m": Infinity,
        "mean_height_m": Infinity,
        "crown_area_px": 992,
        "bbox_w_px": 31,
        "bbox_h_px": 55
      }
    },
    {
      "type": "Feature",
      "geometry": {
        "type": "Point",
        "coordinates": [
          -76.3202197,
          40.1043809
        ]
      },
      "properties": {
        "tree_id": "DINOV3_0046",
        "source_image": "dji_fly_20260306_173428_0001_1772836760073_photo.JPG",
        "max_height_m": Infinity,
        "mean_height_m": Infinity,
        "crown_area_px": 960,
        "bbox_w_px": 35,
        "bbox_h_px": 67
      }
    },
    {
      "type": "Feature",
      "geometry": {
        "type": "Point",
        "coordinates": [
          -76.3206043,
          40.1043832
        ]
      },
      "properties": {
        "tree_id": "DINOV3_0047",
        "source_image": "dji_fly_20260306_173428_0001_1772836760073_photo.JPG",
        "max_height_m": Infinity,
        "mean_height_m": Infinity,
        "crown_area_px": 640,
        "bbox_w_px": 47,
        "bbox_h_px": 23
      }
    },
    {
      "type": "Feature",
      "geometry": {
        "type": "Point",
        "coordinates": [
          -76.3202657,
          40.1043824
        ]
      },
      "properties": {
        "tree_id": "DINOV3_0048",
        "source_image": "dji_fly_20260306_173428_0001_1772836760073_photo.JPG",
        "max_height_m": Infinity,
        "mean_height_m": Infinity,
        "crown_area_px": 176,
        "bbox_w_px": 15,
        "bbox_h_px": 19
      }
    },
    {
      "type": "Feature",
      "geometry": {
        "type": "Point",
        "coordinates": [
          -76.3201912,
          40.1043788
        ]
      },
      "properties": {
        "tree_id": "DINOV3_0049",
        "source_image": "dji_fly_20260306_173428_0001_1772836760073_photo.JPG",
        "max_height_m": Infinity,
        "mean_height_m": Infinity,
        "crown_area_px": 288,
        "bbox_w_px": 39,
        "bbox_h_px": 11
      }
    },
    {
      "type": "Feature",
      "geometry": {
        "type": "Point",
        "coordinates": [
          -76.3201158,
          40.1043755
        ]
      },
      "properties": {
        "tree_id": "DINOV3_0050",
        "source_image": "dji_fly_20260306_173428_0001_1772836760073_photo.JPG",
        "max_height_m": Infinity,
        "mean_height_m": Infinity,
        "crown_area_px": 4016,
        "bbox_w_px": 163,
        "bbox_h_px": 63
      }
    },
    {
      "type": "Feature",
      "geometry": {
        "type": "Point",
        "coordinates": [
          -76.3206455,
          40.1043783
        ]
      },
      "properties": {
        "tree_id": "DINOV3_0051",
        "source_image": "dji_fly_20260306_173428_0001_1772836760073_photo.JPG",
        "max_height_m": Infinity,
        "mean_height_m": Infinity,
        "crown_area_px": 128,
        "bbox_w_px": 19,
        "bbox_h_px": 11
      }
    },
    {
      "type": "Feature",
      "geometry": {
        "type": "Point",
        "coordinates": [
          -76.3206217,
          40.1043745
        ]
      },
      "properties": {
        "tree_id": "DINOV3_0052",
        "source_image": "dji_fly_20260306_173428_0001_1772836760073_photo.JPG",
        "max_height_m": Infinity,
        "mean_height_m": Infinity,
        "crown_area_px": 464,
        "bbox_w_px": 39,
        "bbox_h_px": 15
      }
    },
    {
      "type": "Feature",
      "geometry": {
        "type": "Point",
        "coordinates": [
          -76.3204786,
          40.1043731
        ]
      },
      "properties": {
        "tree_id": "DINOV3_0053",
        "source_image": "dji_fly_20260306_173428_0001_1772836760073_photo.JPG",
        "max_height_m": 2.21,
        "mean_height_m": 1.45,
        "crown_area_px": 1130,
        "bbox_w_px": 57,
        "bbox_h_px": 26
      }
    },
    {
      "type": "Feature",
      "geometry": {
        "type": "Point",
        "coordinates": [
          -76.3202183,
          40.1043729
        ]
      },
      "properties": {
        "tree_id": "DINOV3_0054",
        "source_image": "dji_fly_20260306_173428_0001_1772836760073_photo.JPG",
        "max_height_m": Infinity,
        "mean_height_m": Infinity,
        "crown_area_px": 384,
        "bbox_w_px": 35,
        "bbox_h_px": 15
      }
    },
    {
      "type": "Feature",
      "geometry": {
        "type": "Point",
        "coordinates": [
          -76.3202661,
          40.1043647
        ]
      },
      "properties": {
        "tree_id": "DINOV3_0055",
        "source_image": "dji_fly_20260306_173428_0001_1772836760073_photo.JPG",
        "max_height_m": Infinity,
        "mean_height_m": Infinity,
        "crown_area_px": 7696,
        "bbox_w_px": 123,
        "bbox_h_px": 111
      }
    },
    {
      "type": "Feature",
      "geometry": {
        "type": "Point",
        "coordinates": [
          -76.3200813,
          40.1043709
        ]
      },
      "properties": {
        "tree_id": "DINOV3_0056",
        "source_image": "dji_fly_20260306_173428_0001_1772836760073_photo.JPG",
        "max_height_m": Infinity,
        "mean_height_m": Infinity,
        "crown_area_px": 3632,
        "bbox_w_px": 351,
        "bbox_h_px": 15
      }
    },
    {
      "type": "Feature",
      "geometry": {
        "type": "Point",
        "coordinates": [
          -76.3201969,
          40.1043704
        ]
      },
      "properties": {
        "tree_id": "DINOV3_0057",
        "source_image": "dji_fly_20260306_173428_0001_1772836760073_photo.JPG",
        "max_height_m": Infinity,
        "mean_height_m": Infinity,
        "crown_area_px": 256,
        "bbox_w_px": 19,
        "bbox_h_px": 15
      }
    },
    {
      "type": "Feature",
      "geometry": {
        "type": "Point",
        "coordinates": [
          -76.3201128,
          40.1043624
        ]
      },
      "properties": {
        "tree_id": "DINOV3_0058",
        "source_image": "dji_fly_20260306_173428_0001_1772836760073_photo.JPG",
        "max_height_m": Infinity,
        "mean_height_m": Infinity,
        "crown_area_px": 7776,
        "bbox_w_px": 207,
        "bbox_h_px": 99
      }
    },
    {
      "type": "Feature",
      "geometry": {
        "type": "Point",
        "coordinates": [
          -76.3202183,
          40.1043675
        ]
      },
      "properties": {
        "tree_id": "DINOV3_0059",
        "source_image": "dji_fly_20260306_173428_0001_1772836760073_photo.JPG",
        "max_height_m": Infinity,
        "mean_height_m": Infinity,
        "crown_area_px": 208,
        "bbox_w_px": 27,
        "bbox_h_px": 11
      }
    },
    {
      "type": "Feature",
      "geometry": {
        "type": "Point",
        "coordinates": [
          -76.3200656,
          40.1043657
        ]
      },
      "properties": {
        "tree_id": "DINOV3_0060",
        "source_image": "dji_fly_20260306_173428_0001_1772836760073_photo.JPG",
        "max_height_m": Infinity,
        "mean_height_m": Infinity,
        "crown_area_px": 1056,
        "bbox_w_px": 131,
        "bbox_h_px": 23
      }
    },
    {
      "type": "Feature",
      "geometry": {
        "type": "Point",
        "coordinates": [
          -76.3206767,
          40.1043632
        ]
      },
      "properties": {
        "tree_id": "DINOV3_0061",
        "source_image": "dji_fly_20260306_173428_0001_1772836760073_photo.JPG",
        "max_height_m": Infinity,
        "mean_height_m": Infinity,
        "crown_area_px": 1056,
        "bbox_w_px": 47,
        "bbox_h_px": 31
      }
    },
    {
      "type": "Feature",
      "geometry": {
        "type": "Point",
        "coordinates": [
          -76.3204688,
          40.1043614
        ]
      },
      "properties": {
        "tree_id": "DINOV3_0062",
        "source_image": "dji_fly_20260306_173428_0001_1772836760073_photo.JPG",
        "max_height_m": Infinity,
        "mean_height_m": Infinity,
        "crown_area_px": 912,
        "bbox_w_px": 23,
        "bbox_h_px": 59
      }
    },
    {
      "type": "Feature",
      "geometry": {
        "type": "Point",
        "coordinates": [
          -76.3202183,
          40.1043629
        ]
      },
      "properties": {
        "tree_id": "DINOV3_0063",
        "source_image": "dji_fly_20260306_173428_0001_1772836760073_photo.JPG",
        "max_height_m": Infinity,
        "mean_height_m": Infinity,
        "crown_area_px": 256,
        "bbox_w_px": 27,
        "bbox_h_px": 11
      }
    },
    {
      "type": "Feature",
      "geometry": {
        "type": "Point",
        "coordinates": [
          -76.3201433,
          40.1043611
        ]
      },
      "properties": {
        "tree_id": "DINOV3_0064",
        "source_image": "dji_fly_20260306_173428_0001_1772836760073_photo.JPG",
        "max_height_m": Infinity,
        "mean_height_m": Infinity,
        "crown_area_px": 512,
        "bbox_w_px": 43,
        "bbox_h_px": 31
      }
    },
    {
      "type": "Feature",
      "geometry": {
        "type": "Point",
        "coordinates": [
          -76.3200692,
          40.1043552
        ]
      },
      "properties": {
        "tree_id": "DINOV3_0065",
        "source_image": "dji_fly_20260306_173428_0001_1772836760073_photo.JPG",
        "max_height_m": Infinity,
        "mean_height_m": Infinity,
        "crown_area_px": 13984,
        "bbox_w_px": 287,
        "bbox_h_px": 99
      }
    },
    {
      "type": "Feature",
      "geometry": {
        "type": "Point",
        "coordinates": [
          -76.3205503,
          40.104354
        ]
      },
      "properties": {
        "tree_id": "DINOV3_0066",
        "source_image": "dji_fly_20260306_173428_0001_1772836760073_photo.JPG",
        "max_height_m": Infinity,
        "mean_height_m": Infinity,
        "crown_area_px": 128,
        "bbox_w_px": 19,
        "bbox_h_px": 7
      }
    },
    {
      "type": "Feature",
      "geometry": {
        "type": "Point",
        "coordinates": [
          -76.3204941,
          40.1043501
        ]
      },
      "properties": {
        "tree_id": "DINOV3_0067",
        "source_image": "dji_fly_20260306_173428_0001_1772836760073_photo.JPG",
        "max_height_m": Infinity,
        "mean_height_m": Infinity,
        "crown_area_px": 192,
        "bbox_w_px": 19,
        "bbox_h_px": 11
      }
    },
    {
      "type": "Feature",
      "geometry": {
        "type": "Point",
        "coordinates": [
          -76.3204887,
          40.1043488
        ]
      },
      "properties": {
        "tree_id": "DINOV3_0068",
        "source_image": "dji_fly_20260306_173428_0001_1772836760073_photo.JPG",
        "max_height_m": Infinity,
        "mean_height_m": Infinity,
        "crown_area_px": 528,
        "bbox_w_px": 43,
        "bbox_h_px": 31
      }
    },
    {
      "type": "Feature",
      "geometry": {
        "type": "Point",
        "coordinates": [
          -76.3201349,
          40.104346
        ]
      },
      "properties": {
        "tree_id": "DINOV3_0069",
        "source_image": "dji_fly_20260306_173428_0001_1772836760073_photo.JPG",
        "max_height_m": Infinity,
        "mean_height_m": Infinity,
        "crown_area_px": 176,
        "bbox_w_px": 23,
        "bbox_h_px": 11
      }
    },
    {
      "type": "Feature",
      "geometry": {
        "type": "Point",
        "coordinates": [
          -76.3201058,
          40.1043411
        ]
      },
      "properties": {
        "tree_id": "DINOV3_0070",
        "source_image": "dji_fly_20260306_173428_0001_1772836760073_photo.JPG",
        "max_height_m": Infinity,
        "mean_height_m": Infinity,
        "crown_area_px": 16320,
        "bbox_w_px": 547,
        "bbox_h_px": 87
      }
    },
    {
      "type": "Feature",
      "geometry": {
        "type": "Point",
        "coordinates": [
          -76.3204967,
          40.1043442
        ]
      },
      "properties": {
        "tree_id": "DINOV3_0071",
        "source_image": "dji_fly_20260306_173428_0001_1772836760073_photo.JPG",
        "max_height_m": Infinity,
        "mean_height_m": Infinity,
        "crown_area_px": 1008,
        "bbox_w_px": 67,
        "bbox_h_px": 31
      }
    },
    {
      "type": "Feature",
      "geometry": {
        "type": "Point",
        "coordinates": [
          -76.3206706,
          40.1043327
        ]
      },
      "properties": {
        "tree_id": "DINOV3_0072",
        "source_image": "dji_fly_20260306_173428_0001_1772836760073_photo.JPG",
        "max_height_m": 21.07,
        "mean_height_m": 7.39,
        "crown_area_px": 30246,
        "bbox_w_px": 292,
        "bbox_h_px": 196
      }
    },
    {
      "type": "Feature",
      "geometry": {
        "type": "Point",
        "coordinates": [
          -76.3201862,
          40.1043435
        ]
      },
      "properties": {
        "tree_id": "DINOV3_0073",
        "source_image": "dji_fly_20260306_173428_0001_1772836760073_photo.JPG",
        "max_height_m": Infinity,
        "mean_height_m": Infinity,
        "crown_area_px": 4384,
        "bbox_w_px": 403,
        "bbox_h_px": 19
      }
    },
    {
      "type": "Feature",
      "geometry": {
        "type": "Point",
        "coordinates": [
          -76.3205192,
          40.1043419
        ]
      },
      "properties": {
        "tree_id": "DINOV3_0074",
        "source_image": "dji_fly_20260306_173428_0001_1772836760073_photo.JPG",
        "max_height_m": Infinity,
        "mean_height_m": Infinity,
        "crown_area_px": 160,
        "bbox_w_px": 15,
        "bbox_h_px": 11
      }
    },
    {
      "type": "Feature",
      "geometry": {
        "type": "Point",
        "coordinates": [
          -76.3205172,
          40.1043378
        ]
      },
      "properties": {
        "tree_id": "DINOV3_0075",
        "source_image": "dji_fly_20260306_173428_0001_1772836760073_photo.JPG",
        "max_height_m": Infinity,
        "mean_height_m": Infinity,
        "crown_area_px": 800,
        "bbox_w_px": 39,
        "bbox_h_px": 51
      }
    },
    {
      "type": "Feature",
      "geometry": {
        "type": "Point",
        "coordinates": [
          -76.3204914,
          40.1043404
        ]
      },
      "properties": {
        "tree_id": "DINOV3_0076",
        "source_image": "dji_fly_20260306_173428_0001_1772836760073_photo.JPG",
        "max_height_m": Infinity,
        "mean_height_m": Infinity,
        "crown_area_px": 192,
        "bbox_w_px": 27,
        "bbox_h_px": 11
      }
    },
    {
      "type": "Feature",
      "geometry": {
        "type": "Point",
        "coordinates": [
          -76.320453,
          40.1043399
        ]
      },
      "properties": {
        "tree_id": "DINOV3_0077",
        "source_image": "dji_fly_20260306_173428_0001_1772836760073_photo.JPG",
        "max_height_m": Infinity,
        "mean_height_m": Infinity,
        "crown_area_px": 176,
        "bbox_w_px": 19,
        "bbox_h_px": 11
      }
    },
    {
      "type": "Feature",
      "geometry": {
        "type": "Point",
        "coordinates": [
          -76.3205266,
          40.1043386
        ]
      },
      "properties": {
        "tree_id": "DINOV3_0078",
        "source_image": "dji_fly_20260306_173428_0001_1772836760073_photo.JPG",
        "max_height_m": Infinity,
        "mean_height_m": Infinity,
        "crown_area_px": 416,
        "bbox_w_px": 39,
        "bbox_h_px": 23
      }
    },
    {
      "type": "Feature",
      "geometry": {
        "type": "Point",
        "coordinates": [
          -76.320162,
          40.1043396
        ]
      },
      "properties": {
        "tree_id": "DINOV3_0079",
        "source_image": "dji_fly_20260306_173428_0001_1772836760073_photo.JPG",
        "max_height_m": Infinity,
        "mean_height_m": Infinity,
        "crown_area_px": 272,
        "bbox_w_px": 43,
        "bbox_h_px": 7
      }
    },
    {
      "type": "Feature",
      "geometry": {
        "type": "Point",
        "coordinates": [
          -76.3200746,
          40.1043363
        ]
      },
      "properties": {
        "tree_id": "DINOV3_0080",
        "source_image": "dji_fly_20260306_173428_0001_1772836760073_photo.JPG",
        "max_height_m": Infinity,
        "mean_height_m": Infinity,
        "crown_area_px": 944,
        "bbox_w_px": 63,
        "bbox_h_px": 27
      }
    },
    {
      "type": "Feature",
      "geometry": {
        "type": "Point",
        "coordinates": [
          -76.3204644,
          40.104336
        ]
      },
      "properties": {
        "tree_id": "DINOV3_0081",
        "source_image": "dji_fly_20260306_173428_0001_1772836760073_photo.JPG",
        "max_height_m": Infinity,
        "mean_height_m": Infinity,
        "crown_area_px": 1280,
        "bbox_w_px": 75,
        "bbox_h_px": 23
      }
    },
    {
      "type": "Feature",
      "geometry": {
        "type": "Point",
        "coordinates": [
          -76.3205239,
          40.104336
        ]
      },
      "properties": {
        "tree_id": "DINOV3_0082",
        "source_image": "dji_fly_20260306_173428_0001_1772836760073_photo.JPG",
        "max_height_m": Infinity,
        "mean_height_m": Infinity,
        "crown_area_px": 304,
        "bbox_w_px": 23,
        "bbox_h_px": 15
      }
    },
    {
      "type": "Feature",
      "geometry": {
        "type": "Point",
        "coordinates": [
          -76.3204994,
          40.1043319
        ]
      },
      "properties": {
        "tree_id": "DINOV3_0083",
        "source_image": "dji_fly_20260306_173428_0001_1772836760073_photo.JPG",
        "max_height_m": Infinity,
        "mean_height_m": Infinity,
        "crown_area_px": 2912,
        "bbox_w_px": 75,
        "bbox_h_px": 79
      }
    },
    {
      "type": "Feature",
      "geometry": {
        "type": "Point",
        "coordinates": [
          -76.3205346,
          40.1043283
        ]
      },
      "properties": {
        "tree_id": "DINOV3_0084",
        "source_image": "dji_fly_20260306_173428_0001_1772836760073_photo.JPG",
        "max_height_m": Infinity,
        "mean_height_m": Infinity,
        "crown_area_px": 2928,
        "bbox_w_px": 103,
        "bbox_h_px": 103
      }
    },
    {
      "type": "Feature",
      "geometry": {
        "type": "Point",
        "coordinates": [
          -76.3204823,
          40.1043324
        ]
      },
      "properties": {
        "tree_id": "DINOV3_0085",
        "source_image": "dji_fly_20260306_173428_0001_1772836760073_photo.JPG",
        "max_height_m": Infinity,
        "mean_height_m": Infinity,
        "crown_area_px": 112,
        "bbox_w_px": 15,
        "bbox_h_px": 7
      }
    },
    {
      "type": "Feature",
      "geometry": {
        "type": "Point",
        "coordinates": [
          -76.3204736,
          40.1043312
        ]
      },
      "properties": {
        "tree_id": "DINOV3_0086",
        "source_image": "dji_fly_20260306_173428_0001_1772836760073_photo.JPG",
        "max_height_m": Infinity,
        "mean_height_m": Infinity,
        "crown_area_px": 368,
        "bbox_w_px": 23,
        "bbox_h_px": 27
      }
    },
    {
      "type": "Feature",
      "geometry": {
        "type": "Point",
        "coordinates": [
          -76.32045,
          40.1043299
        ]
      },
      "properties": {
        "tree_id": "DINOV3_0087",
        "source_image": "dji_fly_20260306_173428_0001_1772836760073_photo.JPG",
        "max_height_m": Infinity,
        "mean_height_m": Infinity,
        "crown_area_px": 1312,
        "bbox_w_px": 87,
        "bbox_h_px": 47
      }
    },
    {
      "type": "Feature",
      "geometry": {
        "type": "Point",
        "coordinates": [
          -76.3202497,
          40.1043314
        ]
      },
      "properties": {
        "tree_id": "DINOV3_0088",
        "source_image": "dji_fly_20260306_173428_0001_1772836760073_photo.JPG",
        "max_height_m": Infinity,
        "mean_height_m": Infinity,
        "crown_area_px": 480,
        "bbox_w_px": 39,
        "bbox_h_px": 23
      }
    },
    {
      "type": "Feature",
      "geometry": {
        "type": "Point",
        "coordinates": [
          -76.3201088,
          40.1043233
        ]
      },
      "properties": {
        "tree_id": "DINOV3_0089",
        "source_image": "dji_fly_20260306_173428_0001_1772836760073_photo.JPG",
        "max_height_m": Infinity,
        "mean_height_m": Infinity,
        "crown_area_px": 11812,
        "bbox_w_px": 151,
        "bbox_h_px": 132
      }
    },
    {
      "type": "Feature",
      "geometry": {
        "type": "Point",
        "coordinates": [
          -76.320219,
          40.1043294
        ]
      },
      "properties": {
        "tree_id": "DINOV3_0090",
        "source_image": "dji_fly_20260306_173428_0001_1772836760073_photo.JPG",
        "max_height_m": Infinity,
        "mean_height_m": Infinity,
        "crown_area_px": 720,
        "bbox_w_px": 59,
        "bbox_h_px": 15
      }
    },
    {
      "type": "Feature",
      "geometry": {
        "type": "Point",
        "coordinates": [
          -76.3200974,
          40.1043299
        ]
      },
      "properties": {
        "tree_id": "DINOV3_0091",
        "source_image": "dji_fly_20260306_173428_0001_1772836760073_photo.JPG",
        "max_height_m": Infinity,
        "mean_height_m": Infinity,
        "crown_area_px": 160,
        "bbox_w_px": 23,
        "bbox_h_px": 7
      }
    },
    {
      "type": "Feature",
      "geometry": {
        "type": "Point",
        "coordinates": [
          -76.3205989,
          40.1043288
        ]
      },
      "properties": {
        "tree_id": "DINOV3_0092",
        "source_image": "dji_fly_20260306_173428_0001_1772836760073_photo.JPG",
        "max_height_m": Infinity,
        "mean_height_m": Infinity,
        "crown_area_px": 272,
        "bbox_w_px": 23,
        "bbox_h_px": 15
      }
    },
    {
      "type": "Feature",
      "geometry": {
        "type": "Point",
        "coordinates": [
          -76.3201868,
          40.1043283
        ]
      },
      "properties": {
        "tree_id": "DINOV3_0093",
        "source_image": "dji_fly_20260306_173428_0001_1772836760073_photo.JPG",
        "max_height_m": Infinity,
        "mean_height_m": Infinity,
        "crown_area_px": 464,
        "bbox_w_px": 43,
        "bbox_h_px": 15
      }
    },
    {
      "type": "Feature",
      "geometry": {
        "type": "Point",
        "coordinates": [
          -76.3201517,
          40.1043271
        ]
      },
      "properties": {
        "tree_id": "DINOV3_0094",
        "source_image": "dji_fly_20260306_173428_0001_1772836760073_photo.JPG",
        "max_height_m": Infinity,
        "mean_height_m": Infinity,
        "crown_area_px": 976,
        "bbox_w_px": 79,
        "bbox_h_px": 19
      }
    },
    {
      "type": "Feature",
      "geometry": {
        "type": "Point",
        "coordinates": [
          -76.320549,
          40.1043228
        ]
      },
      "properties": {
        "tree_id": "DINOV3_0095",
        "source_image": "dji_fly_20260306_173428_0001_1772836760073_photo.JPG",
        "max_height_m": Infinity,
        "mean_height_m": Infinity,
        "crown_area_px": 1132,
        "bbox_w_px": 83,
        "bbox_h_px": 52
      }
    },
    {
      "type": "Feature",
      "geometry": {
        "type": "Point",
        "coordinates": [
          -76.3200672,
          40.1043258
        ]
      },
      "properties": {
        "tree_id": "DINOV3_0096",
        "source_image": "dji_fly_20260306_173428_0001_1772836760073_photo.JPG",
        "max_height_m": Infinity,
        "mean_height_m": Infinity,
        "crown_area_px": 112,
        "bbox_w_px": 23,
        "bbox_h_px": 7
      }
    },
    {
      "type": "Feature",
      "geometry": {
        "type": "Point",
        "coordinates": [
          -76.3204827,
          40.1043223
        ]
      },
      "properties": {
        "tree_id": "DINOV3_0097",
        "source_image": "dji_fly_20260306_173428_0001_1772836760073_photo.JPG",
        "max_height_m": Infinity,
        "mean_height_m": Infinity,
        "crown_area_px": 1520,
        "bbox_w_px": 59,
        "bbox_h_px": 52
      }
    },
    {
      "type": "Feature",
      "geometry": {
        "type": "Point",
        "coordinates": [
          -76.3205547,
          40.1043242
        ]
      },
      "properties": {
        "tree_id": "DINOV3_0098",
        "source_image": "dji_fly_20260306_173428_0001_1772836760073_photo.JPG",
        "max_height_m": Infinity,
        "mean_height_m": Infinity,
        "crown_area_px": 192,
        "bbox_w_px": 23,
        "bbox_h_px": 15
      }
    },
    {
      "type": "Feature",
      "geometry": {
        "type": "Point",
        "coordinates": [
          -76.320684,
          40.1043223
        ]
      },
      "properties": {
        "tree_id": "DINOV3_0099",
        "source_image": "dji_fly_20260306_173428_0001_1772836760073_photo.JPG",
        "max_height_m": Infinity,
        "mean_height_m": Infinity,
        "crown_area_px": 608,
        "bbox_w_px": 31,
        "bbox_h_px": 20
      }
    },
    {
      "type": "Feature",
      "geometry": {
        "type": "Point",
        "coordinates": [
          -76.3206971,
          40.1043199
        ]
      },
      "properties": {
        "tree_id": "DINOV3_0100",
        "source_image": "dji_fly_20260306_173428_0001_1772836760073_photo.JPG",
        "max_height_m": 1.92,
        "mean_height_m": 1.19,
        "crown_area_px": 633,
        "bbox_w_px": 28,
        "bbox_h_px": 34
      }
    },
    {
      "type": "Feature",
      "geometry": {
        "type": "Point",
        "coordinates": [
          -76.3206437,
          40.1043172
        ]
      },
      "properties": {
        "tree_id": "DINOV3_0101",
        "source_image": "dji_fly_20260306_173428_0001_1772836760073_photo.JPG",
        "max_height_m": 1.51,
        "mean_height_m": 1.17,
        "crown_area_px": 1497,
        "bbox_w_px": 54,
        "bbox_h_px": 41
      }
    },
    {
      "type": "Feature",
      "geometry": {
        "type": "Point",
        "coordinates": [
          -76.3201671,
          40.1043128
        ]
      },
      "properties": {
        "tree_id": "DINOV3_0102",
        "source_image": "dji_fly_20260306_173428_0001_1772836760073_photo.JPG",
        "max_height_m": Infinity,
        "mean_height_m": Infinity,
        "crown_area_px": 11072,
        "bbox_w_px": 207,
        "bbox_h_px": 103
      }
    },
    {
      "type": "Feature",
      "geometry": {
        "type": "Point",
        "coordinates": [
          -76.3202384,
          40.1043174
        ]
      },
      "properties": {
        "tree_id": "DINOV3_0103",
        "source_image": "dji_fly_20260306_173428_0001_1772836760073_photo.JPG",
        "max_height_m": Infinity,
        "mean_height_m": Infinity,
        "crown_area_px": 400,
        "bbox_w_px": 43,
        "bbox_h_px": 15
      }
    },
    {
      "type": "Feature",
      "geometry": {
        "type": "Point",
        "coordinates": [
          -76.3205517,
          40.1043169
        ]
      },
      "properties": {
        "tree_id": "DINOV3_0104",
        "source_image": "dji_fly_20260306_173428_0001_1772836760073_photo.JPG",
        "max_height_m": Infinity,
        "mean_height_m": Infinity,
        "crown_area_px": 464,
        "bbox_w_px": 35,
        "bbox_h_px": 15
      }
    },
    {
      "type": "Feature",
      "geometry": {
        "type": "Point",
        "coordinates": [
          -76.3200454,
          40.1043174
        ]
      },
      "properties": {
        "tree_id": "DINOV3_0105",
        "source_image": "dji_fly_20260306_173428_0001_1772836760073_photo.JPG",
        "max_height_m": Infinity,
        "mean_height_m": Infinity,
        "crown_area_px": 112,
        "bbox_w_px": 19,
        "bbox_h_px": 7
      }
    },
    {
      "type": "Feature",
      "geometry": {
        "type": "Point",
        "coordinates": [
          -76.32021,
          40.1043149
        ]
      },
      "properties": {
        "tree_id": "DINOV3_0106",
        "source_image": "dji_fly_20260306_173428_0001_1772836760073_photo.JPG",
        "max_height_m": Infinity,
        "mean_height_m": Infinity,
        "crown_area_px": 2240,
        "bbox_w_px": 103,
        "bbox_h_px": 31
      }
    },
    {
      "type": "Feature",
      "geometry": {
        "type": "Point",
        "coordinates": [
          -76.3204756,
          40.1043144
        ]
      },
      "properties": {
        "tree_id": "DINOV3_0107",
        "source_image": "dji_fly_20260306_173428_0001_1772836760073_photo.JPG",
        "max_height_m": Infinity,
        "mean_height_m": Infinity,
        "crown_area_px": 512,
        "bbox_w_px": 31,
        "bbox_h_px": 23
      }
    },
    {
      "type": "Feature",
      "geometry": {
        "type": "Point",
        "coordinates": [
          -76.320249,
          40.1043141
        ]
      },
      "properties": {
        "tree_id": "DINOV3_0108",
        "source_image": "dji_fly_20260306_173428_0001_1772836760073_photo.JPG",
        "max_height_m": Infinity,
        "mean_height_m": Infinity,
        "crown_area_px": 416,
        "bbox_w_px": 39,
        "bbox_h_px": 27
      }
    },
    {
      "type": "Feature",
      "geometry": {
        "type": "Point",
        "coordinates": [
          -76.3202244,
          40.1043115
        ]
      },
      "properties": {
        "tree_id": "DINOV3_0109",
        "source_image": "dji_fly_20260306_173428_0001_1772836760073_photo.JPG",
        "max_height_m": Infinity,
        "mean_height_m": Infinity,
        "crown_area_px": 1632,
        "bbox_w_px": 67,
        "bbox_h_px": 35
      }
    },
    {
      "type": "Feature",
      "geometry": {
        "type": "Point",
        "coordinates": [
          -76.3201888,
          40.1043128
        ]
      },
      "properties": {
        "tree_id": "DINOV3_0110",
        "source_image": "dji_fly_20260306_173428_0001_1772836760073_photo.JPG",
        "max_height_m": Infinity,
        "mean_height_m": Infinity,
        "crown_area_px": 400,
        "bbox_w_px": 43,
        "bbox_h_px": 15
      }
    },
    {
      "type": "Feature",
      "geometry": {
        "type": "Point",
        "coordinates": [
          -76.3204617,
          40.1043103
        ]
      },
      "properties": {
        "tree_id": "DINOV3_0111",
        "source_image": "dji_fly_20260306_173428_0001_1772836760073_photo.JPG",
        "max_height_m": Infinity,
        "mean_height_m": Infinity,
        "crown_area_px": 1360,
        "bbox_w_px": 91,
        "bbox_h_px": 31
      }
    },
    {
      "type": "Feature",
      "geometry": {
        "type": "Point",
        "coordinates": [
          -76.3205215,
          40.104309
        ]
      },
      "properties": {
        "tree_id": "DINOV3_0112",
        "source_image": "dji_fly_20260306_173428_0001_1772836760073_photo.JPG",
        "max_height_m": Infinity,
        "mean_height_m": Infinity,
        "crown_area_px": 912,
        "bbox_w_px": 35,
        "bbox_h_px": 43
      }
    },
    {
      "type": "Feature",
      "geometry": {
        "type": "Point",
        "coordinates": [
          -76.3201292,
          40.1043092
        ]
      },
      "properties": {
        "tree_id": "DINOV3_0113",
        "source_image": "dji_fly_20260306_173428_0001_1772836760073_photo.JPG",
        "max_height_m": Infinity,
        "mean_height_m": Infinity,
        "crown_area_px": 2368,
        "bbox_w_px": 115,
        "bbox_h_px": 31
      }
    },
    {
      "type": "Feature",
      "geometry": {
        "type": "Point",
        "coordinates": [
          -76.3202507,
          40.1043087
        ]
      },
      "properties": {
        "tree_id": "DINOV3_0114",
        "source_image": "dji_fly_20260306_173428_0001_1772836760073_photo.JPG",
        "max_height_m": Infinity,
        "mean_height_m": Infinity,
        "crown_area_px": 560,
        "bbox_w_px": 43,
        "bbox_h_px": 15
      }
    },
    {
      "type": "Feature",
      "geometry": {
        "type": "Point",
        "coordinates": [
          -76.3201429,
          40.104299
        ]
      },
      "properties": {
        "tree_id": "DINOV3_0115",
        "source_image": "dji_fly_20260306_173428_0001_1772836760073_photo.JPG",
        "max_height_m": Infinity,
        "mean_height_m": Infinity,
        "crown_area_px": 6144,
        "bbox_w_px": 119,
        "bbox_h_px": 103
      }
    },
    {
      "type": "Feature",
      "geometry": {
        "type": "Point",
        "coordinates": [
          -76.3200434,
          40.1042998
        ]
      },
      "properties": {
        "tree_id": "DINOV3_0116",
        "source_image": "dji_fly_20260306_173428_0001_1772836760073_photo.JPG",
        "max_height_m": Infinity,
        "mean_height_m": Infinity,
        "crown_area_px": 416,
        "bbox_w_px": 43,
        "bbox_h_px": 11
      }
    },
    {
      "type": "Feature",
      "geometry": {
        "type": "Point",
        "coordinates": [
          -76.3200645,
          40.104299
        ]
      },
      "properties": {
        "tree_id": "DINOV3_0117",
        "source_image": "dji_fly_20260306_173428_0001_1772836760073_photo.JPG",
        "max_height_m": Infinity,
        "mean_height_m": Infinity,
        "crown_area_px": 320,
        "bbox_w_px": 47,
        "bbox_h_px": 7
      }
    },
    {
      "type": "Feature",
      "geometry": {
        "type": "Point",
        "coordinates": [
          -76.3200183,
          40.1042731
        ]
      },
      "properties": {
        "tree_id": "DINOV3_0118",
        "source_image": "dji_fly_20260306_173428_0001_1772836760073_photo.JPG",
        "max_height_m": Infinity,
        "mean_height_m": Infinity,
        "crown_area_px": 4528,
        "bbox_w_px": 55,
        "bbox_h_px": 379
      }
    },
    {
      "type": "Feature",
      "geometry": {
        "type": "Point",
        "coordinates": [
          -76.3206636,
          40.104291
        ]
      },
      "properties": {
        "tree_id": "DINOV3_0119",
        "source_image": "dji_fly_20260306_173428_0001_1772836760073_photo.JPG",
        "max_height_m": Infinity,
        "mean_height_m": Infinity,
        "crown_area_px": 288,
        "bbox_w_px": 27,
        "bbox_h_px": 19
      }
    },
    {
      "type": "Feature",
      "geometry": {
        "type": "Point",
        "coordinates": [
          -76.3200401,
          40.1042882
        ]
      },
      "properties": {
        "tree_id": "DINOV3_0120",
        "source_image": "dji_fly_20260306_173428_0001_1772836760073_photo.JPG",
        "max_height_m": Infinity,
        "mean_height_m": Infinity,
        "crown_area_px": 544,
        "bbox_w_px": 51,
        "bbox_h_px": 15
      }
    },
    {
      "type": "Feature",
      "geometry": {
        "type": "Point",
        "coordinates": [
          -76.3206515,
          40.1042772
        ]
      },
      "properties": {
        "tree_id": "DINOV3_0121",
        "source_image": "dji_fly_20260306_173428_0001_1772836760073_photo.JPG",
        "max_height_m": Infinity,
        "mean_height_m": Infinity,
        "crown_area_px": 3120,
        "bbox_w_px": 75,
        "bbox_h_px": 67
      }
    },
    {
      "type": "Feature",
      "geometry": {
        "type": "Point",
        "coordinates": [
          -76.3205735,
          40.1042803
        ]
      },
      "properties": {
        "tree_id": "DINOV3_0122",
        "source_image": "dji_fly_20260306_173428_0001_1772836760073_photo.JPG",
        "max_height_m": Infinity,
        "mean_height_m": Infinity,
        "crown_area_px": 352,
        "bbox_w_px": 23,
        "bbox_h_px": 19
      }
    },
    {
      "type": "Feature",
      "geometry": {
        "type": "Point",
        "coordinates": [
          -76.3205758,
          40.104277
        ]
      },
      "properties": {
        "tree_id": "DINOV3_0123",
        "source_image": "dji_fly_20260306_173428_0001_1772836760073_photo.JPG",
        "max_height_m": Infinity,
        "mean_height_m": Infinity,
        "crown_area_px": 240,
        "bbox_w_px": 19,
        "bbox_h_px": 15
      }
    },
    {
      "type": "Feature",
      "geometry": {
        "type": "Point",
        "coordinates": [
          -76.3205839,
          40.1042713
        ]
      },
      "properties": {
        "tree_id": "DINOV3_0124",
        "source_image": "dji_fly_20260306_173428_0001_1772836760073_photo.JPG",
        "max_height_m": Infinity,
        "mean_height_m": Infinity,
        "crown_area_px": 176,
        "bbox_w_px": 11,
        "bbox_h_px": 23
      }
    },
    {
      "type": "Feature",
      "geometry": {
        "type": "Point",
        "coordinates": [
          -76.3205812,
          40.1042682
        ]
      },
      "properties": {
        "tree_id": "DINOV3_0125",
        "source_image": "dji_fly_20260306_173428_0001_1772836760073_photo.JPG",
        "max_height_m": Infinity,
        "mean_height_m": Infinity,
        "crown_area_px": 448,
        "bbox_w_px": 27,
        "bbox_h_px": 39
      }
    },
    {
      "type": "Feature",
      "geometry": {
        "type": "Point",
        "coordinates": [
          -76.3200153,
          40.1042107
        ]
      },
      "properties": {
        "tree_id": "DINOV3_0126",
        "source_image": "dji_fly_20260306_173428_0001_1772836760073_photo.JPG",
        "max_height_m": Infinity,
        "mean_height_m": Infinity,
        "crown_area_px": 2932,
        "bbox_w_px": 19,
        "bbox_h_px": 552
      }
    },
    {
      "type": "Feature",
      "geometry": {
        "type": "Point",
        "coordinates": [
          -76.320684,
          40.104236
        ]
      },
      "properties": {
        "tree_id": "DINOV3_0127",
        "source_image": "dji_fly_20260306_173428_0001_1772836760073_photo.JPG",
        "max_height_m": Infinity,
        "mean_height_m": Infinity,
        "crown_area_px": 272,
        "bbox_w_px": 15,
        "bbox_h_px": 23
      }
    },
    {
      "type": "Feature",
      "geometry": {
        "type": "Point",
        "coordinates": [
          -76.3201252,
          40.1042352
        ]
      },
      "properties": {
        "tree_id": "DINOV3_0128",
        "source_image": "dji_fly_20260306_173428_0001_1772836760073_photo.JPG",
        "max_height_m": Infinity,
        "mean_height_m": Infinity,
        "crown_area_px": 112,
        "bbox_w_px": 11,
        "bbox_h_px": 11
      }
    },
    {
      "type": "Feature",
      "geometry": {
        "type": "Point",
        "coordinates": [
          -76.3201898,
          40.104227
        ]
      },
      "properties": {
        "tree_id": "DINOV3_0129",
        "source_image": "dji_fly_20260306_173428_0001_1772836760073_photo.JPG",
        "max_height_m": Infinity,
        "mean_height_m": Infinity,
        "crown_area_px": 160,
        "bbox_w_px": 15,
        "bbox_h_px": 19
      }
    },
    {
      "type": "Feature",
      "geometry": {
        "type": "Point",
        "coordinates": [
          -76.3201862,
          40.1042237
        ]
      },
      "properties": {
        "tree_id": "DINOV3_0130",
        "source_image": "dji_fly_20260306_173428_0001_1772836760073_photo.JPG",
        "max_height_m": Infinity,
        "mean_height_m": Infinity,
        "crown_area_px": 176,
        "bbox_w_px": 19,
        "bbox_h_px": 15
      }
    },
    {
      "type": "Feature",
      "geometry": {
        "type": "Point",
        "coordinates": [
          -76.3200595,
          40.1042196
        ]
      },
      "properties": {
        "tree_id": "DINOV3_0131",
        "source_image": "dji_fly_20260306_173428_0001_1772836760073_photo.JPG",
        "max_height_m": Infinity,
        "mean_height_m": Infinity,
        "crown_area_px": 144,
        "bbox_w_px": 19,
        "bbox_h_px": 15
      }
    },
    {
      "type": "Feature",
      "geometry": {
        "type": "Point",
        "coordinates": [
          -76.3201801,
          40.1042162
        ]
      },
      "properties": {
        "tree_id": "DINOV3_0132",
        "source_image": "dji_fly_20260306_173428_0001_1772836760073_photo.JPG",
        "max_height_m": Infinity,
        "mean_height_m": Infinity,
        "crown_area_px": 192,
        "bbox_w_px": 19,
        "bbox_h_px": 19
      }
    },
    {
      "type": "Feature",
      "geometry": {
        "type": "Point",
        "coordinates": [
          -76.3201771,
          40.1042119
        ]
      },
      "properties": {
        "tree_id": "DINOV3_0133",
        "source_image": "dji_fly_20260306_173428_0001_1772836760073_photo.JPG",
        "max_height_m": Infinity,
        "mean_height_m": Infinity,
        "crown_area_px": 160,
        "bbox_w_px": 15,
        "bbox_h_px": 23
      }
    },
    {
      "type": "Feature",
      "geometry": {
        "type": "Point",
        "coordinates": [
          -76.3201661,
          40.1041991
        ]
      },
      "properties": {
        "tree_id": "DINOV3_0134",
        "source_image": "dji_fly_20260306_173428_0001_1772836760073_photo.JPG",
        "max_height_m": Infinity,
        "mean_height_m": Infinity,
        "crown_area_px": 128,
        "bbox_w_px": 11,
        "bbox_h_px": 15
      }
    },
    {
      "type": "Feature",
      "geometry": {
        "type": "Point",
        "coordinates": [
          -76.3206991,
          40.1041761
        ]
      },
      "properties": {
        "tree_id": "DINOV3_0135",
        "source_image": "dji_fly_20260306_173428_0001_1772836760073_photo.JPG",
        "max_height_m": Infinity,
        "mean_height_m": Infinity,
        "crown_area_px": 592,
        "bbox_w_px": 3,
        "bbox_h_px": 147
      }
    },
    {
      "type": "Feature",
      "geometry": {
        "type": "Point",
        "coordinates": [
          -76.3205942,
          40.104172
        ]
      },
      "properties": {
        "tree_id": "DINOV3_0136",
        "source_image": "dji_fly_20260306_173428_0001_1772836760073_photo.JPG",
        "max_height_m": Infinity,
        "mean_height_m": Infinity,
        "crown_area_px": 1136,
        "bbox_w_px": 39,
        "bbox_h_px": 51
      }
    },
    {
      "type": "Feature",
      "geometry": {
        "type": "Point",
        "coordinates": [
          -76.320015,
          40.1041484
        ]
      },
      "properties": {
        "tree_id": "DINOV3_0137",
        "source_image": "dji_fly_20260306_173428_0001_1772836760073_photo.JPG",
        "max_height_m": Infinity,
        "mean_height_m": Infinity,
        "crown_area_px": 1984,
        "bbox_w_px": 15,
        "bbox_h_px": 363
      }
    },
    {
      "type": "Feature",
      "geometry": {
        "type": "Point",
        "coordinates": [
          -76.3206003,
          40.1041697
        ]
      },
      "properties": {
        "tree_id": "DINOV3_0138",
        "source_image": "dji_fly_20260306_173428_0001_1772836760073_photo.JPG",
        "max_height_m": Infinity,
        "mean_height_m": Infinity,
        "crown_area_px": 144,
        "bbox_w_px": 15,
        "bbox_h_px": 15
      }
    },
    {
      "type": "Feature",
      "geometry": {
        "type": "Point",
        "coordinates": [
          -76.32002,
          40.1041674
        ]
      },
      "properties": {
        "tree_id": "DINOV3_0139",
        "source_image": "dji_fly_20260306_173428_0001_1772836760073_photo.JPG",
        "max_height_m": Infinity,
        "mean_height_m": Infinity,
        "crown_area_px": 384,
        "bbox_w_px": 27,
        "bbox_h_px": 19
      }
    },
    {
      "type": "Feature",
      "geometry": {
        "type": "Point",
        "coordinates": [
          -76.3206023,
          40.1041636
        ]
      },
      "properties": {
        "tree_id": "DINOV3_0140",
        "source_image": "dji_fly_20260306_173428_0001_1772836760073_photo.JPG",
        "max_height_m": Infinity,
        "mean_height_m": Infinity,
        "crown_area_px": 672,
        "bbox_w_px": 47,
        "bbox_h_px": 31
      }
    },
    {
      "type": "Feature",
      "geometry": {
        "type": "Point",
        "coordinates": [
          -76.3201326,
          40.1041618
        ]
      },
      "properties": {
        "tree_id": "DINOV3_0141",
        "source_image": "dji_fly_20260306_173428_0001_1772836760073_photo.JPG",
        "max_height_m": Infinity,
        "mean_height_m": Infinity,
        "crown_area_px": 272,
        "bbox_w_px": 27,
        "bbox_h_px": 27
      }
    },
    {
      "type": "Feature",
      "geometry": {
        "type": "Point",
        "coordinates": [
          -76.3205738,
          40.1041605
        ]
      },
      "properties": {
        "tree_id": "DINOV3_0142",
        "source_image": "dji_fly_20260306_173428_0001_1772836760073_photo.JPG",
        "max_height_m": Infinity,
        "mean_height_m": Infinity,
        "crown_area_px": 1920,
        "bbox_w_px": 75,
        "bbox_h_px": 39
      }
    },
    {
      "type": "Feature",
      "geometry": {
        "type": "Point",
        "coordinates": [
          -76.3205634,
          40.1041613
        ]
      },
      "properties": {
        "tree_id": "DINOV3_0143",
        "source_image": "dji_fly_20260306_173428_0001_1772836760073_photo.JPG",
        "max_height_m": Infinity,
        "mean_height_m": Infinity,
        "crown_area_px": 128,
        "bbox_w_px": 15,
        "bbox_h_px": 11
      }
    },
    {
      "type": "Feature",
      "geometry": {
        "type": "Point",
        "coordinates": [
          -76.320096,
          40.1041597
        ]
      },
      "properties": {
        "tree_id": "DINOV3_0144",
        "source_image": "dji_fly_20260306_173428_0001_1772836760073_photo.JPG",
        "max_height_m": Infinity,
        "mean_height_m": Infinity,
        "crown_area_px": 480,
        "bbox_w_px": 31,
        "bbox_h_px": 35
      }
    },
    {
      "type": "Feature",
      "geometry": {
        "type": "Point",
        "coordinates": [
          -76.320019,
          40.1041605
        ]
      },
      "properties": {
        "tree_id": "DINOV3_0145",
        "source_image": "dji_fly_20260306_173428_0001_1772836760073_photo.JPG",
        "max_height_m": Infinity,
        "mean_height_m": Infinity,
        "crown_area_px": 240,
        "bbox_w_px": 23,
        "bbox_h_px": 15
      }
    },
    {
      "type": "Feature",
      "geometry": {
        "type": "Point",
        "coordinates": [
          -76.3205926,
          40.1041551
        ]
      },
      "properties": {
        "tree_id": "DINOV3_0146",
        "source_image": "dji_fly_20260306_173428_0001_1772836760073_photo.JPG",
        "max_height_m": Infinity,
        "mean_height_m": Infinity,
        "crown_area_px": 336,
        "bbox_w_px": 19,
        "bbox_h_px": 27
      }
    },
    {
      "type": "Feature",
      "geometry": {
        "type": "Point",
        "coordinates": [
          -76.32009,
          40.1041538
        ]
      },
      "properties": {
        "tree_id": "DINOV3_0147",
        "source_image": "dji_fly_20260306_173428_0001_1772836760073_photo.JPG",
        "max_height_m": Infinity,
        "mean_height_m": Infinity,
        "crown_area_px": 1248,
        "bbox_w_px": 47,
        "bbox_h_px": 39
      }
    },
    {
      "type": "Feature",
      "geometry": {
        "type": "Point",
        "coordinates": [
          -76.3205678,
          40.1041418
        ]
      },
      "properties": {
        "tree_id": "DINOV3_0148",
        "source_image": "dji_fly_20260306_173428_0001_1772836760073_photo.JPG",
        "max_height_m": Infinity,
        "mean_height_m": Infinity,
        "crown_area_px": 9344,
        "bbox_w_px": 123,
        "bbox_h_px": 195
      }
    },
    {
      "type": "Feature",
      "geometry": {
        "type": "Point",
        "coordinates": [
          -76.3206522,
          40.104152
        ]
      },
      "properties": {
        "tree_id": "DINOV3_0149",
        "source_image": "dji_fly_20260306_173428_0001_1772836760073_photo.JPG",
        "max_height_m": Infinity,
        "mean_height_m": Infinity,
        "crown_area_px": 192,
        "bbox_w_px": 19,
        "bbox_h_px": 11
      }
    },
    {
      "type": "Feature",
      "geometry": {
        "type": "Point",
        "coordinates": [
          -76.3205892,
          40.104149
        ]
      },
      "properties": {
        "tree_id": "DINOV3_0150",
        "source_image": "dji_fly_20260306_173428_0001_1772836760073_photo.JPG",
        "max_height_m": Infinity,
        "mean_height_m": Infinity,
        "crown_area_px": 2496,
        "bbox_w_px": 131,
        "bbox_h_px": 59
      }
    },
    {
      "type": "Feature",
      "geometry": {
        "type": "Point",
        "coordinates": [
          -76.3205828,
          40.1041459
        ]
      },
      "properties": {
        "tree_id": "DINOV3_0151",
        "source_image": "dji_fly_20260306_173428_0001_1772836760073_photo.JPG",
        "max_height_m": Infinity,
        "mean_height_m": Infinity,
        "crown_area_px": 432,
        "bbox_w_px": 31,
        "bbox_h_px": 19
      }
    },
    {
      "type": "Feature",
      "geometry": {
        "type": "Point",
        "coordinates": [
          -76.3200779,
          40.104141
        ]
      },
      "properties": {
        "tree_id": "DINOV3_0152",
        "source_image": "dji_fly_20260306_173428_0001_1772836760073_photo.JPG",
        "max_height_m": Infinity,
        "mean_height_m": Infinity,
        "crown_area_px": 6944,
        "bbox_w_px": 119,
        "bbox_h_px": 95
      }
    },
    {
      "type": "Feature",
      "geometry": {
        "type": "Point",
        "coordinates": [
          -76.320677,
          40.1041028
        ]
      },
      "properties": {
        "tree_id": "DINOV3_0153",
        "source_image": "dji_fly_20260306_173428_0001_1772836760073_photo.JPG",
        "max_height_m": Infinity,
        "mean_height_m": Infinity,
        "crown_area_px": 44976,
        "bbox_w_px": 267,
        "bbox_h_px": 683
      }
    },
    {
      "type": "Feature",
      "geometry": {
        "type": "Point",
        "coordinates": [
          -76.3206334,
          40.1041428
        ]
      },
      "properties": {
        "tree_id": "DINOV3_0154",
        "source_image": "dji_fly_20260306_173428_0001_1772836760073_photo.JPG",
        "max_height_m": Infinity,
        "mean_height_m": Infinity,
        "crown_area_px": 176,
        "bbox_w_px": 19,
        "bbox_h_px": 11
      }
    },
    {
      "type": "Feature",
      "geometry": {
        "type": "Point",
        "coordinates": [
          -76.3206418,
          40.1041372
        ]
      },
      "properties": {
        "tree_id": "DINOV3_0155",
        "source_image": "dji_fly_20260306_173428_0001_1772836760073_photo.JPG",
        "max_height_m": Infinity,
        "mean_height_m": Infinity,
        "crown_area_px": 1552,
        "bbox_w_px": 47,
        "bbox_h_px": 51
      }
    },
    {
      "type": "Feature",
      "geometry": {
        "type": "Point",
        "coordinates": [
          -76.3205983,
          40.1041379
        ]
      },
      "properties": {
        "tree_id": "DINOV3_0156",
        "source_image": "dji_fly_20260306_173428_0001_1772836760073_photo.JPG",
        "max_height_m": Infinity,
        "mean_height_m": Infinity,
        "crown_area_px": 1360,
        "bbox_w_px": 63,
        "bbox_h_px": 39
      }
    },
    {
      "type": "Feature",
      "geometry": {
        "type": "Point",
        "coordinates": [
          -76.3200207,
          40.1041356
        ]
      },
      "properties": {
        "tree_id": "DINOV3_0157",
        "source_image": "dji_fly_20260306_173428_0001_1772836760073_photo.JPG",
        "max_height_m": Infinity,
        "mean_height_m": Infinity,
        "crown_area_px": 144,
        "bbox_w_px": 19,
        "bbox_h_px": 11
      }
    },
    {
      "type": "Feature",
      "geometry": {
        "type": "Point",
        "coordinates": [
          -76.320616,
          40.1041223
        ]
      },
      "properties": {
        "tree_id": "DINOV3_0158",
        "source_image": "dji_fly_20260306_173428_0001_1772836760073_photo.JPG",
        "max_height_m": Infinity,
        "mean_height_m": Infinity,
        "crown_area_px": 10832,
        "bbox_w_px": 211,
        "bbox_h_px": 179
      }
    },
    {
      "type": "Feature",
      "geometry": {
        "type": "Point",
        "coordinates": [
          -76.3205926,
          40.1041274
        ]
      },
      "properties": {
        "tree_id": "DINOV3_0159",
        "source_image": "dji_fly_20260306_173428_0001_1772836760073_photo.JPG",
        "max_height_m": Infinity,
        "mean_height_m": Infinity,
        "crown_area_px": 8960,
        "bbox_w_px": 171,
        "bbox_h_px": 99
      }
    },
    {
      "type": "Feature",
      "geometry": {
        "type": "Point",
        "coordinates": [
          -76.3206572,
          40.1041323
        ]
      },
      "properties": {
        "tree_id": "DINOV3_0160",
        "source_image": "dji_fly_20260306_173428_0001_1772836760073_photo.JPG",
        "max_height_m": Infinity,
        "mean_height_m": Infinity,
        "crown_area_px": 256,
        "bbox_w_px": 23,
        "bbox_h_px": 15
      }
    },
    {
      "type": "Feature",
      "geometry": {
        "type": "Point",
        "coordinates": [
          -76.3205661,
          40.1041274
        ]
      },
      "properties": {
        "tree_id": "DINOV3_0161",
        "source_image": "dji_fly_20260306_173428_0001_1772836760073_photo.JPG",
        "max_height_m": Infinity,
        "mean_height_m": Infinity,
        "crown_area_px": 224,
        "bbox_w_px": 15,
        "bbox_h_px": 19
      }
    },
    {
      "type": "Feature",
      "geometry": {
        "type": "Point",
        "coordinates": [
          -76.3206492,
          40.1041208
        ]
      },
      "properties": {
        "tree_id": "DINOV3_0162",
        "source_image": "dji_fly_20260306_173428_0001_1772836760073_photo.JPG",
        "max_height_m": Infinity,
        "mean_height_m": Infinity,
        "crown_area_px": 592,
        "bbox_w_px": 31,
        "bbox_h_px": 27
      }
    },
    {
      "type": "Feature",
      "geometry": {
        "type": "Point",
        "coordinates": [
          -76.3205812,
          40.10412
        ]
      },
      "properties": {
        "tree_id": "DINOV3_0163",
        "source_image": "dji_fly_20260306_173428_0001_1772836760073_photo.JPG",
        "max_height_m": Infinity,
        "mean_height_m": Infinity,
        "crown_area_px": 192,
        "bbox_w_px": 19,
        "bbox_h_px": 15
      }
    },
    {
      "type": "Feature",
      "geometry": {
        "type": "Point",
        "coordinates": [
          -76.3200836,
          40.1041169
        ]
      },
      "properties": {
        "tree_id": "DINOV3_0164",
        "source_image": "dji_fly_20260306_173428_0001_1772836760073_photo.JPG",
        "max_height_m": Infinity,
        "mean_height_m": Infinity,
        "crown_area_px": 224,
        "bbox_w_px": 11,
        "bbox_h_px": 23
      }
    },
    {
      "type": "Feature",
      "geometry": {
        "type": "Point",
        "coordinates": [
          -76.3200166,
          40.10411
        ]
      },
      "properties": {
        "tree_id": "DINOV3_0165",
        "source_image": "dji_fly_20260306_173428_0001_1772836760073_photo.JPG",
        "max_height_m": Infinity,
        "mean_height_m": Infinity,
        "crown_area_px": 1248,
        "bbox_w_px": 35,
        "bbox_h_px": 107
      }
    },
    {
      "type": "Feature",
      "geometry": {
        "type": "Point",
        "coordinates": [
          -76.3206499,
          40.1041156
        ]
      },
      "properties": {
        "tree_id": "DINOV3_0166",
        "source_image": "dji_fly_20260306_173428_0001_1772836760073_photo.JPG",
        "max_height_m": Infinity,
        "mean_height_m": Infinity,
        "crown_area_px": 560,
        "bbox_w_px": 55,
        "bbox_h_px": 11
      }
    },
    {
      "type": "Feature",
      "geometry": {
        "type": "Point",
        "coordinates": [
          -76.3200632,
          40.1041138
        ]
      },
      "properties": {
        "tree_id": "DINOV3_0167",
        "source_image": "dji_fly_20260306_173428_0001_1772836760073_photo.JPG",
        "max_height_m": Infinity,
        "mean_height_m": Infinity,
        "crown_area_px": 448,
        "bbox_w_px": 31,
        "bbox_h_px": 23
      }
    },
    {
      "type": "Feature",
      "geometry": {
        "type": "Point",
        "coordinates": [
          -76.3200893,
          40.1041136
        ]
      },
      "properties": {
        "tree_id": "DINOV3_0168",
        "source_image": "dji_fly_20260306_173428_0001_1772836760073_photo.JPG",
        "max_height_m": Infinity,
        "mean_height_m": Infinity,
        "crown_area_px": 208,
        "bbox_w_px": 23,
        "bbox_h_px": 11
      }
    },
    {
      "type": "Feature",
      "geometry": {
        "type": "Point",
        "coordinates": [
          -76.3206492,
          40.1041126
        ]
      },
      "properties": {
        "tree_id": "DINOV3_0169",
        "source_image": "dji_fly_20260306_173428_0001_1772836760073_photo.JPG",
        "max_height_m": Infinity,
        "mean_height_m": Infinity,
        "crown_area_px": 192,
        "bbox_w_px": 23,
        "bbox_h_px": 11
      }
    },
    {
      "type": "Feature",
      "geometry": {
        "type": "Point",
        "coordinates": [
          -76.3201295,
          40.1041113
        ]
      },
      "properties": {
        "tree_id": "DINOV3_0170",
        "source_image": "dji_fly_20260306_173428_0001_1772836760073_photo.JPG",
        "max_height_m": Infinity,
        "mean_height_m": Infinity,
        "crown_area_px": 128,
        "bbox_w_px": 15,
        "bbox_h_px": 7
      }
    },
    {
      "type": "Feature",
      "geometry": {
        "type": "Point",
        "coordinates": [
          -76.3206147,
          40.1041097
        ]
      },
      "properties": {
        "tree_id": "DINOV3_0171",
        "source_image": "dji_fly_20260306_173428_0001_1772836760073_photo.JPG",
        "max_height_m": Infinity,
        "mean_height_m": Infinity,
        "crown_area_px": 272,
        "bbox_w_px": 19,
        "bbox_h_px": 15
      }
    },
    {
      "type": "Feature",
      "geometry": {
        "type": "Point",
        "coordinates": [
          -76.32054,
          40.1041072
        ]
      },
      "properties": {
        "tree_id": "DINOV3_0172",
        "source_image": "dji_fly_20260306_173428_0001_1772836760073_photo.JPG",
        "max_height_m": Infinity,
        "mean_height_m": Infinity,
        "crown_area_px": 608,
        "bbox_w_px": 39,
        "bbox_h_px": 23
      }
    },
    {
      "type": "Feature",
      "geometry": {
        "type": "Point",
        "coordinates": [
          -76.3206368,
          40.1041059
        ]
      },
      "properties": {
        "tree_id": "DINOV3_0173",
        "source_image": "dji_fly_20260306_173428_0001_1772836760073_photo.JPG",
        "max_height_m": Infinity,
        "mean_height_m": Infinity,
        "crown_area_px": 112,
        "bbox_w_px": 11,
        "bbox_h_px": 11
      }
    },
    {
      "type": "Feature",
      "geometry": {
        "type": "Point",
        "coordinates": [
          -76.320091,
          40.1041054
        ]
      },
      "properties": {
        "tree_id": "DINOV3_0174",
        "source_image": "dji_fly_20260306_173428_0001_1772836760073_photo.JPG",
        "max_height_m": Infinity,
        "mean_height_m": Infinity,
        "crown_area_px": 128,
        "bbox_w_px": 11,
        "bbox_h_px": 11
      }
    },
    {
      "type": "Feature",
      "geometry": {
        "type": "Point",
        "coordinates": [
          -76.3205969,
          40.1041015
        ]
      },
      "properties": {
        "tree_id": "DINOV3_0175",
        "source_image": "dji_fly_20260306_173428_0001_1772836760073_photo.JPG",
        "max_height_m": Infinity,
        "mean_height_m": Infinity,
        "crown_area_px": 2144,
        "bbox_w_px": 79,
        "bbox_h_px": 63
      }
    },
    {
      "type": "Feature",
      "geometry": {
        "type": "Point",
        "coordinates": [
          -76.3206284,
          40.1041005
        ]
      },
      "properties": {
        "tree_id": "DINOV3_0176",
        "source_image": "dji_fly_20260306_173428_0001_1772836760073_photo.JPG",
        "max_height_m": Infinity,
        "mean_height_m": Infinity,
        "crown_area_px": 256,
        "bbox_w_px": 23,
        "bbox_h_px": 15
      }
    },
    {
      "type": "Feature",
      "geometry": {
        "type": "Point",
        "coordinates": [
          -76.3206127,
          40.1040977
        ]
      },
      "properties": {
        "tree_id": "DINOV3_0177",
        "source_image": "dji_fly_20260306_173428_0001_1772836760073_photo.JPG",
        "max_height_m": Infinity,
        "mean_height_m": Infinity,
        "crown_area_px": 1360,
        "bbox_w_px": 75,
        "bbox_h_px": 35
      }
    },
    {
      "type": "Feature",
      "geometry": {
        "type": "Point",
        "coordinates": [
          -76.3206267,
          40.1040969
        ]
      },
      "properties": {
        "tree_id": "DINOV3_0178",
        "source_image": "dji_fly_20260306_173428_0001_1772836760073_photo.JPG",
        "max_height_m": Infinity,
        "mean_height_m": Infinity,
        "crown_area_px": 896,
        "bbox_w_px": 51,
        "bbox_h_px": 23
      }
    },
    {
      "type": "Feature",
      "geometry": {
        "type": "Point",
        "coordinates": [
          -76.320014,
          40.1040954
        ]
      },
      "properties": {
        "tree_id": "DINOV3_0179",
        "source_image": "dji_fly_20260306_173428_0001_1772836760073_photo.JPG",
        "max_height_m": Infinity,
        "mean_height_m": Infinity,
        "crown_area_px": 192,
        "bbox_w_px": 3,
        "bbox_h_px": 47
      }
    },
    {
      "type": "Feature",
      "geometry": {
        "type": "Point",
        "coordinates": [
          -76.3200676,
          40.1040954
        ]
      },
      "properties": {
        "tree_id": "DINOV3_0180",
        "source_image": "dji_fly_20260306_173428_0001_1772836760073_photo.JPG",
        "max_height_m": Infinity,
        "mean_height_m": Infinity,
        "crown_area_px": 512,
        "bbox_w_px": 35,
        "bbox_h_px": 23
      }
    },
    {
      "type": "Feature",
      "geometry": {
        "type": "Point",
        "coordinates": [
          -76.320541,
          40.1040931
        ]
      },
      "properties": {
        "tree_id": "DINOV3_0181",
        "source_image": "dji_fly_20260306_173428_0001_1772836760073_photo.JPG",
        "max_height_m": Infinity,
        "mean_height_m": Infinity,
        "crown_area_px": 1120,
        "bbox_w_px": 43,
        "bbox_h_px": 43
      }
    },
    {
      "type": "Feature",
      "geometry": {
        "type": "Point",
        "coordinates": [
          -76.3205356,
          40.1040908
        ]
      },
      "properties": {
        "tree_id": "DINOV3_0182",
        "source_image": "dji_fly_20260306_173428_0001_1772836760073_photo.JPG",
        "max_height_m": Infinity,
        "mean_height_m": Infinity,
        "crown_area_px": 240,
        "bbox_w_px": 19,
        "bbox_h_px": 15
      }
    },
    {
      "type": "Feature",
      "geometry": {
        "type": "Point",
        "coordinates": [
          -76.3206609,
          40.1040882
        ]
      },
      "properties": {
        "tree_id": "DINOV3_0183",
        "source_image": "dji_fly_20260306_173428_0001_1772836760073_photo.JPG",
        "max_height_m": Infinity,
        "mean_height_m": Infinity,
        "crown_area_px": 592,
        "bbox_w_px": 43,
        "bbox_h_px": 23
      }
    },
    {
      "type": "Feature",
      "geometry": {
        "type": "Point",
        "coordinates": [
          -76.3205835,
          40.1040867
        ]
      },
      "properties": {
        "tree_id": "DINOV3_0184",
        "source_image": "dji_fly_20260306_173428_0001_1772836760073_photo.JPG",
        "max_height_m": Infinity,
        "mean_height_m": Infinity,
        "crown_area_px": 272,
        "bbox_w_px": 23,
        "bbox_h_px": 15
      }
    },
    {
      "type": "Feature",
      "geometry": {
        "type": "Point",
        "coordinates": [
          -76.3206689,
          40.1040867
        ]
      },
      "properties": {
        "tree_id": "DINOV3_0185",
        "source_image": "dji_fly_20260306_173428_0001_1772836760073_photo.JPG",
        "max_height_m": Infinity,
        "mean_height_m": Infinity,
        "crown_area_px": 128,
        "bbox_w_px": 19,
        "bbox_h_px": 7
      }
    },
    {
      "type": "Feature",
      "geometry": {
        "type": "Point",
        "coordinates": [
          -76.3205403,
          40.1040728
        ]
      },
      "properties": {
        "tree_id": "DINOV3_0186",
        "source_image": "dji_fly_20260306_173428_0001_1772836760073_photo.JPG",
        "max_height_m": Infinity,
        "mean_height_m": Infinity,
        "crown_area_px": 40304,
        "bbox_w_px": 563,
        "bbox_h_px": 215
      }
    },
    {
      "type": "Feature",
      "geometry": {
        "type": "Point",
        "coordinates": [
          -76.3205433,
          40.1040828
        ]
      },
      "properties": {
        "tree_id": "DINOV3_0187",
        "source_image": "dji_fly_20260306_173428_0001_1772836760073_photo.JPG",
        "max_height_m": Infinity,
        "mean_height_m": Infinity,
        "crown_area_px": 1168,
        "bbox_w_px": 47,
        "bbox_h_px": 51
      }
    },
    {
      "type": "Feature",
      "geometry": {
        "type": "Point",
        "coordinates": [
          -76.320683,
          40.1040836
        ]
      },
      "properties": {
        "tree_id": "DINOV3_0188",
        "source_image": "dji_fly_20260306_173428_0001_1772836760073_photo.JPG",
        "max_height_m": Infinity,
        "mean_height_m": Infinity,
        "crown_area_px": 352,
        "bbox_w_px": 27,
        "bbox_h_px": 23
      }
    },
    {
      "type": "Feature",
      "geometry": {
        "type": "Point",
        "coordinates": [
          -76.3204142,
          40.1040846
        ]
      },
      "properties": {
        "tree_id": "DINOV3_0189",
        "source_image": "dji_fly_20260306_173428_0001_1772836760073_photo.JPG",
        "max_height_m": Infinity,
        "mean_height_m": Infinity,
        "crown_area_px": 144,
        "bbox_w_px": 27,
        "bbox_h_px": 7
      }
    },
    {
      "type": "Feature",
      "geometry": {
        "type": "Point",
        "coordinates": [
          -76.3200297,
          40.1040846
        ]
      },
      "properties": {
        "tree_id": "DINOV3_0190",
        "source_image": "dji_fly_20260306_173428_0001_1772836760073_photo.JPG",
        "max_height_m": Infinity,
        "mean_height_m": Infinity,
        "crown_area_px": 128,
        "bbox_w_px": 23,
        "bbox_h_px": 7
      }
    },
    {
      "type": "Feature",
      "geometry": {
        "type": "Point",
        "coordinates": [
          -76.3206237,
          40.1040805
        ]
      },
      "properties": {
        "tree_id": "DINOV3_0191",
        "source_image": "dji_fly_20260306_173428_0001_1772836760073_photo.JPG",
        "max_height_m": Infinity,
        "mean_height_m": Infinity,
        "crown_area_px": 320,
        "bbox_w_px": 23,
        "bbox_h_px": 23
      }
    },
    {
      "type": "Feature",
      "geometry": {
        "type": "Point",
        "coordinates": [
          -76.3205544,
          40.1040805
        ]
      },
      "properties": {
        "tree_id": "DINOV3_0192",
        "source_image": "dji_fly_20260306_173428_0001_1772836760073_photo.JPG",
        "max_height_m": Infinity,
        "mean_height_m": Infinity,
        "crown_area_px": 144,
        "bbox_w_px": 19,
        "bbox_h_px": 7
      }
    },
    {
      "type": "Feature",
      "geometry": {
        "type": "Point",
        "coordinates": [
          -76.3204054,
          40.1040795
        ]
      },
      "properties": {
        "tree_id": "DINOV3_0193",
        "source_image": "dji_fly_20260306_173428_0001_1772836760073_photo.JPG",
        "max_height_m": Infinity,
        "mean_height_m": Infinity,
        "crown_area_px": 176,
        "bbox_w_px": 19,
        "bbox_h_px": 15
      }
    },
    {
      "type": "Feature",
      "geometry": {
        "type": "Point",
        "coordinates": [
          -76.3204363,
          40.1040716
        ]
      },
      "properties": {
        "tree_id": "DINOV3_0194",
        "source_image": "dji_fly_20260306_173428_0001_1772836760073_photo.JPG",
        "max_height_m": Infinity,
        "mean_height_m": Infinity,
        "crown_area_px": 3472,
        "bbox_w_px": 179,
        "bbox_h_px": 51
      }
    },
    {
      "type": "Feature",
      "geometry": {
        "type": "Point",
        "coordinates": [
          -76.3203987,
          40.1040652
        ]
      },
      "properties": {
        "tree_id": "DINOV3_0195",
        "source_image": "dji_fly_20260306_173428_0001_1772836760073_photo.JPG",
        "max_height_m": Infinity,
        "mean_height_m": Infinity,
        "crown_area_px": 20336,
        "bbox_w_px": 787,
        "bbox_h_px": 95
      }
    },
    {
      "type": "Feature",
      "geometry": {
        "type": "Point",
        "coordinates": [
          -76.320615,
          40.1040695
        ]
      },
      "properties": {
        "tree_id": "DINOV3_0196",
        "source_image": "dji_fly_20260306_173428_0001_1772836760073_photo.JPG",
        "max_height_m": Infinity,
        "mean_height_m": Infinity,
        "crown_area_px": 112,
        "bbox_w_px": 15,
        "bbox_h_px": 11
      }
    },
    {
      "type": "Feature",
      "geometry": {
        "type": "Point",
        "coordinates": [
          -76.320605,
          40.1040616
        ]
      },
      "properties": {
        "tree_id": "DINOV3_0197",
        "source_image": "dji_fly_20260306_173428_0001_1772836760073_photo.JPG",
        "max_height_m": Infinity,
        "mean_height_m": Infinity,
        "crown_area_px": 1552,
        "bbox_w_px": 135,
        "bbox_h_px": 39
      }
    },
    {
      "type": "Feature",
      "geometry": {
        "type": "Point",
        "coordinates": [
          -76.3205815,
          40.1040628
        ]
      },
      "properties": {
        "tree_id": "DINOV3_0198",
        "source_image": "dji_fly_20260306_173428_0001_1772836760073_photo.JPG",
        "max_height_m": Infinity,
        "mean_height_m": Infinity,
        "crown_area_px": 176,
        "bbox_w_px": 23,
        "bbox_h_px": 11
      }
    },
    {
      "type": "Feature",
      "geometry": {
        "type": "Point",
        "coordinates": [
          -76.3204743,
          40.1040595
        ]
      },
      "properties": {
        "tree_id": "DINOV3_0199",
        "source_image": "dji_fly_20260306_173428_0001_1772836760073_photo.JPG",
        "max_height_m": Infinity,
        "mean_height_m": Infinity,
        "crown_area_px": 224,
        "bbox_w_px": 39,
        "bbox_h_px": 7
      }
    },
    {
      "type": "Feature",
      "geometry": {
        "type": "Point",
        "coordinates": [
          -76.3201587,
          40.1040595
        ]
      },
      "properties": {
        "tree_id": "DINOV3_0200",
        "source_image": "dji_fly_20260306_173428_0001_1772836760073_photo.JPG",
        "max_height_m": Infinity,
        "mean_height_m": Infinity,
        "crown_area_px": 416,
        "bbox_w_px": 99,
        "bbox_h_px": 7
      }
    },
    {
      "type": "Feature",
      "geometry": {
        "type": "Point",
        "coordinates": [
          -76.3206666,
          40.1040593
        ]
      },
      "properties": {
        "tree_id": "DINOV3_0201",
        "source_image": "dji_fly_20260306_173428_0001_1772836760073_photo.JPG",
        "max_height_m": Infinity,
        "mean_height_m": Infinity,
        "crown_area_px": 160,
        "bbox_w_px": 39,
        "bbox_h_px": 3
      }
    },
    {
      "type": "Feature",
      "geometry": {
        "type": "Point",
        "coordinates": [
          -76.3206542,
          40.1040593
        ]
      },
      "properties": {
        "tree_id": "DINOV3_0202",
        "source_image": "dji_fly_20260306_173428_0001_1772836760073_photo.JPG",
        "max_height_m": Infinity,
        "mean_height_m": Infinity,
        "crown_area_px": 112,
        "bbox_w_px": 27,
        "bbox_h_px": 3
      }
    },
    {
      "type": "Feature",
      "geometry": {
        "type": "Point",
        "coordinates": [
          -76.3206227,
          40.1040593
        ]
      },
      "properties": {
        "tree_id": "DINOV3_0203",
        "source_image": "dji_fly_20260306_173428_0001_1772836760073_photo.JPG",
        "max_height_m": Infinity,
        "mean_height_m": Infinity,
        "crown_area_px": 208,
        "bbox_w_px": 51,
        "bbox_h_px": 3
      }
    },
    {
      "type": "Feature",
      "geometry": {
        "type": "Point",
        "coordinates": [
          -76.320324,
          40.1040593
        ]
      },
      "properties": {
        "tree_id": "DINOV3_0204",
        "source_image": "dji_fly_20260306_173428_0001_1772836760073_photo.JPG",
        "max_height_m": Infinity,
        "mean_height_m": Infinity,
        "crown_area_px": 288,
        "bbox_w_px": 71,
        "bbox_h_px": 3
      }
    },
    {
      "type": "Feature",
      "geometry": {
        "type": "Point",
        "coordinates": [
          -76.3203083,
          40.1040593
        ]
      },
      "properties": {
        "tree_id": "DINOV3_0205",
        "source_image": "dji_fly_20260306_173428_0001_1772836760073_photo.JPG",
        "max_height_m": Infinity,
        "mean_height_m": Infinity,
        "crown_area_px": 112,
        "bbox_w_px": 27,
        "bbox_h_px": 3
      }
    },
    {
      "type": "Feature",
      "geometry": {
        "type": "Point",
        "coordinates": [
          -76.3202093,
          40.1040593
        ]
      },
      "properties": {
        "tree_id": "DINOV3_0206",
        "source_image": "dji_fly_20260306_173428_0001_1772836760073_photo.JPG",
        "max_height_m": Infinity,
        "mean_height_m": Infinity,
        "crown_area_px": 160,
        "bbox_w_px": 39,
        "bbox_h_px": 3
      }
    },
    {
      "type": "Feature",
      "geometry": {
        "type": "Point",
        "coordinates": [
          -76.3202147,
          40.1045344
        ]
      },
      "properties": {
        "tree_id": "DINOV3_0001",
        "source_image": "dji_fly_20260306_173520_0004_1772836783152_photo.JPG",
        "max_height_m": Infinity,
        "mean_height_m": Infinity,
        "crown_area_px": 1990062,
        "bbox_w_px": 1363,
        "bbox_h_px": 3069
      }
    },
    {
      "type": "Feature",
      "geometry": {
        "type": "Point",
        "coordinates": [
          -76.3200548,
          40.1046696
        ]
      },
      "properties": {
        "tree_id": "DINOV3_0002",
        "source_image": "dji_fly_20260306_173520_0004_1772836783152_photo.JPG",
        "max_height_m": Infinity,
        "mean_height_m": Infinity,
        "crown_area_px": 25136,
        "bbox_w_px": 1363,
        "bbox_h_px": 51
      }
    },
    {
      "type": "Feature",
      "geometry": {
        "type": "Point",
        "coordinates": [
          -76.3198948,
          40.1046567
        ]
      },
      "properties": {
        "tree_id": "DINOV3_0003",
        "source_image": "dji_fly_20260306_173520_0004_1772836783152_photo.JPG",
        "max_height_m": Infinity,
        "mean_height_m": Infinity,
        "crown_area_px": 23280,
        "bbox_w_px": 1363,
        "bbox_h_px": 339
      }
    },
    {
      "type": "Feature",
      "geometry": {
        "type": "Point",
        "coordinates": [
          -76.3202482,
          40.1046691
        ]
      },
      "properties": {
        "tree_id": "DINOV3_0004",
        "source_image": "dji_fly_20260306_173520_0004_1772836783152_photo.JPG",
        "max_height_m": Infinity,
        "mean_height_m": Infinity,
        "crown_area_px": 112,
        "bbox_w_px": 23,
        "bbox_h_px": 7
      }
    },
    {
      "type": "Feature",
      "geometry": {
        "type": "Point",
        "coordinates": [
          -76.3201894,
          40.1046641
        ]
      },
      "properties": {
        "tree_id": "DINOV3_0005",
        "source_image": "dji_fly_20260306_173520_0004_1772836783152_photo.JPG",
        "max_height_m": 1.76,
        "mean_height_m": 1.26,
        "crown_area_px": 955,
        "bbox_w_px": 38,
        "bbox_h_px": 32
      }
    },
    {
      "type": "Feature",
      "geometry": {
        "type": "Point",
        "coordinates": [
          -76.3202337,
          40.1046592
        ]
      },
      "properties": {
        "tree_id": "DINOV3_0006",
        "source_image": "dji_fly_20260306_173520_0004_1772836783152_photo.JPG",
        "max_height_m": Infinity,
        "mean_height_m": Infinity,
        "crown_area_px": 160,
        "bbox_w_px": 23,
        "bbox_h_px": 11
      }
    },
    {
      "type": "Feature",
      "geometry": {
        "type": "Point",
        "coordinates": [
          -76.3201608,
          40.1046576
        ]
      },
      "properties": {
        "tree_id": "DINOV3_0007",
        "source_image": "dji_fly_20260306_173520_0004_1772836783152_photo.JPG",
        "max_height_m": Infinity,
        "mean_height_m": Infinity,
        "crown_area_px": 256,
        "bbox_w_px": 27,
        "bbox_h_px": 15
      }
    },
    {
      "type": "Feature",
      "geometry": {
        "type": "Point",
        "coordinates": [
          -76.3201552,
          40.1046558
        ]
      },
      "properties": {
        "tree_id": "DINOV3_0008",
        "source_image": "dji_fly_20260306_173520_0004_1772836783152_photo.JPG",
        "max_height_m": Infinity,
        "mean_height_m": Infinity,
        "crown_area_px": 240,
        "bbox_w_px": 19,
        "bbox_h_px": 15
      }
    },
    {
      "type": "Feature",
      "geometry": {
        "type": "Point",
        "coordinates": [
          -76.3201737,
          40.1046511
        ]
      },
      "properties": {
        "tree_id": "DINOV3_0009",
        "source_image": "dji_fly_20260306_173520_0004_1772836783152_photo.JPG",
        "max_height_m": Infinity,
        "mean_height_m": Infinity,
        "crown_area_px": 128,
        "bbox_w_px": 15,
        "bbox_h_px": 7
      }
    },
    {
      "type": "Feature",
      "geometry": {
        "type": "Point",
        "coordinates": [
          -76.3199748,
          40.104522
        ]
      },
      "properties": {
        "tree_id": "DINOV3_0010",
        "source_image": "dji_fly_20260306_173520_0004_1772836783152_photo.JPG",
        "max_height_m": Infinity,
        "mean_height_m": Infinity,
        "crown_area_px": 2582331,
        "bbox_w_px": 2728,
        "bbox_h_px": 2793
      }
    },
    {
      "type": "Feature",
      "geometry": {
        "type": "Point",
        "coordinates": [
          -76.320288,
          40.1046465
        ]
      },
      "properties": {
        "tree_id": "DINOV3_0011",
        "source_image": "dji_fly_20260306_173520_0004_1772836783152_photo.JPG",
        "max_height_m": 1.16,
        "mean_height_m": 1.06,
        "crown_area_px": 132,
        "bbox_w_px": 13,
        "bbox_h_px": 13
      }
    },
    {
      "type": "Feature",
      "geometry": {
        "type": "Point",
        "coordinates": [
          -76.3201725,
          40.1046459
        ]
      },
      "properties": {
        "tree_id": "DINOV3_0012",
        "source_image": "dji_fly_20260306_173520_0004_1772836783152_photo.JPG",
        "max_height_m": Infinity,
        "mean_height_m": Infinity,
        "crown_area_px": 224,
        "bbox_w_px": 19,
        "bbox_h_px": 11
      }
    },
    {
      "type": "Feature",
      "geometry": {
        "type": "Point",
        "coordinates": [
          -76.3202936,
          40.1046449
        ]
      },
      "properties": {
        "tree_id": "DINOV3_0013",
        "source_image": "dji_fly_20260306_173520_0004_1772836783152_photo.JPG",
        "max_height_m": 1.68,
        "mean_height_m": 1.19,
        "crown_area_px": 178,
        "bbox_w_px": 15,
        "bbox_h_px": 22
      }
    },
    {
      "type": "Feature",
      "geometry": {
        "type": "Point",
        "coordinates": [
          -76.3198201,
          40.1046332
        ]
      },
      "properties": {
        "tree_id": "DINOV3_0014",
        "source_image": "dji_fly_20260306_173520_0004_1772836783152_photo.JPG",
        "max_height_m": Infinity,
        "mean_height_m": Infinity,
        "crown_area_px": 4672,
        "bbox_w_px": 87,
        "bbox_h_px": 151
      }
    },
    {
      "type": "Feature",
      "geometry": {
        "type": "Point",
        "coordinates": [
          -76.3200628,
          40.1046388
        ]
      },
      "properties": {
        "tree_id": "DINOV3_0015",
        "source_image": "dji_fly_20260306_173520_0004_1772836783152_photo.JPG",
        "max_height_m": Infinity,
        "mean_height_m": Infinity,
        "crown_area_px": 112,
        "bbox_w_px": 11,
        "bbox_h_px": 11
      }
    },
    {
      "type": "Feature",
      "geometry": {
        "type": "Point",
        "coordinates": [
          -76.320256,
          40.1046364
        ]
      },
      "properties": {
        "tree_id": "DINOV3_0016",
        "source_image": "dji_fly_20260306_173520_0004_1772836783152_photo.JPG",
        "max_height_m": Infinity,
        "mean_height_m": Infinity,
        "crown_area_px": 176,
        "bbox_w_px": 19,
        "bbox_h_px": 15
      }
    },
    {
      "type": "Feature",
      "geometry": {
        "type": "Point",
        "coordinates": [
          -76.3198323,
          40.104635
        ]
      },
      "properties": {
        "tree_id": "DINOV3_0017",
        "source_image": "dji_fly_20260306_173520_0004_1772836783152_photo.JPG",
        "max_height_m": Infinity,
        "mean_height_m": Infinity,
        "crown_area_px": 1552,
        "bbox_w_px": 95,
        "bbox_h_px": 39
      }
    },
    {
      "type": "Feature",
      "geometry": {
        "type": "Point",
        "coordinates": [
          -76.3202911,
          40.1046325
        ]
      },
      "properties": {
        "tree_id": "DINOV3_0018",
        "source_image": "dji_fly_20260306_173520_0004_1772836783152_photo.JPG",
        "max_height_m": Infinity,
        "mean_height_m": Infinity,
        "crown_area_px": 464,
        "bbox_w_px": 19,
        "bbox_h_px": 31
      }
    },
    {
      "type": "Feature",
      "geometry": {
        "type": "Point",
        "coordinates": [
          -76.3198407,
          40.1046259
        ]
      },
      "properties": {
        "tree_id": "DINOV3_0019",
        "source_image": "dji_fly_20260306_173520_0004_1772836783152_photo.JPG",
        "max_height_m": Infinity,
        "mean_height_m": Infinity,
        "crown_area_px": 2464,
        "bbox_w_px": 95,
        "bbox_h_px": 59
      }
    },
    {
      "type": "Feature",
      "geometry": {
        "type": "Point",
        "coordinates": [
          -76.3201765,
          40.1046235
        ]
      },
      "properties": {
        "tree_id": "DINOV3_0020",
        "source_image": "dji_fly_20260306_173520_0004_1772836783152_photo.JPG",
        "max_height_m": Infinity,
        "mean_height_m": Infinity,
        "crown_area_px": 8656,
        "bbox_w_px": 183,
        "bbox_h_px": 87
      }
    },
    {
      "type": "Feature",
      "geometry": {
        "type": "Point",
        "coordinates": [
          -76.3198311,
          40.1046196
        ]
      },
      "properties": {
        "tree_id": "DINOV3_0021",
        "source_image": "dji_fly_20260306_173520_0004_1772836783152_photo.JPG",
        "max_height_m": Infinity,
        "mean_height_m": Infinity,
        "crown_area_px": 15744,
        "bbox_w_px": 275,
        "bbox_h_px": 135
      }
    },
    {
      "type": "Feature",
      "geometry": {
        "type": "Point",
        "coordinates": [
          -76.3202656,
          40.1046243
        ]
      },
      "properties": {
        "tree_id": "DINOV3_0022",
        "source_image": "dji_fly_20260306_173520_0004_1772836783152_photo.JPG",
        "max_height_m": Infinity,
        "mean_height_m": Infinity,
        "crown_area_px": 320,
        "bbox_w_px": 23,
        "bbox_h_px": 15
      }
    },
    {
      "type": "Feature",
      "geometry": {
        "type": "Point",
        "coordinates": [
          -76.3199142,
          40.1046226
        ]
      },
      "properties": {
        "tree_id": "DINOV3_0023",
        "source_image": "dji_fly_20260306_173520_0004_1772836783152_photo.JPG",
        "max_height_m": 4.72,
        "mean_height_m": 2.34,
        "crown_area_px": 2431,
        "bbox_w_px": 75,
        "bbox_h_px": 39
      }
    },
    {
      "type": "Feature",
      "geometry": {
        "type": "Point",
        "coordinates": [
          -76.3198527,
          40.1046219
        ]
      },
      "properties": {
        "tree_id": "DINOV3_0024",
        "source_image": "dji_fly_20260306_173520_0004_1772836783152_photo.JPG",
        "max_height_m": Infinity,
        "mean_height_m": Infinity,
        "crown_area_px": 1568,
        "bbox_w_px": 99,
        "bbox_h_px": 35
      }
    },
    {
      "type": "Feature",
      "geometry": {
        "type": "Point",
        "coordinates": [
          -76.3201498,
          40.1046149
        ]
      },
      "properties": {
        "tree_id": "DINOV3_0025",
        "source_image": "dji_fly_20260306_173520_0004_1772836783152_photo.JPG",
        "max_height_m": Infinity,
        "mean_height_m": Infinity,
        "crown_area_px": 208,
        "bbox_w_px": 31,
        "bbox_h_px": 7
      }
    },
    {
      "type": "Feature",
      "geometry": {
        "type": "Point",
        "coordinates": [
          -76.3201741,
          40.1046079
        ]
      },
      "properties": {
        "tree_id": "DINOV3_0026",
        "source_image": "dji_fly_20260306_173520_0004_1772836783152_photo.JPG",
        "max_height_m": 1.05,
        "mean_height_m": 1.03,
        "crown_area_px": 273,
        "bbox_w_px": 19,
        "bbox_h_px": 16
      }
    },
    {
      "type": "Feature",
      "geometry": {
        "type": "Point",
        "coordinates": [
          -76.3201362,
          40.1046076
        ]
      },
      "properties": {
        "tree_id": "DINOV3_0027",
        "source_image": "dji_fly_20260306_173520_0004_1772836783152_photo.JPG",
        "max_height_m": Infinity,
        "mean_height_m": Infinity,
        "crown_area_px": 304,
        "bbox_w_px": 23,
        "bbox_h_px": 19
      }
    },
    {
      "type": "Feature",
      "geometry": {
        "type": "Point",
        "coordinates": [
          -76.320173,
          40.1046056
        ]
      },
      "properties": {
        "tree_id": "DINOV3_0028",
        "source_image": "dji_fly_20260306_173520_0004_1772836783152_photo.JPG",
        "max_height_m": 1.5,
        "mean_height_m": 1.2,
        "crown_area_px": 177,
        "bbox_w_px": 18,
        "bbox_h_px": 12
      }
    },
    {
      "type": "Feature",
      "geometry": {
        "type": "Point",
        "coordinates": [
          -76.320255,
          40.1045931
        ]
      },
      "properties": {
        "tree_id": "DINOV3_0029",
        "source_image": "dji_fly_20260306_173520_0004_1772836783152_photo.JPG",
        "max_height_m": Infinity,
        "mean_height_m": Infinity,
        "crown_area_px": 240,
        "bbox_w_px": 35,
        "bbox_h_px": 7
      }
    },
    {
      "type": "Feature",
      "geometry": {
        "type": "Point",
        "coordinates": [
          -76.3201929,
          40.1045918
        ]
      },
      "properties": {
        "tree_id": "DINOV3_0030",
        "source_image": "dji_fly_20260306_173520_0004_1772836783152_photo.JPG",
        "max_height_m": Infinity,
        "mean_height_m": Infinity,
        "crown_area_px": 240,
        "bbox_w_px": 31,
        "bbox_h_px": 11
      }
    },
    {
      "type": "Feature",
      "geometry": {
        "type": "Point",
        "coordinates": [
          -76.319848,
          40.1045834
        ]
      },
      "properties": {
        "tree_id": "DINOV3_0031",
        "source_image": "dji_fly_20260306_173520_0004_1772836783152_photo.JPG",
        "max_height_m": Infinity,
        "mean_height_m": Infinity,
        "crown_area_px": 2128,
        "bbox_w_px": 67,
        "bbox_h_px": 63
      }
    },
    {
      "type": "Feature",
      "geometry": {
        "type": "Point",
        "coordinates": [
          -76.3201234,
          40.1045848
        ]
      },
      "properties": {
        "tree_id": "DINOV3_0032",
        "source_image": "dji_fly_20260306_173520_0004_1772836783152_photo.JPG",
        "max_height_m": Infinity,
        "mean_height_m": Infinity,
        "crown_area_px": 880,
        "bbox_w_px": 87,
        "bbox_h_px": 15
      }
    },
    {
      "type": "Feature",
      "geometry": {
        "type": "Point",
        "coordinates": [
          -76.3199015,
          40.1045837
        ]
      },
      "properties": {
        "tree_id": "DINOV3_0033",
        "source_image": "dji_fly_20260306_173520_0004_1772836783152_photo.JPG",
        "max_height_m": 2.35,
        "mean_height_m": 1.57,
        "crown_area_px": 1084,
        "bbox_w_px": 58,
        "bbox_h_px": 26
      }
    },
    {
      "type": "Feature",
      "geometry": {
        "type": "Point",
        "coordinates": [
          -76.3198332,
          40.1045832
        ]
      },
      "properties": {
        "tree_id": "DINOV3_0034",
        "source_image": "dji_fly_20260306_173520_0004_1772836783152_photo.JPG",
        "max_height_m": Infinity,
        "mean_height_m": Infinity,
        "crown_area_px": 704,
        "bbox_w_px": 55,
        "bbox_h_px": 27
      }
    },
    {
      "type": "Feature",
      "geometry": {
        "type": "Point",
        "coordinates": [
          -76.3202002,
          40.104582
        ]
      },
      "properties": {
        "tree_id": "DINOV3_0035",
        "source_image": "dji_fly_20260306_173520_0004_1772836783152_photo.JPG",
        "max_height_m": Infinity,
        "mean_height_m": Infinity,
        "crown_area_px": 1008,
        "bbox_w_px": 67,
        "bbox_h_px": 23
      }
    },
    {
      "type": "Feature",
      "geometry": {
        "type": "Point",
        "coordinates": [
          -76.3198243,
          40.1045821
        ]
      },
      "properties": {
        "tree_id": "DINOV3_0036",
        "source_image": "dji_fly_20260306_173520_0004_1772836783152_photo.JPG",
        "max_height_m": Infinity,
        "mean_height_m": Infinity,
        "crown_area_px": 288,
        "bbox_w_px": 31,
        "bbox_h_px": 11
      }
    },
    {
      "type": "Feature",
      "geometry": {
        "type": "Point",
        "coordinates": [
          -76.3201625,
          40.1045742
        ]
      },
      "properties": {
        "tree_id": "DINOV3_0037",
        "source_image": "dji_fly_20260306_173520_0004_1772836783152_photo.JPG",
        "max_height_m": 12.89,
        "mean_height_m": 3.64,
        "crown_area_px": 14049,
        "bbox_w_px": 143,
        "bbox_h_px": 168
      }
    },
    {
      "type": "Feature",
      "geometry": {
        "type": "Point",
        "coordinates": [
          -76.3200014,
          40.1045806
        ]
      },
      "properties": {
        "tree_id": "DINOV3_0038",
        "source_image": "dji_fly_20260306_173520_0004_1772836783152_photo.JPG",
        "max_height_m": Infinity,
        "mean_height_m": Infinity,
        "crown_area_px": 284,
        "bbox_w_px": 19,
        "bbox_h_px": 20
      }
    },
    {
      "type": "Feature",
      "geometry": {
        "type": "Point",
        "coordinates": [
          -76.3198557,
          40.1045803
        ]
      },
      "properties": {
        "tree_id": "DINOV3_0039",
        "source_image": "dji_fly_20260306_173520_0004_1772836783152_photo.JPG",
        "max_height_m": Infinity,
        "mean_height_m": Infinity,
        "crown_area_px": 104,
        "bbox_w_px": 7,
        "bbox_h_px": 12
      }
    },
    {
      "type": "Feature",
      "geometry": {
        "type": "Point",
        "coordinates": [
          -76.3201866,
          40.1045765
        ]
      },
      "properties": {
        "tree_id": "DINOV3_0040",
        "source_image": "dji_fly_20260306_173520_0004_1772836783152_photo.JPG",
        "max_height_m": Infinity,
        "mean_height_m": Infinity,
        "crown_area_px": 960,
        "bbox_w_px": 67,
        "bbox_h_px": 23
      }
    },
    {
      "type": "Feature",
      "geometry": {
        "type": "Point",
        "coordinates": [
          -76.3198286,
          40.1045733
        ]
      },
      "properties": {
        "tree_id": "DINOV3_0041",
        "source_image": "dji_fly_20260306_173520_0004_1772836783152_photo.JPG",
        "max_height_m": 1.2,
        "mean_height_m": 1.09,
        "crown_area_px": 141,
        "bbox_w_px": 17,
        "bbox_h_px": 10
      }
    },
    {
      "type": "Feature",
      "geometry": {
        "type": "Point",
        "coordinates": [
          -76.3201671,
          40.1045557
        ]
      },
      "properties": {
        "tree_id": "DINOV3_0042",
        "source_image": "dji_fly_20260306_173520_0004_1772836783152_photo.JPG",
        "max_height_m": 22.88,
        "mean_height_m": 4.67,
        "crown_area_px": 22747,
        "bbox_w_px": 181,
        "bbox_h_px": 203
      }
    },
    {
      "type": "Feature",
      "geometry": {
        "type": "Point",
        "coordinates": [
          -76.3201526,
          40.1045606
        ]
      },
      "properties": {
        "tree_id": "DINOV3_0043",
        "source_image": "dji_fly_20260306_173520_0004_1772836783152_photo.JPG",
        "max_height_m": 1.52,
        "mean_height_m": 1.2,
        "crown_area_px": 1236,
        "bbox_w_px": 44,
        "bbox_h_px": 41
      }
    },
    {
      "type": "Feature",
      "geometry": {
        "type": "Point",
        "coordinates": [
          -76.3198442,
          40.1045534
        ]
      },
      "properties": {
        "tree_id": "DINOV3_0044",
        "source_image": "dji_fly_20260306_173520_0004_1772836783152_photo.JPG",
        "max_height_m": Infinity,
        "mean_height_m": Infinity,
        "crown_area_px": 12832,
        "bbox_w_px": 339,
        "bbox_h_px": 75
      }
    },
    {
      "type": "Feature",
      "geometry": {
        "type": "Point",
        "coordinates": [
          -76.3198789,
          40.1045543
        ]
      },
      "properties": {
        "tree_id": "DINOV3_0045",
        "source_image": "dji_fly_20260306_173520_0004_1772836783152_photo.JPG",
        "max_height_m": Infinity,
        "mean_height_m": Infinity,
        "crown_area_px": 224,
        "bbox_w_px": 43,
        "bbox_h_px": 7
      }
    },
    {
      "type": "Feature",
      "geometry": {
        "type": "Point",
        "coordinates": [
          -76.3202848,
          40.1045512
        ]
      },
      "properties": {
        "tree_id": "DINOV3_0046",
        "source_image": "dji_fly_20260306_173520_0004_1772836783152_photo.JPG",
        "max_height_m": Infinity,
        "mean_height_m": Infinity,
        "crown_area_px": 416,
        "bbox_w_px": 31,
        "bbox_h_px": 19
      }
    },
    {
      "type": "Feature",
      "geometry": {
        "type": "Point",
        "coordinates": [
          -76.3201854,
          40.1045503
        ]
      },
      "properties": {
        "tree_id": "DINOV3_0047",
        "source_image": "dji_fly_20260306_173520_0004_1772836783152_photo.JPG",
        "max_height_m": Infinity,
        "mean_height_m": Infinity,
        "crown_area_px": 1152,
        "bbox_w_px": 47,
        "bbox_h_px": 31
      }
    },
    {
      "type": "Feature",
      "geometry": {
        "type": "Point",
        "coordinates": [
          -76.3201321,
          40.1045467
        ]
      },
      "properties": {
        "tree_id": "DINOV3_0048",
        "source_image": "dji_fly_20260306_173520_0004_1772836783152_photo.JPG",
        "max_height_m": Infinity,
        "mean_height_m": Infinity,
        "crown_area_px": 2080,
        "bbox_w_px": 43,
        "bbox_h_px": 87
      }
    },
    {
      "type": "Feature",
      "geometry": {
        "type": "Point",
        "coordinates": [
          -76.3198189,
          40.1045496
        ]
      },
      "properties": {
        "tree_id": "DINOV3_0049",
        "source_image": "dji_fly_20260306_173520_0004_1772836783152_photo.JPG",
        "max_height_m": Infinity,
        "mean_height_m": Infinity,
        "crown_area_px": 112,
        "bbox_w_px": 19,
        "bbox_h_px": 7
      }
    },
    {
      "type": "Feature",
      "geometry": {
        "type": "Point",
        "coordinates": [
          -76.3201582,
          40.1045433
        ]
      },
      "properties": {
        "tree_id": "DINOV3_0050",
        "source_image": "dji_fly_20260306_173520_0004_1772836783152_photo.JPG",
        "max_height_m": Infinity,
        "mean_height_m": Infinity,
        "crown_area_px": 272,
        "bbox_w_px": 23,
        "bbox_h_px": 11
      }
    },
    {
      "type": "Feature",
      "geometry": {
        "type": "Point",
        "coordinates": [
          -76.3201529,
          40.1045381
        ]
      },
      "properties": {
        "tree_id": "DINOV3_0051",
        "source_image": "dji_fly_20260306_173520_0004_1772836783152_photo.JPG",
        "max_height_m": Infinity,
        "mean_height_m": Infinity,
        "crown_area_px": 5616,
        "bbox_w_px": 99,
        "bbox_h_px": 79
      }
    },
    {
      "type": "Feature",
      "geometry": {
        "type": "Point",
        "coordinates": [
          -76.3201326,
          40.1045412
        ]
      },
      "properties": {
        "tree_id": "DINOV3_0052",
        "source_image": "dji_fly_20260306_173520_0004_1772836783152_photo.JPG",
        "max_height_m": Infinity,
        "mean_height_m": Infinity,
        "crown_area_px": 160,
        "bbox_w_px": 19,
        "bbox_h_px": 11
      }
    },
    {
      "type": "Feature",
      "geometry": {
        "type": "Point",
        "coordinates": [
          -76.3198152,
          40.1045335
        ]
      },
      "properties": {
        "tree_id": "DINOV3_0053",
        "source_image": "dji_fly_20260306_173520_0004_1772836783152_photo.JPG",
        "max_height_m": Infinity,
        "mean_height_m": Infinity,
        "crown_area_px": 352,
        "bbox_w_px": 3,
        "bbox_h_px": 87
      }
    },
    {
      "type": "Feature",
      "geometry": {
        "type": "Point",
        "coordinates": [
          -76.3201432,
          40.1045328
        ]
      },
      "properties": {
        "tree_id": "DINOV3_0054",
        "source_image": "dji_fly_20260306_173520_0004_1772836783152_photo.JPG",
        "max_height_m": 2.45,
        "mean_height_m": 1.44,
        "crown_area_px": 1497,
        "bbox_w_px": 35,
        "bbox_h_px": 69
      }
    },
    {
      "type": "Feature",
      "geometry": {
        "type": "Point",
        "coordinates": [
          -76.3201438,
          40.1045275
        ]
      },
      "properties": {
        "tree_id": "DINOV3_0055",
        "source_image": "dji_fly_20260306_173520_0004_1772836783152_photo.JPG",
        "max_height_m": 1.35,
        "mean_height_m": 1.14,
        "crown_area_px": 217,
        "bbox_w_px": 18,
        "bbox_h_px": 15
      }
    },
    {
      "type": "Feature",
      "geometry": {
        "type": "Point",
        "coordinates": [
          -76.3200625,
          40.1045236
        ]
      },
      "properties": {
        "tree_id": "DINOV3_0056",
        "source_image": "dji_fly_20260306_173520_0004_1772836783152_photo.JPG",
        "max_height_m": Infinity,
        "mean_height_m": Infinity,
        "crown_area_px": 960,
        "bbox_w_px": 63,
        "bbox_h_px": 27
      }
    },
    {
      "type": "Feature",
      "geometry": {
        "type": "Point",
        "coordinates": [
          -76.3202546,
          40.1045213
        ]
      },
      "properties": {
        "tree_id": "DINOV3_0057",
        "source_image": "dji_fly_20260306_173520_0004_1772836783152_photo.JPG",
        "max_height_m": Infinity,
        "mean_height_m": Infinity,
        "crown_area_px": 416,
        "bbox_w_px": 35,
        "bbox_h_px": 15
      }
    },
    {
      "type": "Feature",
      "geometry": {
        "type": "Point",
        "coordinates": [
          -76.3199077,
          40.1045193
        ]
      },
      "properties": {
        "tree_id": "DINOV3_0058",
        "source_image": "dji_fly_20260306_173520_0004_1772836783152_photo.JPG",
        "max_height_m": Infinity,
        "mean_height_m": Infinity,
        "crown_area_px": 336,
        "bbox_w_px": 23,
        "bbox_h_px": 19
      }
    },
    {
      "type": "Feature",
      "geometry": {
        "type": "Point",
        "coordinates": [
          -76.3201274,
          40.1045025
        ]
      },
      "properties": {
        "tree_id": "DINOV3_0059",
        "source_image": "dji_fly_20260306_173520_0004_1772836783152_photo.JPG",
        "max_height_m": Infinity,
        "mean_height_m": Infinity,
        "crown_area_px": 272,
        "bbox_w_px": 27,
        "bbox_h_px": 11
      }
    },
    {
      "type": "Feature",
      "geometry": {
        "type": "Point",
        "coordinates": [
          -76.3198892,
          40.1044969
        ]
      },
      "properties": {
        "tree_id": "DINOV3_0060",
        "source_image": "dji_fly_20260306_173520_0004_1772836783152_photo.JPG",
        "max_height_m": Infinity,
        "mean_height_m": Infinity,
        "crown_area_px": 352,
        "bbox_w_px": 27,
        "bbox_h_px": 15
      }
    },
    {
      "type": "Feature",
      "geometry": {
        "type": "Point",
        "coordinates": [
          -76.3198712,
          40.1044969
        ]
      },
      "properties": {
        "tree_id": "DINOV3_0061",
        "source_image": "dji_fly_20260306_173520_0004_1772836783152_photo.JPG",
        "max_height_m": Infinity,
        "mean_height_m": Infinity,
        "crown_area_px": 416,
        "bbox_w_px": 31,
        "bbox_h_px": 15
      }
    },
    {
      "type": "Feature",
      "geometry": {
        "type": "Point",
        "coordinates": [
          -76.3198752,
          40.1044939
        ]
      },
      "properties": {
        "tree_id": "DINOV3_0062",
        "source_image": "dji_fly_20260306_173520_0004_1772836783152_photo.JPG",
        "max_height_m": Infinity,
        "mean_height_m": Infinity,
        "crown_area_px": 3280,
        "bbox_w_px": 155,
        "bbox_h_px": 27
      }
    },
    {
      "type": "Feature",
      "geometry": {
        "type": "Point",
        "coordinates": [
          -76.319822,
          40.1044915
        ]
      },
      "properties": {
        "tree_id": "DINOV3_0063",
        "source_image": "dji_fly_20260306_173520_0004_1772836783152_photo.JPG",
        "max_height_m": Infinity,
        "mean_height_m": Infinity,
        "crown_area_px": 4736,
        "bbox_w_px": 95,
        "bbox_h_px": 63
      }
    },
    {
      "type": "Feature",
      "geometry": {
        "type": "Point",
        "coordinates": [
          -76.3198859,
          40.1044912
        ]
      },
      "properties": {
        "tree_id": "DINOV3_0064",
        "source_image": "dji_fly_20260306_173520_0004_1772836783152_photo.JPG",
        "max_height_m": Infinity,
        "mean_height_m": Infinity,
        "crown_area_px": 400,
        "bbox_w_px": 27,
        "bbox_h_px": 15
      }
    },
    {
      "type": "Feature",
      "geometry": {
        "type": "Point",
        "coordinates": [
          -76.319874,
          40.1044908
        ]
      },
      "properties": {
        "tree_id": "DINOV3_0065",
        "source_image": "dji_fly_20260306_173520_0004_1772836783152_photo.JPG",
        "max_height_m": Infinity,
        "mean_height_m": Infinity,
        "crown_area_px": 960,
        "bbox_w_px": 63,
        "bbox_h_px": 23
      }
    },
    {
      "type": "Feature",
      "geometry": {
        "type": "Point",
        "coordinates": [
          -76.3198677,
          40.1044914
        ]
      },
      "properties": {
        "tree_id": "DINOV3_0066",
        "source_image": "dji_fly_20260306_173520_0004_1772836783152_photo.JPG",
        "max_height_m": Infinity,
        "mean_height_m": Infinity,
        "crown_area_px": 144,
        "bbox_w_px": 11,
        "bbox_h_px": 11
      }
    },
    {
      "type": "Feature",
      "geometry": {
        "type": "Point",
        "coordinates": [
          -76.3198848,
          40.104488
        ]
      },
      "properties": {
        "tree_id": "DINOV3_0067",
        "source_image": "dji_fly_20260306_173520_0004_1772836783152_photo.JPG",
        "max_height_m": Infinity,
        "mean_height_m": Infinity,
        "crown_area_px": 192,
        "bbox_w_px": 15,
        "bbox_h_px": 12
      }
    },
    {
      "type": "Feature",
      "geometry": {
        "type": "Point",
        "coordinates": [
          -76.3198733,
          40.104487
        ]
      },
      "properties": {
        "tree_id": "DINOV3_0068",
        "source_image": "dji_fly_20260306_173520_0004_1772836783152_photo.JPG",
        "max_height_m": Infinity,
        "mean_height_m": Infinity,
        "crown_area_px": 832,
        "bbox_w_px": 35,
        "bbox_h_px": 27
      }
    },
    {
      "type": "Feature",
      "geometry": {
        "type": "Point",
        "coordinates": [
          -76.3198646,
          40.1044871
        ]
      },
      "properties": {
        "tree_id": "DINOV3_0069",
        "source_image": "dji_fly_20260306_173520_0004_1772836783152_photo.JPG",
        "max_height_m": Infinity,
        "mean_height_m": Infinity,
        "crown_area_px": 2048,
        "bbox_w_px": 103,
        "bbox_h_px": 23
      }
    },
    {
      "type": "Feature",
      "geometry": {
        "type": "Point",
        "coordinates": [
          -76.3198543,
          40.1044868
        ]
      },
      "properties": {
        "tree_id": "DINOV3_0070",
        "source_image": "dji_fly_20260306_173520_0004_1772836783152_photo.JPG",
        "max_height_m": Infinity,
        "mean_height_m": Infinity,
        "crown_area_px": 432,
        "bbox_w_px": 31,
        "bbox_h_px": 15
      }
    },
    {
      "type": "Feature",
      "geometry": {
        "type": "Point",
        "coordinates": [
          -76.319848,
          40.104487
        ]
      },
      "properties": {
        "tree_id": "DINOV3_0071",
        "source_image": "dji_fly_20260306_173520_0004_1772836783152_photo.JPG",
        "max_height_m": Infinity,
        "mean_height_m": Infinity,
        "crown_area_px": 352,
        "bbox_w_px": 35,
        "bbox_h_px": 11
      }
    },
    {
      "type": "Feature",
      "geometry": {
        "type": "Point",
        "coordinates": [
          -76.3202433,
          40.1044861
        ]
      },
      "properties": {
        "tree_id": "DINOV3_0072",
        "source_image": "dji_fly_20260306_173520_0004_1772836783152_photo.JPG",
        "max_height_m": Infinity,
        "mean_height_m": Infinity,
        "crown_area_px": 160,
        "bbox_w_px": 11,
        "bbox_h_px": 15
      }
    },
    {
      "type": "Feature",
      "geometry": {
        "type": "Point",
        "coordinates": [
          -76.3201118,
          40.104483
        ]
      },
      "properties": {
        "tree_id": "DINOV3_0073",
        "source_image": "dji_fly_20260306_173520_0004_1772836783152_photo.JPG",
        "max_height_m": 1.39,
        "mean_height_m": 1.17,
        "crown_area_px": 199,
        "bbox_w_px": 16,
        "bbox_h_px": 17
      }
    },
    {
      "type": "Feature",
      "geometry": {
        "type": "Point",
        "coordinates": [
          -76.3198428,
          40.1044817
        ]
      },
      "properties": {
        "tree_id": "DINOV3_0074",
        "source_image": "dji_fly_20260306_173520_0004_1772836783152_photo.JPG",
        "max_height_m": 2.16,
        "mean_height_m": 1.36,
        "crown_area_px": 424,
        "bbox_w_px": 23,
        "bbox_h_px": 24
      }
    },
    {
      "type": "Feature",
      "geometry": {
        "type": "Point",
        "coordinates": [
          -76.319859,
          40.1044793
        ]
      },
      "properties": {
        "tree_id": "DINOV3_0075",
        "source_image": "dji_fly_20260306_173520_0004_1772836783152_photo.JPG",
        "max_height_m": 17.2,
        "mean_height_m": 5.07,
        "crown_area_px": 3265,
        "bbox_w_px": 80,
        "bbox_h_px": 61
      }
    },
    {
      "type": "Feature",
      "geometry": {
        "type": "Point",
        "coordinates": [
          -76.3198346,
          40.1044794
        ]
      },
      "properties": {
        "tree_id": "DINOV3_0076",
        "source_image": "dji_fly_20260306_173520_0004_1772836783152_photo.JPG",
        "max_height_m": Infinity,
        "mean_height_m": Infinity,
        "crown_area_px": 1456,
        "bbox_w_px": 71,
        "bbox_h_px": 27
      }
    },
    {
      "type": "Feature",
      "geometry": {
        "type": "Point",
        "coordinates": [
          -76.3198763,
          40.1044796
        ]
      },
      "properties": {
        "tree_id": "DINOV3_0077",
        "source_image": "dji_fly_20260306_173520_0004_1772836783152_photo.JPG",
        "max_height_m": Infinity,
        "mean_height_m": Infinity,
        "crown_area_px": 128,
        "bbox_w_px": 15,
        "bbox_h_px": 7
      }
    },
    {
      "type": "Feature",
      "geometry": {
        "type": "Point",
        "coordinates": [
          -76.3202449,
          40.1044715
        ]
      },
      "properties": {
        "tree_id": "DINOV3_0078",
        "source_image": "dji_fly_20260306_173520_0004_1772836783152_photo.JPG",
        "max_height_m": Infinity,
        "mean_height_m": Infinity,
        "crown_area_px": 5104,
        "bbox_w_px": 127,
        "bbox_h_px": 91
      }
    },
    {
      "type": "Feature",
      "geometry": {
        "type": "Point",
        "coordinates": [
          -76.3198649,
          40.1044565
        ]
      },
      "properties": {
        "tree_id": "DINOV3_0079",
        "source_image": "dji_fly_20260306_173520_0004_1772836783152_photo.JPG",
        "max_height_m": Infinity,
        "mean_height_m": Infinity,
        "crown_area_px": 1472,
        "bbox_w_px": 99,
        "bbox_h_px": 27
      }
    },
    {
      "type": "Feature",
      "geometry": {
        "type": "Point",
        "coordinates": [
          -76.319844,
          40.1044543
        ]
      },
      "properties": {
        "tree_id": "DINOV3_0080",
        "source_image": "dji_fly_20260306_173520_0004_1772836783152_photo.JPG",
        "max_height_m": Infinity,
        "mean_height_m": Infinity,
        "crown_area_px": 480,
        "bbox_w_px": 55,
        "bbox_h_px": 19
      }
    },
    {
      "type": "Feature",
      "geometry": {
        "type": "Point",
        "coordinates": [
          -76.3200695,
          40.1044533
        ]
      },
      "properties": {
        "tree_id": "DINOV3_0081",
        "source_image": "dji_fly_20260306_173520_0004_1772836783152_photo.JPG",
        "max_height_m": Infinity,
        "mean_height_m": Infinity,
        "crown_area_px": 1024,
        "bbox_w_px": 63,
        "bbox_h_px": 19
      }
    },
    {
      "type": "Feature",
      "geometry": {
        "type": "Point",
        "coordinates": [
          -76.3199391,
          40.1044522
        ]
      },
      "properties": {
        "tree_id": "DINOV3_0082",
        "source_image": "dji_fly_20260306_173520_0004_1772836783152_photo.JPG",
        "max_height_m": Infinity,
        "mean_height_m": Infinity,
        "crown_area_px": 752,
        "bbox_w_px": 31,
        "bbox_h_px": 43
      }
    },
    {
      "type": "Feature",
      "geometry": {
        "type": "Point",
        "coordinates": [
          -76.3202056,
          40.1044525
        ]
      },
      "properties": {
        "tree_id": "DINOV3_0083",
        "source_image": "dji_fly_20260306_173520_0004_1772836783152_photo.JPG",
        "max_height_m": Infinity,
        "mean_height_m": Infinity,
        "crown_area_px": 128,
        "bbox_w_px": 15,
        "bbox_h_px": 11
      }
    },
    {
      "type": "Feature",
      "geometry": {
        "type": "Point",
        "coordinates": [
          -76.3198454,
          40.1044473
        ]
      },
      "properties": {
        "tree_id": "DINOV3_0084",
        "source_image": "dji_fly_20260306_173520_0004_1772836783152_photo.JPG",
        "max_height_m": Infinity,
        "mean_height_m": Infinity,
        "crown_area_px": 4640,
        "bbox_w_px": 79,
        "bbox_h_px": 95
      }
    },
    {
      "type": "Feature",
      "geometry": {
        "type": "Point",
        "coordinates": [
          -76.3199654,
          40.1044499
        ]
      },
      "properties": {
        "tree_id": "DINOV3_0085",
        "source_image": "dji_fly_20260306_173520_0004_1772836783152_photo.JPG",
        "max_height_m": Infinity,
        "mean_height_m": Infinity,
        "crown_area_px": 272,
        "bbox_w_px": 23,
        "bbox_h_px": 15
      }
    },
    {
      "type": "Feature",
      "geometry": {
        "type": "Point",
        "coordinates": [
          -76.3202761,
          40.1044472
        ]
      },
      "properties": {
        "tree_id": "DINOV3_0086",
        "source_image": "dji_fly_20260306_173520_0004_1772836783152_photo.JPG",
        "max_height_m": Infinity,
        "mean_height_m": Infinity,
        "crown_area_px": 160,
        "bbox_w_px": 19,
        "bbox_h_px": 11
      }
    },
    {
      "type": "Feature",
      "geometry": {
        "type": "Point",
        "coordinates": [
          -76.3202253,
          40.1044441
        ]
      },
      "properties": {
        "tree_id": "DINOV3_0087",
        "source_image": "dji_fly_20260306_173520_0004_1772836783152_photo.JPG",
        "max_height_m": Infinity,
        "mean_height_m": Infinity,
        "crown_area_px": 1264,
        "bbox_w_px": 71,
        "bbox_h_px": 39
      }
    },
    {
      "type": "Feature",
      "geometry": {
        "type": "Point",
        "coordinates": [
          -76.319852,
          40.10444
        ]
      },
      "properties": {
        "tree_id": "DINOV3_0088",
        "source_image": "dji_fly_20260306_173520_0004_1772836783152_photo.JPG",
        "max_height_m": Infinity,
        "mean_height_m": Infinity,
        "crown_area_px": 336,
        "bbox_w_px": 15,
        "bbox_h_px": 51
      }
    },
    {
      "type": "Feature",
      "geometry": {
        "type": "Point",
        "coordinates": [
          -76.3199326,
          40.1044409
        ]
      },
      "properties": {
        "tree_id": "DINOV3_0089",
        "source_image": "dji_fly_20260306_173520_0004_1772836783152_photo.JPG",
        "max_height_m": Infinity,
        "mean_height_m": Infinity,
        "crown_area_px": 368,
        "bbox_w_px": 23,
        "bbox_h_px": 23
      }
    },
    {
      "type": "Feature",
      "geometry": {
        "type": "Point",
        "coordinates": [
          -76.3198946,
          40.1044386
        ]
      },
      "properties": {
        "tree_id": "DINOV3_0090",
        "source_image": "dji_fly_20260306_173520_0004_1772836783152_photo.JPG",
        "max_height_m": Infinity,
        "mean_height_m": Infinity,
        "crown_area_px": 2848,
        "bbox_w_px": 103,
        "bbox_h_px": 75
      }
    },
    {
      "type": "Feature",
      "geometry": {
        "type": "Point",
        "coordinates": [
          -76.3199342,
          40.1044373
        ]
      },
      "properties": {
        "tree_id": "DINOV3_0091",
        "source_image": "dji_fly_20260306_173520_0004_1772836783152_photo.JPG",
        "max_height_m": Infinity,
        "mean_height_m": Infinity,
        "crown_area_px": 320,
        "bbox_w_px": 27,
        "bbox_h_px": 15
      }
    },
    {
      "type": "Feature",
      "geometry": {
        "type": "Point",
        "coordinates": [
          -76.3198724,
          40.1044375
        ]
      },
      "properties": {
        "tree_id": "DINOV3_0092",
        "source_image": "dji_fly_20260306_173520_0004_1772836783152_photo.JPG",
        "max_height_m": Infinity,
        "mean_height_m": Infinity,
        "crown_area_px": 224,
        "bbox_w_px": 35,
        "bbox_h_px": 11
      }
    },
    {
      "type": "Feature",
      "geometry": {
        "type": "Point",
        "coordinates": [
          -76.3201812,
          40.1044346
        ]
      },
      "properties": {
        "tree_id": "DINOV3_0093",
        "source_image": "dji_fly_20260306_173520_0004_1772836783152_photo.JPG",
        "max_height_m": Infinity,
        "mean_height_m": Infinity,
        "crown_area_px": 352,
        "bbox_w_px": 15,
        "bbox_h_px": 27
      }
    },
    {
      "type": "Feature",
      "geometry": {
        "type": "Point",
        "coordinates": [
          -76.3201974,
          40.1044292
        ]
      },
      "properties": {
        "tree_id": "DINOV3_0094",
        "source_image": "dji_fly_20260306_173520_0004_1772836783152_photo.JPG",
        "max_height_m": Infinity,
        "mean_height_m": Infinity,
        "crown_area_px": 6912,
        "bbox_w_px": 227,
        "bbox_h_px": 115
      }
    },
    {
      "type": "Feature",
      "geometry": {
        "type": "Point",
        "coordinates": [
          -76.3199021,
          40.1044298
        ]
      },
      "properties": {
        "tree_id": "DINOV3_0095",
        "source_image": "dji_fly_20260306_173520_0004_1772836783152_photo.JPG",
        "max_height_m": Infinity,
        "mean_height_m": Infinity,
        "crown_area_px": 560,
        "bbox_w_px": 23,
        "bbox_h_px": 39
      }
    },
    {
      "type": "Feature",
      "geometry": {
        "type": "Point",
        "coordinates": [
          -76.3201049,
          40.1044271
        ]
      },
      "properties": {
        "tree_id": "DINOV3_0096",
        "source_image": "dji_fly_20260306_173520_0004_1772836783152_photo.JPG",
        "max_height_m": Infinity,
        "mean_height_m": Infinity,
        "crown_area_px": 112,
        "bbox_w_px": 11,
        "bbox_h_px": 11
      }
    },
    {
      "type": "Feature",
      "geometry": {
        "type": "Point",
        "coordinates": [
          -76.3202663,
          40.104426
        ]
      },
      "properties": {
        "tree_id": "DINOV3_0097",
        "source_image": "dji_fly_20260306_173520_0004_1772836783152_photo.JPG",
        "max_height_m": Infinity,
        "mean_height_m": Infinity,
        "crown_area_px": 496,
        "bbox_w_px": 51,
        "bbox_h_px": 27
      }
    },
    {
      "type": "Feature",
      "geometry": {
        "type": "Point",
        "coordinates": [
          -76.3199028,
          40.1044244
        ]
      },
      "properties": {
        "tree_id": "DINOV3_0098",
        "source_image": "dji_fly_20260306_173520_0004_1772836783152_photo.JPG",
        "max_height_m": Infinity,
        "mean_height_m": Infinity,
        "crown_area_px": 976,
        "bbox_w_px": 27,
        "bbox_h_px": 55
      }
    },
    {
      "type": "Feature",
      "geometry": {
        "type": "Point",
        "coordinates": [
          -76.3199084,
          40.1044233
        ]
      },
      "properties": {
        "tree_id": "DINOV3_0099",
        "source_image": "dji_fly_20260306_173520_0004_1772836783152_photo.JPG",
        "max_height_m": Infinity,
        "mean_height_m": Infinity,
        "crown_area_px": 1328,
        "bbox_w_px": 35,
        "bbox_h_px": 55
      }
    },
    {
      "type": "Feature",
      "geometry": {
        "type": "Point",
        "coordinates": [
          -76.3198473,
          40.1044206
        ]
      },
      "properties": {
        "tree_id": "DINOV3_0100",
        "source_image": "dji_fly_20260306_173520_0004_1772836783152_photo.JPG",
        "max_height_m": Infinity,
        "mean_height_m": Infinity,
        "crown_area_px": 288,
        "bbox_w_px": 15,
        "bbox_h_px": 27
      }
    },
    {
      "type": "Feature",
      "geometry": {
        "type": "Point",
        "coordinates": [
          -76.3200093,
          40.1044205
        ]
      },
      "properties": {
        "tree_id": "DINOV3_0101",
        "source_image": "dji_fly_20260306_173520_0004_1772836783152_photo.JPG",
        "max_height_m": Infinity,
        "mean_height_m": Infinity,
        "crown_area_px": 144,
        "bbox_w_px": 27,
        "bbox_h_px": 7
      }
    },
    {
      "type": "Feature",
      "geometry": {
        "type": "Point",
        "coordinates": [
          -76.3198466,
          40.1044172
        ]
      },
      "properties": {
        "tree_id": "DINOV3_0102",
        "source_image": "dji_fly_20260306_173520_0004_1772836783152_photo.JPG",
        "max_height_m": Infinity,
        "mean_height_m": Infinity,
        "crown_area_px": 144,
        "bbox_w_px": 19,
        "bbox_h_px": 15
      }
    },
    {
      "type": "Feature",
      "geometry": {
        "type": "Point",
        "coordinates": [
          -76.3201159,
          40.1044167
        ]
      },
      "properties": {
        "tree_id": "DINOV3_0103",
        "source_image": "dji_fly_20260306_173520_0004_1772836783152_photo.JPG",
        "max_height_m": Infinity,
        "mean_height_m": Infinity,
        "crown_area_px": 352,
        "bbox_w_px": 31,
        "bbox_h_px": 19
      }
    },
    {
      "type": "Feature",
      "geometry": {
        "type": "Point",
        "coordinates": [
          -76.3198611,
          40.1044147
        ]
      },
      "properties": {
        "tree_id": "DINOV3_0104",
        "source_image": "dji_fly_20260306_173520_0004_1772836783152_photo.JPG",
        "max_height_m": Infinity,
        "mean_height_m": Infinity,
        "crown_area_px": 1760,
        "bbox_w_px": 75,
        "bbox_h_px": 63
      }
    },
    {
      "type": "Feature",
      "geometry": {
        "type": "Point",
        "coordinates": [
          -76.3199237,
          40.1044149
        ]
      },
      "properties": {
        "tree_id": "DINOV3_0105",
        "source_image": "dji_fly_20260306_173520_0004_1772836783152_photo.JPG",
        "max_height_m": Infinity,
        "mean_height_m": Infinity,
        "crown_area_px": 1952,
        "bbox_w_px": 111,
        "bbox_h_px": 43
      }
    },
    {
      "type": "Feature",
      "geometry": {
        "type": "Point",
        "coordinates": [
          -76.3202862,
          40.1044076
        ]
      },
      "properties": {
        "tree_id": "DINOV3_0106",
        "source_image": "dji_fly_20260306_173520_0004_1772836783152_photo.JPG",
        "max_height_m": 1.92,
        "mean_height_m": 1.34,
        "crown_area_px": 1725,
        "bbox_w_px": 63,
        "bbox_h_px": 40
      }
    },
    {
      "type": "Feature",
      "geometry": {
        "type": "Point",
        "coordinates": [
          -76.3199391,
          40.1044076
        ]
      },
      "properties": {
        "tree_id": "DINOV3_0107",
        "source_image": "dji_fly_20260306_173520_0004_1772836783152_photo.JPG",
        "max_height_m": Infinity,
        "mean_height_m": Infinity,
        "crown_area_px": 112,
        "bbox_w_px": 23,
        "bbox_h_px": 7
      }
    },
    {
      "type": "Feature",
      "geometry": {
        "type": "Point",
        "coordinates": [
          -76.3199345,
          40.1044065
        ]
      },
      "properties": {
        "tree_id": "DINOV3_0108",
        "source_image": "dji_fly_20260306_173520_0004_1772836783152_photo.JPG",
        "max_height_m": Infinity,
        "mean_height_m": Infinity,
        "crown_area_px": 192,
        "bbox_w_px": 23,
        "bbox_h_px": 15
      }
    },
    {
      "type": "Feature",
      "geometry": {
        "type": "Point",
        "coordinates": [
          -76.3201934,
          40.1044061
        ]
      },
      "properties": {
        "tree_id": "DINOV3_0109",
        "source_image": "dji_fly_20260306_173520_0004_1772836783152_photo.JPG",
        "max_height_m": Infinity,
        "mean_height_m": Infinity,
        "crown_area_px": 144,
        "bbox_w_px": 23,
        "bbox_h_px": 7
      }
    },
    {
      "type": "Feature",
      "geometry": {
        "type": "Point",
        "coordinates": [
          -76.3199373,
          40.1044033
        ]
      },
      "properties": {
        "tree_id": "DINOV3_0110",
        "source_image": "dji_fly_20260306_173520_0004_1772836783152_photo.JPG",
        "max_height_m": Infinity,
        "mean_height_m": Infinity,
        "crown_area_px": 448,
        "bbox_w_px": 39,
        "bbox_h_px": 15
      }
    },
    {
      "type": "Feature",
      "geometry": {
        "type": "Point",
        "coordinates": [
          -76.3200149,
          40.104399
        ]
      },
      "properties": {
        "tree_id": "DINOV3_0111",
        "source_image": "dji_fly_20260306_173520_0004_1772836783152_photo.JPG",
        "max_height_m": Infinity,
        "mean_height_m": Infinity,
        "crown_area_px": 8480,
        "bbox_w_px": 683,
        "bbox_h_px": 47
      }
    },
    {
      "type": "Feature",
      "geometry": {
        "type": "Point",
        "coordinates": [
          -76.3202814,
          40.1043988
        ]
      },
      "properties": {
        "tree_id": "DINOV3_0112",
        "source_image": "dji_fly_20260306_173520_0004_1772836783152_photo.JPG",
        "max_height_m": 5.17,
        "mean_height_m": 2.07,
        "crown_area_px": 3561,
        "bbox_w_px": 130,
        "bbox_h_px": 46
      }
    },
    {
      "type": "Feature",
      "geometry": {
        "type": "Point",
        "coordinates": [
          -76.3200885,
          40.1043988
        ]
      },
      "properties": {
        "tree_id": "DINOV3_0113",
        "source_image": "dji_fly_20260306_173520_0004_1772836783152_photo.JPG",
        "max_height_m": Infinity,
        "mean_height_m": Infinity,
        "crown_area_px": 4848,
        "bbox_w_px": 483,
        "bbox_h_px": 43
      }
    },
    {
      "type": "Feature",
      "geometry": {
        "type": "Point",
        "coordinates": [
          -76.3200801,
          40.1044002
        ]
      },
      "properties": {
        "tree_id": "DINOV3_0114",
        "source_image": "dji_fly_20260306_173520_0004_1772836783152_photo.JPG",
        "max_height_m": Infinity,
        "mean_height_m": Infinity,
        "crown_area_px": 224,
        "bbox_w_px": 27,
        "bbox_h_px": 11
      }
    },
    {
      "type": "Feature",
      "geometry": {
        "type": "Point",
        "coordinates": [
          -76.320207,
          40.1043982
        ]
      },
      "properties": {
        "tree_id": "DINOV3_0115",
        "source_image": "dji_fly_20260306_173520_0004_1772836783152_photo.JPG",
        "max_height_m": Infinity,
        "mean_height_m": Infinity,
        "crown_area_px": 3344,
        "bbox_w_px": 367,
        "bbox_h_px": 31
      }
    },
    {
      "type": "Feature",
      "geometry": {
        "type": "Point",
        "coordinates": [
          -76.3201575,
          40.1043981
        ]
      },
      "properties": {
        "tree_id": "DINOV3_0116",
        "source_image": "dji_fly_20260306_173520_0004_1772836783152_photo.JPG",
        "max_height_m": Infinity,
        "mean_height_m": Infinity,
        "crown_area_px": 1984,
        "bbox_w_px": 323,
        "bbox_h_px": 27
      }
    },
    {
      "type": "Feature",
      "geometry": {
        "type": "Point",
        "coordinates": [
          -76.3201321,
          40.104397
        ]
      },
      "properties": {
        "tree_id": "DINOV3_0117",
        "source_image": "dji_fly_20260306_173520_0004_1772836783152_photo.JPG",
        "max_height_m": Infinity,
        "mean_height_m": Infinity,
        "crown_area_px": 176,
        "bbox_w_px": 43,
        "bbox_h_px": 3
      }
    },
    {
      "type": "Feature",
      "geometry": {
        "type": "Point",
        "coordinates": [
          -76.3203298,
          40.1048093
        ]
      },
      "properties": {
        "tree_id": "DINOV3_0001",
        "source_image": "dji_fly_20260306_173552_0005_1772836782939_photo.JPG",
        "max_height_m": Infinity,
        "mean_height_m": Infinity,
        "crown_area_px": 480,
        "bbox_w_px": 107,
        "bbox_h_px": 11
      }
    },
    {
      "type": "Feature",
      "geometry": {
        "type": "Point",
        "coordinates": [
          -76.3202787,
          40.1048096
        ]
      },
      "properties": {
        "tree_id": "DINOV3_0002",
        "source_image": "dji_fly_20260306_173552_0005_1772836782939_photo.JPG",
        "max_height_m": Infinity,
        "mean_height_m": Infinity,
        "crown_area_px": 336,
        "bbox_w_px": 55,
        "bbox_h_px": 7
      }
    },
    {
      "type": "Feature",
      "geometry": {
        "type": "Point",
        "coordinates": [
          -76.3201967,
          40.1048096
        ]
      },
      "properties": {
        "tree_id": "DINOV3_0003",
        "source_image": "dji_fly_20260306_173552_0005_1772836782939_photo.JPG",
        "max_height_m": Infinity,
        "mean_height_m": Infinity,
        "crown_area_px": 736,
        "bbox_w_px": 147,
        "bbox_h_px": 7
      }
    },
    {
      "type": "Feature",
      "geometry": {
        "type": "Point",
        "coordinates": [
          -76.3201593,
          40.1048096
        ]
      },
      "properties": {
        "tree_id": "DINOV3_0004",
        "source_image": "dji_fly_20260306_173552_0005_1772836782939_photo.JPG",
        "max_height_m": Infinity,
        "mean_height_m": Infinity,
        "crown_area_px": 816,
        "bbox_w_px": 183,
        "bbox_h_px": 7
      }
    },
    {
      "type": "Feature",
      "geometry": {
        "type": "Point",
        "coordinates": [
          -76.3201016,
          40.1048096
        ]
      },
      "properties": {
        "tree_id": "DINOV3_0005",
        "source_image": "dji_fly_20260306_173552_0005_1772836782939_photo.JPG",
        "max_height_m": Infinity,
        "mean_height_m": Infinity,
        "crown_area_px": 1136,
        "bbox_w_px": 247,
        "bbox_h_px": 7
      }
    },
    {
      "type": "Feature",
      "geometry": {
        "type": "Point",
        "coordinates": [
          -76.3199371,
          40.1047273
        ]
      },
      "properties": {
        "tree_id": "DINOV3_0006",
        "source_image": "dji_fly_20260306_173552_0005_1772836782939_photo.JPG",
        "max_height_m": Infinity,
        "mean_height_m": Infinity,
        "crown_area_px": 130288,
        "bbox_w_px": 1267,
        "bbox_h_px": 1124
      }
    },
    {
      "type": "Feature",
      "geometry": {
        "type": "Point",
        "coordinates": [
          -76.3198505,
          40.1048099
        ]
      },
      "properties": {
        "tree_id": "DINOV3_0007",
        "source_image": "dji_fly_20260306_173552_0005_1772836782939_photo.JPG",
        "max_height_m": Infinity,
        "mean_height_m": Infinity,
        "crown_area_px": 224,
        "bbox_w_px": 55,
        "bbox_h_px": 3
      }
    },
    {
      "type": "Feature",
      "geometry": {
        "type": "Point",
        "coordinates": [
          -76.3198366,
          40.1048099
        ]
      },
      "properties": {
        "tree_id": "DINOV3_0008",
        "source_image": "dji_fly_20260306_173552_0005_1772836782939_photo.JPG",
        "max_height_m": Infinity,
        "mean_height_m": Infinity,
        "crown_area_px": 128,
        "bbox_w_px": 31,
        "bbox_h_px": 3
      }
    },
    {
      "type": "Feature",
      "geometry": {
        "type": "Point",
        "coordinates": [
          -76.319582,
          40.1047948
        ]
      },
      "properties": {
        "tree_id": "DINOV3_0009",
        "source_image": "dji_fly_20260306_173552_0005_1772836782939_photo.JPG",
        "max_height_m": Infinity,
        "mean_height_m": Infinity,
        "crown_area_px": 5792,
        "bbox_w_px": 307,
        "bbox_h_px": 207
      }
    },
    {
      "type": "Feature",
      "geometry": {
        "type": "Point",
        "coordinates": [
          -76.3200056,
          40.1047987
        ]
      },
      "properties": {
        "tree_id": "DINOV3_0010",
        "source_image": "dji_fly_20260306_173552_0005_1772836782939_photo.JPG",
        "max_height_m": Infinity,
        "mean_height_m": Infinity,
        "crown_area_px": 112,
        "bbox_w_px": 11,
        "bbox_h_px": 11
      }
    },
    {
      "type": "Feature",
      "geometry": {
        "type": "Point",
        "coordinates": [
          -76.3203399,
          40.1047887
        ]
      },
      "properties": {
        "tree_id": "DINOV3_0011",
        "source_image": "dji_fly_20260306_173552_0005_1772836782939_photo.JPG",
        "max_height_m": Infinity,
        "mean_height_m": Infinity,
        "crown_area_px": 176,
        "bbox_w_px": 3,
        "bbox_h_px": 43
      }
    },
    {
      "type": "Feature",
      "geometry": {
        "type": "Point",
        "coordinates": [
          -76.3203352,
          40.1046928
        ]
      },
      "properties": {
        "tree_id": "DINOV3_0012",
        "source_image": "dji_fly_20260306_173552_0005_1772836782939_photo.JPG",
        "max_height_m": Infinity,
        "mean_height_m": Infinity,
        "crown_area_px": 16804,
        "bbox_w_px": 51,
        "bbox_h_px": 1128
      }
    },
    {
      "type": "Feature",
      "geometry": {
        "type": "Point",
        "coordinates": [
          -76.3198801,
          40.1047613
        ]
      },
      "properties": {
        "tree_id": "DINOV3_0013",
        "source_image": "dji_fly_20260306_173552_0005_1772836782939_photo.JPG",
        "max_height_m": Infinity,
        "mean_height_m": Infinity,
        "crown_area_px": 336,
        "bbox_w_px": 27,
        "bbox_h_px": 15
      }
    },
    {
      "type": "Feature",
      "geometry": {
        "type": "Point",
        "coordinates": [
          -76.3198743,
          40.1047566
        ]
      },
      "properties": {
        "tree_id": "DINOV3_0014",
        "source_image": "dji_fly_20260306_173552_0005_1772836782939_photo.JPG",
        "max_height_m": Infinity,
        "mean_height_m": Infinity,
        "crown_area_px": 256,
        "bbox_w_px": 23,
        "bbox_h_px": 15
      }
    },
    {
      "type": "Feature",
      "geometry": {
        "type": "Point",
        "coordinates": [
          -76.3198824,
          40.1047513
        ]
      },
      "properties": {
        "tree_id": "DINOV3_0015",
        "source_image": "dji_fly_20260306_173552_0005_1772836782939_photo.JPG",
        "max_height_m": Infinity,
        "mean_height_m": Infinity,
        "crown_area_px": 1776,
        "bbox_w_px": 83,
        "bbox_h_px": 55
      }
    },
    {
      "type": "Feature",
      "geometry": {
        "type": "Point",
        "coordinates": [
          -76.3198832,
          40.1047354
        ]
      },
      "properties": {
        "tree_id": "DINOV3_0016",
        "source_image": "dji_fly_20260306_173552_0005_1772836782939_photo.JPG",
        "max_height_m": Infinity,
        "mean_height_m": Infinity,
        "crown_area_px": 272,
        "bbox_w_px": 27,
        "bbox_h_px": 23
      }
    },
    {
      "type": "Feature",
      "geometry": {
        "type": "Point",
        "coordinates": [
          -76.319847,
          40.1047307
        ]
      },
      "properties": {
        "tree_id": "DINOV3_0017",
        "source_image": "dji_fly_20260306_173552_0005_1772836782939_photo.JPG",
        "max_height_m": Infinity,
        "mean_height_m": Infinity,
        "crown_area_px": 864,
        "bbox_w_px": 51,
        "bbox_h_px": 23
      }
    },
    {
      "type": "Feature",
      "geometry": {
        "type": "Point",
        "coordinates": [
          -76.3198643,
          40.1047307
        ]
      },
      "properties": {
        "tree_id": "DINOV3_0018",
        "source_image": "dji_fly_20260306_173552_0005_1772836782939_photo.JPG",
        "max_height_m": Infinity,
        "mean_height_m": Infinity,
        "crown_area_px": 112,
        "bbox_w_px": 15,
        "bbox_h_px": 7
      }
    },
    {
      "type": "Feature",
      "geometry": {
        "type": "Point",
        "coordinates": [
          -76.3197633,
          40.1046672
        ]
      },
      "properties": {
        "tree_id": "DINOV3_0019",
        "source_image": "dji_fly_20260306_173552_0005_1772836782939_photo.JPG",
        "max_height_m": Infinity,
        "mean_height_m": Infinity,
        "crown_area_px": 36872,
        "bbox_w_px": 479,
        "bbox_h_px": 428
      }
    },
    {
      "type": "Feature",
      "geometry": {
        "type": "Point",
        "coordinates": [
          -76.3197752,
          40.104644
        ]
      },
      "properties": {
        "tree_id": "DINOV3_0020",
        "source_image": "dji_fly_20260306_173552_0005_1772836782939_photo.JPG",
        "max_height_m": Infinity,
        "mean_height_m": Infinity,
        "crown_area_px": 45436,
        "bbox_w_px": 411,
        "bbox_h_px": 520
      }
    },
    {
      "type": "Feature",
      "geometry": {
        "type": "Point",
        "coordinates": [
          -76.3199055,
          40.1046783
        ]
      },
      "properties": {
        "tree_id": "DINOV3_0021",
        "source_image": "dji_fly_20260306_173552_0005_1772836782939_photo.JPG",
        "max_height_m": Infinity,
        "mean_height_m": Infinity,
        "crown_area_px": 720,
        "bbox_w_px": 75,
        "bbox_h_px": 23
      }
    },
    {
      "type": "Feature",
      "geometry": {
        "type": "Point",
        "coordinates": [
          -76.3199201,
          40.1046786
        ]
      },
      "properties": {
        "tree_id": "DINOV3_0022",
        "source_image": "dji_fly_20260306_173552_0005_1772836782939_photo.JPG",
        "max_height_m": Infinity,
        "mean_height_m": Infinity,
        "crown_area_px": 176,
        "bbox_w_px": 19,
        "bbox_h_px": 11
      }
    },
    {
      "type": "Feature",
      "geometry": {
        "type": "Point",
        "coordinates": [
          -76.3199332,
          40.1046765
        ]
      },
      "properties": {
        "tree_id": "DINOV3_0023",
        "source_image": "dji_fly_20260306_173552_0005_1772836782939_photo.JPG",
        "max_height_m": Infinity,
        "mean_height_m": Infinity,
        "crown_area_px": 192,
        "bbox_w_px": 19,
        "bbox_h_px": 15
      }
    },
    {
      "type": "Feature",
      "geometry": {
        "type": "Point",
        "coordinates": [
          -76.3198955,
          40.1046625
        ]
      },
      "properties": {
        "tree_id": "DINOV3_0024",
        "source_image": "dji_fly_20260306_173552_0005_1772836782939_photo.JPG",
        "max_height_m": Infinity,
        "mean_height_m": Infinity,
        "crown_area_px": 10036,
        "bbox_w_px": 139,
        "bbox_h_px": 156
      }
    },
    {
      "type": "Feature",
      "geometry": {
        "type": "Point",
        "coordinates": [
          -76.3197752,
          40.1046612
        ]
      },
      "properties": {
        "tree_id": "DINOV3_0025",
        "source_image": "dji_fly_20260306_173552_0005_1772836782939_photo.JPG",
        "max_height_m": Infinity,
        "mean_height_m": Infinity,
        "crown_area_px": 112,
        "bbox_w_px": 11,
        "bbox_h_px": 15
      }
    },
    {
      "type": "Feature",
      "geometry": {
        "type": "Point",
        "coordinates": [
          -76.3197083,
          40.1046313
        ]
      },
      "properties": {
        "tree_id": "DINOV3_0026",
        "source_image": "dji_fly_20260306_173552_0005_1772836782939_photo.JPG",
        "max_height_m": Infinity,
        "mean_height_m": Infinity,
        "crown_area_px": 1936,
        "bbox_w_px": 59,
        "bbox_h_px": 51
      }
    },
    {
      "type": "Feature",
      "geometry": {
        "type": "Point",
        "coordinates": [
          -76.319746,
          40.1046316
        ]
      },
      "properties": {
        "tree_id": "DINOV3_0027",
        "source_image": "dji_fly_20260306_173552_0005_1772836782939_photo.JPG",
        "max_height_m": Infinity,
        "mean_height_m": Infinity,
        "crown_area_px": 112,
        "bbox_w_px": 19,
        "bbox_h_px": 7
      }
    },
    {
      "type": "Feature",
      "geometry": {
        "type": "Point",
        "coordinates": [
          -76.3196963,
          40.1046242
        ]
      },
      "properties": {
        "tree_id": "DINOV3_0028",
        "source_image": "dji_fly_20260306_173552_0005_1772836782939_photo.JPG",
        "max_height_m": Infinity,
        "mean_height_m": Infinity,
        "crown_area_px": 192,
        "bbox_w_px": 23,
        "bbox_h_px": 19
      }
    },
    {
      "type": "Feature",
      "geometry": {
        "type": "Point",
        "coordinates": [
          -76.3201172,
          40.1045824
        ]
      },
      "properties": {
        "tree_id": "DINOV3_0029",
        "source_image": "dji_fly_20260306_173552_0005_1772836782939_photo.JPG",
        "max_height_m": Infinity,
        "mean_height_m": Infinity,
        "crown_area_px": 314557,
        "bbox_w_px": 1612,
        "bbox_h_px": 523
      }
    },
    {
      "type": "Feature",
      "geometry": {
        "type": "Point",
        "coordinates": [
          -76.3196809,
          40.1046136
        ]
      },
      "properties": {
        "tree_id": "DINOV3_0030",
        "source_image": "dji_fly_20260306_173552_0005_1772836782939_photo.JPG",
        "max_height_m": Infinity,
        "mean_height_m": Infinity,
        "crown_area_px": 2880,
        "bbox_w_px": 95,
        "bbox_h_px": 91
      }
    },
    {
      "type": "Feature",
      "geometry": {
        "type": "Point",
        "coordinates": [
          -76.3200831,
          40.1046095
        ]
      },
      "properties": {
        "tree_id": "DINOV3_0031",
        "source_image": "dji_fly_20260306_173552_0005_1772836782939_photo.JPG",
        "max_height_m": Infinity,
        "mean_height_m": Infinity,
        "crown_area_px": 352,
        "bbox_w_px": 55,
        "bbox_h_px": 11
      }
    },
    {
      "type": "Feature",
      "geometry": {
        "type": "Point",
        "coordinates": [
          -76.3202825,
          40.1046072
        ]
      },
      "properties": {
        "tree_id": "DINOV3_0032",
        "source_image": "dji_fly_20260306_173552_0005_1772836782939_photo.JPG",
        "max_height_m": Infinity,
        "mean_height_m": Infinity,
        "crown_area_px": 160,
        "bbox_w_px": 15,
        "bbox_h_px": 11
      }
    },
    {
      "type": "Feature",
      "geometry": {
        "type": "Point",
        "coordinates": [
          -76.320159,
          40.1046002
        ]
      },
      "properties": {
        "tree_id": "DINOV3_0033",
        "source_image": "dji_fly_20260306_173552_0005_1772836782939_photo.JPG",
        "max_height_m": 20.84,
        "mean_height_m": 9.15,
        "crown_area_px": 7570,
        "bbox_w_px": 113,
        "bbox_h_px": 99
      }
    },
    {
      "type": "Feature",
      "geometry": {
        "type": "Point",
        "coordinates": [
          -76.320101,
          40.1045983
        ]
      },
      "properties": {
        "tree_id": "DINOV3_0034",
        "source_image": "dji_fly_20260306_173552_0005_1772836782939_photo.JPG",
        "max_height_m": 2.83,
        "mean_height_m": 1.54,
        "crown_area_px": 3294,
        "bbox_w_px": 85,
        "bbox_h_px": 67
      }
    },
    {
      "type": "Feature",
      "geometry": {
        "type": "Point",
        "coordinates": [
          -76.3202017,
          40.1046004
        ]
      },
      "properties": {
        "tree_id": "DINOV3_0035",
        "source_image": "dji_fly_20260306_173552_0005_1772836782939_photo.JPG",
        "max_height_m": Infinity,
        "mean_height_m": Infinity,
        "crown_area_px": 496,
        "bbox_w_px": 31,
        "bbox_h_px": 23
      }
    },
    {
      "type": "Feature",
      "geometry": {
        "type": "Point",
        "coordinates": [
          -76.3197171,
          40.1045948
        ]
      },
      "properties": {
        "tree_id": "DINOV3_0036",
        "source_image": "dji_fly_20260306_173552_0005_1772836782939_photo.JPG",
        "max_height_m": Infinity,
        "mean_height_m": Infinity,
        "crown_area_px": 4336,
        "bbox_w_px": 87,
        "bbox_h_px": 91
      }
    },
    {
      "type": "Feature",
      "geometry": {
        "type": "Point",
        "coordinates": [
          -76.3203383,
          40.1045863
        ]
      },
      "properties": {
        "tree_id": "DINOV3_0037",
        "source_image": "dji_fly_20260306_173552_0005_1772836782939_photo.JPG",
        "max_height_m": Infinity,
        "mean_height_m": Infinity,
        "crown_area_px": 1056,
        "bbox_w_px": 19,
        "bbox_h_px": 183
      }
    },
    {
      "type": "Feature",
      "geometry": {
        "type": "Point",
        "coordinates": [
          -76.3196528,
          40.1045963
        ]
      },
      "properties": {
        "tree_id": "DINOV3_0038",
        "source_image": "dji_fly_20260306_173552_0005_1772836782939_photo.JPG",
        "max_height_m": Infinity,
        "mean_height_m": Infinity,
        "crown_area_px": 896,
        "bbox_w_px": 35,
        "bbox_h_px": 31
      }
    },
    {
      "type": "Feature",
      "geometry": {
        "type": "Point",
        "coordinates": [
          -76.3196551,
          40.1045827
        ]
      },
      "properties": {
        "tree_id": "DINOV3_0039",
        "source_image": "dji_fly_20260306_173552_0005_1772836782939_photo.JPG",
        "max_height_m": Infinity,
        "mean_height_m": Infinity,
        "crown_area_px": 2752,
        "bbox_w_px": 91,
        "bbox_h_px": 95
      }
    },
    {
      "type": "Feature",
      "geometry": {
        "type": "Point",
        "coordinates": [
          -76.3200912,
          40.1045863
        ]
      },
      "properties": {
        "tree_id": "DINOV3_0040",
        "source_image": "dji_fly_20260306_173552_0005_1772836782939_photo.JPG",
        "max_height_m": Infinity,
        "mean_height_m": Infinity,
        "crown_area_px": 784,
        "bbox_w_px": 27,
        "bbox_h_px": 31
      }
    },
    {
      "type": "Feature",
      "geometry": {
        "type": "Point",
        "coordinates": [
          -76.3196886,
          40.1045745
        ]
      },
      "properties": {
        "tree_id": "DINOV3_0041",
        "source_image": "dji_fly_20260306_173552_0005_1772836782939_photo.JPG",
        "max_height_m": Infinity,
        "mean_height_m": Infinity,
        "crown_area_px": 5712,
        "bbox_w_px": 111,
        "bbox_h_px": 127
      }
    },
    {
      "type": "Feature",
      "geometry": {
        "type": "Point",
        "coordinates": [
          -76.3200117,
          40.1045764
        ]
      },
      "properties": {
        "tree_id": "DINOV3_0042",
        "source_image": "dji_fly_20260306_173552_0005_1772836782939_photo.JPG",
        "max_height_m": Infinity,
        "mean_height_m": Infinity,
        "crown_area_px": 5570,
        "bbox_w_px": 122,
        "bbox_h_px": 78
      }
    },
    {
      "type": "Feature",
      "geometry": {
        "type": "Point",
        "coordinates": [
          -76.3195989,
          40.1045636
        ]
      },
      "properties": {
        "tree_id": "DINOV3_0043",
        "source_image": "dji_fly_20260306_173552_0005_1772836782939_photo.JPG",
        "max_height_m": Infinity,
        "mean_height_m": Infinity,
        "crown_area_px": 640,
        "bbox_w_px": 35,
        "bbox_h_px": 27
      }
    },
    {
      "type": "Feature",
      "geometry": {
        "type": "Point",
        "coordinates": [
          -76.3196582,
          40.1045562
        ]
      },
      "properties": {
        "tree_id": "DINOV3_0044",
        "source_image": "dji_fly_20260306_173552_0005_1772836782939_photo.JPG",
        "max_height_m": Infinity,
        "mean_height_m": Infinity,
        "crown_area_px": 6336,
        "bbox_w_px": 99,
        "bbox_h_px": 103
      }
    },
    {
      "type": "Feature",
      "geometry": {
        "type": "Point",
        "coordinates": [
          -76.3199652,
          40.1045601
        ]
      },
      "properties": {
        "tree_id": "DINOV3_0045",
        "source_image": "dji_fly_20260306_173552_0005_1772836782939_photo.JPG",
        "max_height_m": Infinity,
        "mean_height_m": Infinity,
        "crown_area_px": 176,
        "bbox_w_px": 15,
        "bbox_h_px": 19
      }
    },
    {
      "type": "Feature",
      "geometry": {
        "type": "Point",
        "coordinates": [
          -76.3197991,
          40.1045607
        ]
      },
      "properties": {
        "tree_id": "DINOV3_0046",
        "source_image": "dji_fly_20260306_173552_0005_1772836782939_photo.JPG",
        "max_height_m": Infinity,
        "mean_height_m": Infinity,
        "crown_area_px": 128,
        "bbox_w_px": 11,
        "bbox_h_px": 11
      }
    },
    {
      "type": "Feature",
      "geometry": {
        "type": "Point",
        "coordinates": [
          -76.3201643,
          40.1045515
        ]
      },
      "properties": {
        "tree_id": "DINOV3_0047",
        "source_image": "dji_fly_20260306_173552_0005_1772836782939_photo.JPG",
        "max_height_m": Infinity,
        "mean_height_m": Infinity,
        "crown_area_px": 128,
        "bbox_w_px": 19,
        "bbox_h_px": 7
      }
    },
    {
      "type": "Feature",
      "geometry": {
        "type": "Point",
        "coordinates": [
          -76.3195535,
          40.1045374
        ]
      },
      "properties": {
        "tree_id": "DINOV3_0048",
        "source_image": "dji_fly_20260306_173552_0005_1772836782939_photo.JPG",
        "max_height_m": Infinity,
        "mean_height_m": Infinity,
        "crown_area_px": 976,
        "bbox_w_px": 11,
        "bbox_h_px": 199
      }
    },
    {
      "type": "Feature",
      "geometry": {
        "type": "Point",
        "coordinates": [
          -76.319627,
          40.1045368
        ]
      },
      "properties": {
        "tree_id": "DINOV3_0049",
        "source_image": "dji_fly_20260306_173552_0005_1772836782939_photo.JPG",
        "max_height_m": Infinity,
        "mean_height_m": Infinity,
        "crown_area_px": 5536,
        "bbox_w_px": 119,
        "bbox_h_px": 127
      }
    },
    {
      "type": "Feature",
      "geometry": {
        "type": "Point",
        "coordinates": [
          -76.3203399,
          40.1045386
        ]
      },
      "properties": {
        "tree_id": "DINOV3_0050",
        "source_image": "dji_fly_20260306_173552_0005_1772836782939_photo.JPG",
        "max_height_m": Infinity,
        "mean_height_m": Infinity,
        "crown_area_px": 256,
        "bbox_w_px": 3,
        "bbox_h_px": 63
      }
    },
    {
      "type": "Feature",
      "geometry": {
        "type": "Point",
        "coordinates": [
          -76.319919,
          40.1045327
        ]
      },
      "properties": {
        "tree_id": "DINOV3_0051",
        "source_image": "dji_fly_20260306_173552_0005_1772836782939_photo.JPG",
        "max_height_m": Infinity,
        "mean_height_m": Infinity,
        "crown_area_px": 1232,
        "bbox_w_px": 95,
        "bbox_h_px": 39
      }
    },
    {
      "type": "Feature",
      "geometry": {
        "type": "Point",
        "coordinates": [
          -76.3198993,
          40.1045294
        ]
      },
      "properties": {
        "tree_id": "DINOV3_0052",
        "source_image": "dji_fly_20260306_173552_0005_1772836782939_photo.JPG",
        "max_height_m": Infinity,
        "mean_height_m": Infinity,
        "crown_area_px": 1472,
        "bbox_w_px": 75,
        "bbox_h_px": 43
      }
    },
    {
      "type": "Feature",
      "geometry": {
        "type": "Point",
        "coordinates": [
          -76.3195651,
          40.1045271
        ]
      },
      "properties": {
        "tree_id": "DINOV3_0053",
        "source_image": "dji_fly_20260306_173552_0005_1772836782939_photo.JPG",
        "max_height_m": Infinity,
        "mean_height_m": Infinity,
        "crown_area_px": 880,
        "bbox_w_px": 67,
        "bbox_h_px": 19
      }
    },
    {
      "type": "Feature",
      "geometry": {
        "type": "Point",
        "coordinates": [
          -76.3198897,
          40.1045259
        ]
      },
      "properties": {
        "tree_id": "DINOV3_0054",
        "source_image": "dji_fly_20260306_173552_0005_1772836782939_photo.JPG",
        "max_height_m": Infinity,
        "mean_height_m": Infinity,
        "crown_area_px": 176,
        "bbox_w_px": 23,
        "bbox_h_px": 11
      }
    },
    {
      "type": "Feature",
      "geometry": {
        "type": "Point",
        "coordinates": [
          -76.3198832,
          40.1045247
        ]
      },
      "properties": {
        "tree_id": "DINOV3_0055",
        "source_image": "dji_fly_20260306_173552_0005_1772836782939_photo.JPG",
        "max_height_m": Infinity,
        "mean_height_m": Infinity,
        "crown_area_px": 272,
        "bbox_w_px": 27,
        "bbox_h_px": 11
      }
    },
    {
      "type": "Feature",
      "geometry": {
        "type": "Point",
        "coordinates": [
          -76.3195951,
          40.1045174
        ]
      },
      "properties": {
        "tree_id": "DINOV3_0056",
        "source_image": "dji_fly_20260306_173552_0005_1772836782939_photo.JPG",
        "max_height_m": Infinity,
        "mean_height_m": Infinity,
        "crown_area_px": 3632,
        "bbox_w_px": 75,
        "bbox_h_px": 87
      }
    },
    {
      "type": "Feature",
      "geometry": {
        "type": "Point",
        "coordinates": [
          -76.319557,
          40.1045081
        ]
      },
      "properties": {
        "tree_id": "DINOV3_0057",
        "source_image": "dji_fly_20260306_173552_0005_1772836782939_photo.JPG",
        "max_height_m": Infinity,
        "mean_height_m": Infinity,
        "crown_area_px": 1876,
        "bbox_w_px": 47,
        "bbox_h_px": 140
      }
    },
    {
      "type": "Feature",
      "geometry": {
        "type": "Point",
        "coordinates": [
          -76.3198306,
          40.1044881
        ]
      },
      "properties": {
        "tree_id": "DINOV3_0058",
        "source_image": "dji_fly_20260306_173552_0005_1772836782939_photo.JPG",
        "max_height_m": Infinity,
        "mean_height_m": Infinity,
        "crown_area_px": 70227,
        "bbox_w_px": 332,
        "bbox_h_px": 308
      }
    },
    {
      "type": "Feature",
      "geometry": {
        "type": "Point",
        "coordinates": [
          -76.3199186,
          40.104484
        ]
      },
      "properties": {
        "tree_id": "DINOV3_0059",
        "source_image": "dji_fly_20260306_173552_0005_1772836782939_photo.JPG",
        "max_height_m": Infinity,
        "mean_height_m": Infinity,
        "crown_area_px": 368,
        "bbox_w_px": 43,
        "bbox_h_px": 19
      }
    },
    {
      "type": "Feature",
      "geometry": {
        "type": "Point",
        "coordinates": [
          -76.3198174,
          40.1044625
        ]
      },
      "properties": {
        "tree_id": "DINOV3_0060",
        "source_image": "dji_fly_20260306_173552_0005_1772836782939_photo.JPG",
        "max_height_m": Infinity,
        "mean_height_m": Infinity,
        "crown_area_px": 336,
        "bbox_w_px": 23,
        "bbox_h_px": 15
      }
    },
    {
      "type": "Feature",
      "geometry": {
        "type": "Point",
        "coordinates": [
          -76.3198231,
          40.104423
        ]
      },
      "properties": {
        "tree_id": "DINOV3_0061",
        "source_image": "dji_fly_20260306_173552_0005_1772836782939_photo.JPG",
        "max_height_m": Infinity,
        "mean_height_m": Infinity,
        "crown_area_px": 144,
        "bbox_w_px": 11,
        "bbox_h_px": 15
      }
    },
    {
      "type": "Feature",
      "geometry": {
        "type": "Point",
        "coordinates": [
          -76.3203395,
          40.1043983
        ]
      },
      "properties": {
        "tree_id": "DINOV3_0062",
        "source_image": "dji_fly_20260306_173552_0005_1772836782939_photo.JPG",
        "max_height_m": Infinity,
        "mean_height_m": Infinity,
        "crown_area_px": 208,
        "bbox_w_px": 7,
        "bbox_h_px": 39
      }
    },
    {
      "type": "Feature",
      "geometry": {
        "type": "Point",
        "coordinates": [
          -76.3198301,
          40.1043745
        ]
      },
      "properties": {
        "tree_id": "DINOV3_0063",
        "source_image": "dji_fly_20260306_173552_0005_1772836782939_photo.JPG",
        "max_height_m": Infinity,
        "mean_height_m": Infinity,
        "crown_area_px": 512,
        "bbox_w_px": 35,
        "bbox_h_px": 27
      }
    },
    {
      "type": "Feature",
      "geometry": {
        "type": "Point",
        "coordinates": [
          -76.3196755,
          40.1043715
        ]
      },
      "properties": {
        "tree_id": "DINOV3_0064",
        "source_image": "dji_fly_20260306_173552_0005_1772836782939_photo.JPG",
        "max_height_m": Infinity,
        "mean_height_m": Infinity,
        "crown_area_px": 528,
        "bbox_w_px": 23,
        "bbox_h_px": 43
      }
    },
    {
      "type": "Feature",
      "geometry": {
        "type": "Point",
        "coordinates": [
          -76.3198328,
          40.1043671
        ]
      },
      "properties": {
        "tree_id": "DINOV3_0065",
        "source_image": "dji_fly_20260306_173552_0005_1772836782939_photo.JPG",
        "max_height_m": Infinity,
        "mean_height_m": Infinity,
        "crown_area_px": 912,
        "bbox_w_px": 47,
        "bbox_h_px": 55
      }
    },
    {
      "type": "Feature",
      "geometry": {
        "type": "Point",
        "coordinates": [
          -76.3196786,
          40.1043647
        ]
      },
      "properties": {
        "tree_id": "DINOV3_0066",
        "source_image": "dji_fly_20260306_173552_0005_1772836782939_photo.JPG",
        "max_height_m": Infinity,
        "mean_height_m": Infinity,
        "crown_area_px": 176,
        "bbox_w_px": 23,
        "bbox_h_px": 15
      }
    },
    {
      "type": "Feature",
      "geometry": {
        "type": "Point",
        "coordinates": [
          -76.3198432,
          40.1043603
        ]
      },
      "properties": {
        "tree_id": "DINOV3_0067",
        "source_image": "dji_fly_20260306_173552_0005_1772836782939_photo.JPG",
        "max_height_m": Infinity,
        "mean_height_m": Infinity,
        "crown_area_px": 2048,
        "bbox_w_px": 179,
        "bbox_h_px": 27
      }
    },
    {
      "type": "Feature",
      "geometry": {
        "type": "Point",
        "coordinates": [
          -76.3197756,
          40.1043586
        ]
      },
      "properties": {
        "tree_id": "DINOV3_0068",
        "source_image": "dji_fly_20260306_173552_0005_1772836782939_photo.JPG",
        "max_height_m": Infinity,
        "mean_height_m": Infinity,
        "crown_area_px": 192,
        "bbox_w_px": 47,
        "bbox_h_px": 3
      }
    },
    {
      "type": "Feature",
      "geometry": {
        "type": "Point",
        "coordinates": [
          -76.3196132,
          40.1043586
        ]
      },
      "properties": {
        "tree_id": "DINOV3_0069",
        "source_image": "dji_fly_20260306_173552_0005_1772836782939_photo.JPG",
        "max_height_m": Infinity,
        "mean_height_m": Infinity,
        "crown_area_px": 448,
        "bbox_w_px": 111,
        "bbox_h_px": 3
      }
    },
    {
      "type": "Feature",
      "geometry": {
        "type": "Point",
        "coordinates": [
          -76.319582,
          40.1043586
        ]
      },
      "properties": {
        "tree_id": "DINOV3_0070",
        "source_image": "dji_fly_20260306_173552_0005_1772836782939_photo.JPG",
        "max_height_m": Infinity,
        "mean_height_m": Infinity,
        "crown_area_px": 144,
        "bbox_w_px": 35,
        "bbox_h_px": 3
      }
    },
    {
      "type": "Feature",
      "geometry": {
        "type": "Point",
        "coordinates": [
          -76.3188007,
          40.1055622
        ]
      },
      "properties": {
        "tree_id": "DINOV3_0001",
        "source_image": "dji_fly_20260307_115944_0010_1772903201779_photo.JPG",
        "max_height_m": 6.34,
        "mean_height_m": 3.26,
        "crown_area_px": 1227,
        "bbox_w_px": 67,
        "bbox_h_px": 23
      }
    },
    {
      "type": "Feature",
      "geometry": {
        "type": "Point",
        "coordinates": [
          -76.3182179,
          40.1055651
        ]
      },
      "properties": {
        "tree_id": "DINOV3_0002",
        "source_image": "dji_fly_20260307_115944_0010_1772903201779_photo.JPG",
        "max_height_m": 5.7,
        "mean_height_m": 3.02,
        "crown_area_px": 372,
        "bbox_w_px": 30,
        "bbox_h_px": 14
      }
    },
    {
      "type": "Feature",
      "geometry": {
        "type": "Point",
        "coordinates": [
          -76.3219031,
          40.1055124
        ]
      },
      "properties": {
        "tree_id": "DINOV3_0003",
        "source_image": "dji_fly_20260307_115944_0010_1772903201779_photo.JPG",
        "max_height_m": Infinity,
        "mean_height_m": Infinity,
        "crown_area_px": 6080,
        "bbox_w_px": 343,
        "bbox_h_px": 159
      }
    },
    {
      "type": "Feature",
      "geometry": {
        "type": "Point",
        "coordinates": [
          -76.3212279,
          40.1054749
        ]
      },
      "properties": {
        "tree_id": "DINOV3_0004",
        "source_image": "dji_fly_20260307_115944_0010_1772903201779_photo.JPG",
        "max_height_m": Infinity,
        "mean_height_m": Infinity,
        "crown_area_px": 37280,
        "bbox_w_px": 951,
        "bbox_h_px": 263
      }
    },
    {
      "type": "Feature",
      "geometry": {
        "type": "Point",
        "coordinates": [
          -76.3209281,
          40.1055254
        ]
      },
      "properties": {
        "tree_id": "DINOV3_0005",
        "source_image": "dji_fly_20260307_115944_0010_1772903201779_photo.JPG",
        "max_height_m": Infinity,
        "mean_height_m": Infinity,
        "crown_area_px": 7392,
        "bbox_w_px": 315,
        "bbox_h_px": 123
      }
    },
    {
      "type": "Feature",
      "geometry": {
        "type": "Point",
        "coordinates": [
          -76.3204613,
          40.1055629
        ]
      },
      "properties": {
        "tree_id": "DINOV3_0006",
        "source_image": "dji_fly_20260307_115944_0010_1772903201779_photo.JPG",
        "max_height_m": Infinity,
        "mean_height_m": Infinity,
        "crown_area_px": 3488,
        "bbox_w_px": 623,
        "bbox_h_px": 19
      }
    },
    {
      "type": "Feature",
      "geometry": {
        "type": "Point",
        "coordinates": [
          -76.3198559,
          40.1054331
        ]
      },
      "properties": {
        "tree_id": "DINOV3_0007",
        "source_image": "dji_fly_20260307_115944_0010_1772903201779_photo.JPG",
        "max_height_m": Infinity,
        "mean_height_m": Infinity,
        "crown_area_px": 90392,
        "bbox_w_px": 555,
        "bbox_h_px": 379
      }
    },
    {
      "type": "Feature",
      "geometry": {
        "type": "Point",
        "coordinates": [
          -76.3195881,
          40.1055673
        ]
      },
      "properties": {
        "tree_id": "DINOV3_0008",
        "source_image": "dji_fly_20260307_115944_0010_1772903201779_photo.JPG",
        "max_height_m": Infinity,
        "mean_height_m": Infinity,
        "crown_area_px": 144,
        "bbox_w_px": 27,
        "bbox_h_px": 7
      }
    },
    {
      "type": "Feature",
      "geometry": {
        "type": "Point",
        "coordinates": [
          -76.3195051,
          40.1055687
        ]
      },
      "properties": {
        "tree_id": "DINOV3_0009",
        "source_image": "dji_fly_20260307_115944_0010_1772903201779_photo.JPG",
        "max_height_m": Infinity,
        "mean_height_m": Infinity,
        "crown_area_px": 112,
        "bbox_w_px": 27,
        "bbox_h_px": 3
      }
    },
    {
      "type": "Feature",
      "geometry": {
        "type": "Point",
        "coordinates": [
          -76.3189497,
          40.105154
        ]
      },
      "properties": {
        "tree_id": "DINOV3_0010",
        "source_image": "dji_fly_20260307_115944_0010_1772903201779_photo.JPG",
        "max_height_m": Infinity,
        "mean_height_m": Infinity,
        "crown_area_px": 558810,
        "bbox_w_px": 1581,
        "bbox_h_px": 1152
      }
    },
    {
      "type": "Feature",
      "geometry": {
        "type": "Point",
        "coordinates": [
          -76.3183528,
          40.1054374
        ]
      },
      "properties": {
        "tree_id": "DINOV3_0011",
        "source_image": "dji_fly_20260307_115944_0010_1772903201779_photo.JPG",
        "max_height_m": Infinity,
        "mean_height_m": Infinity,
        "crown_area_px": 24306,
        "bbox_w_px": 316,
        "bbox_h_px": 367
      }
    },
    {
      "type": "Feature",
      "geometry": {
        "type": "Point",
        "coordinates": [
          -76.3208489,
          40.1055269
        ]
      },
      "properties": {
        "tree_id": "DINOV3_0012",
        "source_image": "dji_fly_20260307_115944_0010_1772903201779_photo.JPG",
        "max_height_m": Infinity,
        "mean_height_m": Infinity,
        "crown_area_px": 3360,
        "bbox_w_px": 67,
        "bbox_h_px": 79
      }
    },
    {
      "type": "Feature",
      "geometry": {
        "type": "Point",
        "coordinates": [
          -76.3184216,
          40.1055427
        ]
      },
      "properties": {
        "tree_id": "DINOV3_0013",
        "source_image": "dji_fly_20260307_115944_0010_1772903201779_photo.JPG",
        "max_height_m": Infinity,
        "mean_height_m": Infinity,
        "crown_area_px": 512,
        "bbox_w_px": 27,
        "bbox_h_px": 27
      }
    },
    {
      "type": "Feature",
      "geometry": {
        "type": "Point",
        "coordinates": [
          -76.3191609,
          40.1055096
        ]
      },
      "properties": {
        "tree_id": "DINOV3_0014",
        "source_image": "dji_fly_20260307_115944_0010_1772903201779_photo.JPG",
        "max_height_m": Infinity,
        "mean_height_m": Infinity,
        "crown_area_px": 3840,
        "bbox_w_px": 83,
        "bbox_h_px": 79
      }
    },
    {
      "type": "Feature",
      "geometry": {
        "type": "Point",
        "coordinates": [
          -76.3200916,
          40.1055297
        ]
      },
      "properties": {
        "tree_id": "DINOV3_0015",
        "source_image": "dji_fly_20260307_115944_0010_1772903201779_photo.JPG",
        "max_height_m": Infinity,
        "mean_height_m": Infinity,
        "crown_area_px": 128,
        "bbox_w_px": 15,
        "bbox_h_px": 15
      }
    },
    {
      "type": "Feature",
      "geometry": {
        "type": "Point",
        "coordinates": [
          -76.3216202,
          40.1054937
        ]
      },
      "properties": {
        "tree_id": "DINOV3_0016",
        "source_image": "dji_fly_20260307_115944_0010_1772903201779_photo.JPG",
        "max_height_m": Infinity,
        "mean_height_m": Infinity,
        "crown_area_px": 5312,
        "bbox_w_px": 151,
        "bbox_h_px": 83
      }
    },
    {
      "type": "Feature",
      "geometry": {
        "type": "Point",
        "coordinates": [
          -76.3217315,
          40.1055153
        ]
      },
      "properties": {
        "tree_id": "DINOV3_0017",
        "source_image": "dji_fly_20260307_115944_0010_1772903201779_photo.JPG",
        "max_height_m": Infinity,
        "mean_height_m": Infinity,
        "crown_area_px": 160,
        "bbox_w_px": 19,
        "bbox_h_px": 15
      }
    },
    {
      "type": "Feature",
      "geometry": {
        "type": "Point",
        "coordinates": [
          -76.3213637,
          40.1055153
        ]
      },
      "properties": {
        "tree_id": "DINOV3_0018",
        "source_image": "dji_fly_20260307_115944_0010_1772903201779_photo.JPG",
        "max_height_m": Infinity,
        "mean_height_m": Infinity,
        "crown_area_px": 384,
        "bbox_w_px": 39,
        "bbox_h_px": 15
      }
    },
    {
      "type": "Feature",
      "geometry": {
        "type": "Point",
        "coordinates": [
          -76.3201011,
          40.1055139
        ]
      },
      "properties": {
        "tree_id": "DINOV3_0019",
        "source_image": "dji_fly_20260307_115944_0010_1772903201779_photo.JPG",
        "max_height_m": Infinity,
        "mean_height_m": Infinity,
        "crown_area_px": 288,
        "bbox_w_px": 19,
        "bbox_h_px": 19
      }
    },
    {
      "type": "Feature",
      "geometry": {
        "type": "Point",
        "coordinates": [
          -76.3186743,
          40.1054793
        ]
      },
      "properties": {
        "tree_id": "DINOV3_0020",
        "source_image": "dji_fly_20260307_115944_0010_1772903201779_photo.JPG",
        "max_height_m": Infinity,
        "mean_height_m": Infinity,
        "crown_area_px": 2032,
        "bbox_w_px": 43,
        "bbox_h_px": 67
      }
    },
    {
      "type": "Feature",
      "geometry": {
        "type": "Point",
        "coordinates": [
          -76.3205763,
          40.1054966
        ]
      },
      "properties": {
        "tree_id": "DINOV3_0021",
        "source_image": "dji_fly_20260307_115944_0010_1772903201779_photo.JPG",
        "max_height_m": Infinity,
        "mean_height_m": Infinity,
        "crown_area_px": 176,
        "bbox_w_px": 19,
        "bbox_h_px": 11
      }
    },
    {
      "type": "Feature",
      "geometry": {
        "type": "Point",
        "coordinates": [
          -76.3208394,
          40.1054807
        ]
      },
      "properties": {
        "tree_id": "DINOV3_0022",
        "source_image": "dji_fly_20260307_115944_0010_1772903201779_photo.JPG",
        "max_height_m": Infinity,
        "mean_height_m": Infinity,
        "crown_area_px": 928,
        "bbox_w_px": 47,
        "bbox_h_px": 31
      }
    },
    {
      "type": "Feature",
      "geometry": {
        "type": "Point",
        "coordinates": [
          -76.320135,
          40.1044197
        ]
      },
      "properties": {
        "tree_id": "DINOV3_0023",
        "source_image": "dji_fly_20260307_115944_0010_1772903201779_photo.JPG",
        "max_height_m": Infinity,
        "mean_height_m": Infinity,
        "crown_area_px": 2769060,
        "bbox_w_px": 4093,
        "bbox_h_px": 2949
      }
    },
    {
      "type": "Feature",
      "geometry": {
        "type": "Point",
        "coordinates": [
          -76.3206046,
          40.1054504
        ]
      },
      "properties": {
        "tree_id": "DINOV3_0024",
        "source_image": "dji_fly_20260307_115944_0010_1772903201779_photo.JPG",
        "max_height_m": Infinity,
        "mean_height_m": Infinity,
        "crown_area_px": 4704,
        "bbox_w_px": 71,
        "bbox_h_px": 91
      }
    },
    {
      "type": "Feature",
      "geometry": {
        "type": "Point",
        "coordinates": [
          -76.3204632,
          40.1054288
        ]
      },
      "properties": {
        "tree_id": "DINOV3_0025",
        "source_image": "dji_fly_20260307_115944_0010_1772903201779_photo.JPG",
        "max_height_m": Infinity,
        "mean_height_m": Infinity,
        "crown_area_px": 10384,
        "bbox_w_px": 107,
        "bbox_h_px": 135
      }
    },
    {
      "type": "Feature",
      "geometry": {
        "type": "Point",
        "coordinates": [
          -76.3200784,
          40.1054677
        ]
      },
      "properties": {
        "tree_id": "DINOV3_0026",
        "source_image": "dji_fly_20260307_115944_0010_1772903201779_photo.JPG",
        "max_height_m": Infinity,
        "mean_height_m": Infinity,
        "crown_area_px": 432,
        "bbox_w_px": 19,
        "bbox_h_px": 27
      }
    },
    {
      "type": "Feature",
      "geometry": {
        "type": "Point",
        "coordinates": [
          -76.3185499,
          40.1054562
        ]
      },
      "properties": {
        "tree_id": "DINOV3_0027",
        "source_image": "dji_fly_20260307_115944_0010_1772903201779_photo.JPG",
        "max_height_m": Infinity,
        "mean_height_m": Infinity,
        "crown_area_px": 800,
        "bbox_w_px": 51,
        "bbox_h_px": 19
      }
    },
    {
      "type": "Feature",
      "geometry": {
        "type": "Point",
        "coordinates": [
          -76.3216749,
          40.105449
        ]
      },
      "properties": {
        "tree_id": "DINOV3_0028",
        "source_image": "dji_fly_20260307_115944_0010_1772903201779_photo.JPG",
        "max_height_m": Infinity,
        "mean_height_m": Infinity,
        "crown_area_px": 416,
        "bbox_w_px": 35,
        "bbox_h_px": 15
      }
    },
    {
      "type": "Feature",
      "geometry": {
        "type": "Point",
        "coordinates": [
          -76.3185612,
          40.1054129
        ]
      },
      "properties": {
        "tree_id": "DINOV3_0029",
        "source_image": "dji_fly_20260307_115944_0010_1772903201779_photo.JPG",
        "max_height_m": Infinity,
        "mean_height_m": Infinity,
        "crown_area_px": 9056,
        "bbox_w_px": 267,
        "bbox_h_px": 115
      }
    },
    {
      "type": "Feature",
      "geometry": {
        "type": "Point",
        "coordinates": [
          -76.3184895,
          40.105449
        ]
      },
      "properties": {
        "tree_id": "DINOV3_0030",
        "source_image": "dji_fly_20260307_115944_0010_1772903201779_photo.JPG",
        "max_height_m": Infinity,
        "mean_height_m": Infinity,
        "crown_area_px": 304,
        "bbox_w_px": 27,
        "bbox_h_px": 15
      }
    },
    {
      "type": "Feature",
      "geometry": {
        "type": "Point",
        "coordinates": [
          -76.3218579,
          40.1054331
        ]
      },
      "properties": {
        "tree_id": "DINOV3_0031",
        "source_image": "dji_fly_20260307_115944_0010_1772903201779_photo.JPG",
        "max_height_m": Infinity,
        "mean_height_m": Infinity,
        "crown_area_px": 464,
        "bbox_w_px": 31,
        "bbox_h_px": 19
      }
    },
    {
      "type": "Feature",
      "geometry": {
        "type": "Point",
        "coordinates": [
          -76.3184386,
          40.1054345
        ]
      },
      "properties": {
        "tree_id": "DINOV3_0032",
        "source_image": "dji_fly_20260307_115944_0010_1772903201779_photo.JPG",
        "max_height_m": Infinity,
        "mean_height_m": Infinity,
        "crown_area_px": 320,
        "bbox_w_px": 39,
        "bbox_h_px": 15
      }
    },
    {
      "type": "Feature",
      "geometry": {
        "type": "Point",
        "coordinates": [
          -76.3204613,
          40.1053523
        ]
      },
      "properties": {
        "tree_id": "DINOV3_0033",
        "source_image": "dji_fly_20260307_115944_0010_1772903201779_photo.JPG",
        "max_height_m": Infinity,
        "mean_height_m": Infinity,
        "crown_area_px": 21360,
        "bbox_w_px": 671,
        "bbox_h_px": 203
      }
    },
    {
      "type": "Feature",
      "geometry": {
        "type": "Point",
        "coordinates": [
          -76.3183481,
          40.1053696
        ]
      },
      "properties": {
        "tree_id": "DINOV3_0034",
        "source_image": "dji_fly_20260307_115944_0010_1772903201779_photo.JPG",
        "max_height_m": Infinity,
        "mean_height_m": Infinity,
        "crown_area_px": 2144,
        "bbox_w_px": 79,
        "bbox_h_px": 67
      }
    },
    {
      "type": "Feature",
      "geometry": {
        "type": "Point",
        "coordinates": [
          -76.3199502,
          40.1053819
        ]
      },
      "properties": {
        "tree_id": "DINOV3_0035",
        "source_image": "dji_fly_20260307_115944_0010_1772903201779_photo.JPG",
        "max_height_m": 1.16,
        "mean_height_m": 1.06,
        "crown_area_px": 104,
        "bbox_w_px": 12,
        "bbox_h_px": 10
      }
    },
    {
      "type": "Feature",
      "geometry": {
        "type": "Point",
        "coordinates": [
          -76.3192552,
          40.1053566
        ]
      },
      "properties": {
        "tree_id": "DINOV3_0036",
        "source_image": "dji_fly_20260307_115944_0010_1772903201779_photo.JPG",
        "max_height_m": Infinity,
        "mean_height_m": Infinity,
        "crown_area_px": 3584,
        "bbox_w_px": 91,
        "bbox_h_px": 79
      }
    },
    {
      "type": "Feature",
      "geometry": {
        "type": "Point",
        "coordinates": [
          -76.3211148,
          40.1053754
        ]
      },
      "properties": {
        "tree_id": "DINOV3_0037",
        "source_image": "dji_fly_20260307_115944_0010_1772903201779_photo.JPG",
        "max_height_m": Infinity,
        "mean_height_m": Infinity,
        "crown_area_px": 480,
        "bbox_w_px": 55,
        "bbox_h_px": 19
      }
    },
    {
      "type": "Feature",
      "geometry": {
        "type": "Point",
        "coordinates": [
          -76.3186385,
          40.1053523
        ]
      },
      "properties": {
        "tree_id": "DINOV3_0038",
        "source_image": "dji_fly_20260307_115944_0010_1772903201779_photo.JPG",
        "max_height_m": Infinity,
        "mean_height_m": Infinity,
        "crown_area_px": 3216,
        "bbox_w_px": 135,
        "bbox_h_px": 51
      }
    },
    {
      "type": "Feature",
      "geometry": {
        "type": "Point",
        "coordinates": [
          -76.3190855,
          40.105335
        ]
      },
      "properties": {
        "tree_id": "DINOV3_0039",
        "source_image": "dji_fly_20260307_115944_0010_1772903201779_photo.JPG",
        "max_height_m": Infinity,
        "mean_height_m": Infinity,
        "crown_area_px": 528,
        "bbox_w_px": 27,
        "bbox_h_px": 35
      }
    },
    {
      "type": "Feature",
      "geometry": {
        "type": "Point",
        "coordinates": [
          -76.3202388,
          40.1053264
        ]
      },
      "properties": {
        "tree_id": "DINOV3_0040",
        "source_image": "dji_fly_20260307_115944_0010_1772903201779_photo.JPG",
        "max_height_m": Infinity,
        "mean_height_m": Infinity,
        "crown_area_px": 464,
        "bbox_w_px": 47,
        "bbox_h_px": 27
      }
    },
    {
      "type": "Feature",
      "geometry": {
        "type": "Point",
        "coordinates": [
          -76.321954,
          40.1052802
        ]
      },
      "properties": {
        "tree_id": "DINOV3_0041",
        "source_image": "dji_fly_20260307_115944_0010_1772903201779_photo.JPG",
        "max_height_m": Infinity,
        "mean_height_m": Infinity,
        "crown_area_px": 656,
        "bbox_w_px": 35,
        "bbox_h_px": 27
      }
    },
    {
      "type": "Feature",
      "geometry": {
        "type": "Point",
        "coordinates": [
          -76.3220163,
          40.1052787
        ]
      },
      "properties": {
        "tree_id": "DINOV3_0042",
        "source_image": "dji_fly_20260307_115944_0010_1772903201779_photo.JPG",
        "max_height_m": Infinity,
        "mean_height_m": Infinity,
        "crown_area_px": 416,
        "bbox_w_px": 39,
        "bbox_h_px": 15
      }
    },
    {
      "type": "Feature",
      "geometry": {
        "type": "Point",
        "coordinates": [
          -76.3194382,
          40.105234
        ]
      },
      "properties": {
        "tree_id": "DINOV3_0043",
        "source_image": "dji_fly_20260307_115944_0010_1772903201779_photo.JPG",
        "max_height_m": 2.43,
        "mean_height_m": 1.52,
        "crown_area_px": 1156,
        "bbox_w_px": 55,
        "bbox_h_px": 33
      }
    },
    {
      "type": "Feature",
      "geometry": {
        "type": "Point",
        "coordinates": [
          -76.3184197,
          40.1052398
        ]
      },
      "properties": {
        "tree_id": "DINOV3_0044",
        "source_image": "dji_fly_20260307_115944_0010_1772903201779_photo.JPG",
        "max_height_m": Infinity,
        "mean_height_m": Infinity,
        "crown_area_px": 320,
        "bbox_w_px": 47,
        "bbox_h_px": 11
      }
    },
    {
      "type": "Feature",
      "geometry": {
        "type": "Point",
        "coordinates": [
          -76.3219333,
          40.105234
        ]
      },
      "properties": {
        "tree_id": "DINOV3_0045",
        "source_image": "dji_fly_20260307_115944_0010_1772903201779_photo.JPG",
        "max_height_m": Infinity,
        "mean_height_m": Infinity,
        "crown_area_px": 448,
        "bbox_w_px": 31,
        "bbox_h_px": 19
      }
    },
    {
      "type": "Feature",
      "geometry": {
        "type": "Point",
        "coordinates": [
          -76.3210676,
          40.1052311
        ]
      },
      "properties": {
        "tree_id": "DINOV3_0046",
        "source_image": "dji_fly_20260307_115944_0010_1772903201779_photo.JPG",
        "max_height_m": Infinity,
        "mean_height_m": Infinity,
        "crown_area_px": 224,
        "bbox_w_px": 35,
        "bbox_h_px": 19
      }
    },
    {
      "type": "Feature",
      "geometry": {
        "type": "Point",
        "coordinates": [
          -76.3203991,
          40.1052225
        ]
      },
      "properties": {
        "tree_id": "DINOV3_0047",
        "source_image": "dji_fly_20260307_115944_0010_1772903201779_photo.JPG",
        "max_height_m": Infinity,
        "mean_height_m": Infinity,
        "crown_area_px": 704,
        "bbox_w_px": 51,
        "bbox_h_px": 19
      }
    },
    {
      "type": "Feature",
      "geometry": {
        "type": "Point",
        "coordinates": [
          -76.320103,
          40.1052182
        ]
      },
      "properties": {
        "tree_id": "DINOV3_0048",
        "source_image": "dji_fly_20260307_115944_0010_1772903201779_photo.JPG",
        "max_height_m": Infinity,
        "mean_height_m": Infinity,
        "crown_area_px": 1008,
        "bbox_w_px": 63,
        "bbox_h_px": 23
      }
    },
    {
      "type": "Feature",
      "geometry": {
        "type": "Point",
        "coordinates": [
          -76.3199087,
          40.1051879
        ]
      },
      "properties": {
        "tree_id": "DINOV3_0049",
        "source_image": "dji_fly_20260307_115944_0010_1772903201779_photo.JPG",
        "max_height_m": Infinity,
        "mean_height_m": Infinity,
        "crown_area_px": 6048,
        "bbox_w_px": 123,
        "bbox_h_px": 99
      }
    },
    {
      "type": "Feature",
      "geometry": {
        "type": "Point",
        "coordinates": [
          -76.3204651,
          40.1052023
        ]
      },
      "properties": {
        "tree_id": "DINOV3_0050",
        "source_image": "dji_fly_20260307_115944_0010_1772903201779_photo.JPG",
        "max_height_m": Infinity,
        "mean_height_m": Infinity,
        "crown_area_px": 1632,
        "bbox_w_px": 135,
        "bbox_h_px": 35
      }
    },
    {
      "type": "Feature",
      "geometry": {
        "type": "Point",
        "coordinates": [
          -76.3206027,
          40.105084
        ]
      },
      "properties": {
        "tree_id": "DINOV3_0051",
        "source_image": "dji_fly_20260307_115944_0010_1772903201779_photo.JPG",
        "max_height_m": Infinity,
        "mean_height_m": Infinity,
        "crown_area_px": 57828,
        "bbox_w_px": 452,
        "bbox_h_px": 339
      }
    },
    {
      "type": "Feature",
      "geometry": {
        "type": "Point",
        "coordinates": [
          -76.320003,
          40.105198
        ]
      },
      "properties": {
        "tree_id": "DINOV3_0052",
        "source_image": "dji_fly_20260307_115944_0010_1772903201779_photo.JPG",
        "max_height_m": Infinity,
        "mean_height_m": Infinity,
        "crown_area_px": 224,
        "bbox_w_px": 19,
        "bbox_h_px": 15
      }
    },
    {
      "type": "Feature",
      "geometry": {
        "type": "Point",
        "coordinates": [
          -76.3205254,
          40.1051908
        ]
      },
      "properties": {
        "tree_id": "DINOV3_0053",
        "source_image": "dji_fly_20260307_115944_0010_1772903201779_photo.JPG",
        "max_height_m": Infinity,
        "mean_height_m": Infinity,
        "crown_area_px": 320,
        "bbox_w_px": 31,
        "bbox_h_px": 11
      }
    },
    {
      "type": "Feature",
      "geometry": {
        "type": "Point",
        "coordinates": [
          -76.320897,
          40.1051345
        ]
      },
      "properties": {
        "tree_id": "DINOV3_0054",
        "source_image": "dji_fly_20260307_115944_0010_1772903201779_photo.JPG",
        "max_height_m": 3.24,
        "mean_height_m": 2.07,
        "crown_area_px": 1214,
        "bbox_w_px": 39,
        "bbox_h_px": 37
      }
    },
    {
      "type": "Feature",
      "geometry": {
        "type": "Point",
        "coordinates": [
          -76.3201577,
          40.1051302
        ]
      },
      "properties": {
        "tree_id": "DINOV3_0055",
        "source_image": "dji_fly_20260307_115944_0010_1772903201779_photo.JPG",
        "max_height_m": Infinity,
        "mean_height_m": Infinity,
        "crown_area_px": 208,
        "bbox_w_px": 27,
        "bbox_h_px": 11
      }
    },
    {
      "type": "Feature",
      "geometry": {
        "type": "Point",
        "coordinates": [
          -76.3199219,
          40.1050927
        ]
      },
      "properties": {
        "tree_id": "DINOV3_0056",
        "source_image": "dji_fly_20260307_115944_0010_1772903201779_photo.JPG",
        "max_height_m": Infinity,
        "mean_height_m": Infinity,
        "crown_area_px": 7968,
        "bbox_w_px": 191,
        "bbox_h_px": 99
      }
    },
    {
      "type": "Feature",
      "geometry": {
        "type": "Point",
        "coordinates": [
          -76.3201878,
          40.1051129
        ]
      },
      "properties": {
        "tree_id": "DINOV3_0057",
        "source_image": "dji_fly_20260307_115944_0010_1772903201779_photo.JPG",
        "max_height_m": Infinity,
        "mean_height_m": Infinity,
        "crown_area_px": 224,
        "bbox_w_px": 27,
        "bbox_h_px": 11
      }
    },
    {
      "type": "Feature",
      "geometry": {
        "type": "Point",
        "coordinates": [
          -76.319722,
          40.1050595
        ]
      },
      "properties": {
        "tree_id": "DINOV3_0058",
        "source_image": "dji_fly_20260307_115944_0010_1772903201779_photo.JPG",
        "max_height_m": Infinity,
        "mean_height_m": Infinity,
        "crown_area_px": 2192,
        "bbox_w_px": 79,
        "bbox_h_px": 55
      }
    },
    {
      "type": "Feature",
      "geometry": {
        "type": "Point",
        "coordinates": [
          -76.3201388,
          40.1050335
        ]
      },
      "properties": {
        "tree_id": "DINOV3_0059",
        "source_image": "dji_fly_20260307_115944_0010_1772903201779_photo.JPG",
        "max_height_m": Infinity,
        "mean_height_m": Infinity,
        "crown_area_px": 6624,
        "bbox_w_px": 107,
        "bbox_h_px": 119
      }
    },
    {
      "type": "Feature",
      "geometry": {
        "type": "Point",
        "coordinates": [
          -76.3202746,
          40.105022
        ]
      },
      "properties": {
        "tree_id": "DINOV3_0060",
        "source_image": "dji_fly_20260307_115944_0010_1772903201779_photo.JPG",
        "max_height_m": Infinity,
        "mean_height_m": Infinity,
        "crown_area_px": 10912,
        "bbox_w_px": 131,
        "bbox_h_px": 127
      }
    },
    {
      "type": "Feature",
      "geometry": {
        "type": "Point",
        "coordinates": [
          -76.3207668,
          40.1050494
        ]
      },
      "properties": {
        "tree_id": "DINOV3_0061",
        "source_image": "dji_fly_20260307_115944_0010_1772903201779_photo.JPG",
        "max_height_m": Infinity,
        "mean_height_m": Infinity,
        "crown_area_px": 720,
        "bbox_w_px": 23,
        "bbox_h_px": 35
      }
    },
    {
      "type": "Feature",
      "geometry": {
        "type": "Point",
        "coordinates": [
          -76.3200596,
          40.1050537
        ]
      },
      "properties": {
        "tree_id": "DINOV3_0062",
        "source_image": "dji_fly_20260307_115944_0010_1772903201779_photo.JPG",
        "max_height_m": Infinity,
        "mean_height_m": Infinity,
        "crown_area_px": 128,
        "bbox_w_px": 19,
        "bbox_h_px": 7
      }
    },
    {
      "type": "Feature",
      "geometry": {
        "type": "Point",
        "coordinates": [
          -76.3198125,
          40.1050494
        ]
      },
      "properties": {
        "tree_id": "DINOV3_0063",
        "source_image": "dji_fly_20260307_115944_0010_1772903201779_photo.JPG",
        "max_height_m": Infinity,
        "mean_height_m": Infinity,
        "crown_area_px": 192,
        "bbox_w_px": 23,
        "bbox_h_px": 11
      }
    },
    {
      "type": "Feature",
      "geometry": {
        "type": "Point",
        "coordinates": [
          -76.3184367,
          40.1046375
        ]
      },
      "properties": {
        "tree_id": "DINOV3_0064",
        "source_image": "dji_fly_20260307_115944_0010_1772903201779_photo.JPG",
        "max_height_m": Infinity,
        "mean_height_m": Infinity,
        "crown_area_px": 51376,
        "bbox_w_px": 491,
        "bbox_h_px": 1056
      }
    },
    {
      "type": "Feature",
      "geometry": {
        "type": "Point",
        "coordinates": [
          -76.3199559,
          40.1049975
        ]
      },
      "properties": {
        "tree_id": "DINOV3_0065",
        "source_image": "dji_fly_20260307_115944_0010_1772903201779_photo.JPG",
        "max_height_m": Infinity,
        "mean_height_m": Infinity,
        "crown_area_px": 560,
        "bbox_w_px": 39,
        "bbox_h_px": 19
      }
    },
    {
      "type": "Feature",
      "geometry": {
        "type": "Point",
        "coordinates": [
          -76.3189063,
          40.1049239
        ]
      },
      "properties": {
        "tree_id": "DINOV3_0066",
        "source_image": "dji_fly_20260307_115944_0010_1772903201779_photo.JPG",
        "max_height_m": Infinity,
        "mean_height_m": Infinity,
        "crown_area_px": 1536,
        "bbox_w_px": 71,
        "bbox_h_px": 31
      }
    },
    {
      "type": "Feature",
      "geometry": {
        "type": "Point",
        "coordinates": [
          -76.3192175,
          40.1049095
        ]
      },
      "properties": {
        "tree_id": "DINOV3_0067",
        "source_image": "dji_fly_20260307_115944_0010_1772903201779_photo.JPG",
        "max_height_m": Infinity,
        "mean_height_m": Infinity,
        "crown_area_px": 2624,
        "bbox_w_px": 115,
        "bbox_h_px": 47
      }
    },
    {
      "type": "Feature",
      "geometry": {
        "type": "Point",
        "coordinates": [
          -76.3190025,
          40.1049167
        ]
      },
      "properties": {
        "tree_id": "DINOV3_0068",
        "source_image": "dji_fly_20260307_115944_0010_1772903201779_photo.JPG",
        "max_height_m": Infinity,
        "mean_height_m": Infinity,
        "crown_area_px": 112,
        "bbox_w_px": 11,
        "bbox_h_px": 11
      }
    },
    {
      "type": "Feature",
      "geometry": {
        "type": "Point",
        "coordinates": [
          -76.319573,
          40.1048669
        ]
      },
      "properties": {
        "tree_id": "DINOV3_0069",
        "source_image": "dji_fly_20260307_115944_0010_1772903201779_photo.JPG",
        "max_height_m": 11.49,
        "mean_height_m": 4.68,
        "crown_area_px": 4867,
        "bbox_w_px": 83,
        "bbox_h_px": 78
      }
    },
    {
      "type": "Feature",
      "geometry": {
        "type": "Point",
        "coordinates": [
          -76.3210469,
          40.1048662
        ]
      },
      "properties": {
        "tree_id": "DINOV3_0070",
        "source_image": "dji_fly_20260307_115944_0010_1772903201779_photo.JPG",
        "max_height_m": Infinity,
        "mean_height_m": Infinity,
        "crown_area_px": 1824,
        "bbox_w_px": 79,
        "bbox_h_px": 47
      }
    },
    {
      "type": "Feature",
      "geometry": {
        "type": "Point",
        "coordinates": [
          -76.3216598,
          40.1048734
        ]
      },
      "properties": {
        "tree_id": "DINOV3_0071",
        "source_image": "dji_fly_20260307_115944_0010_1772903201779_photo.JPG",
        "max_height_m": Infinity,
        "mean_height_m": Infinity,
        "crown_area_px": 144,
        "bbox_w_px": 19,
        "bbox_h_px": 19
      }
    },
    {
      "type": "Feature",
      "geometry": {
        "type": "Point",
        "coordinates": [
          -76.3212279,
          40.1048525
        ]
      },
      "properties": {
        "tree_id": "DINOV3_0072",
        "source_image": "dji_fly_20260307_115944_0010_1772903201779_photo.JPG",
        "max_height_m": Infinity,
        "mean_height_m": Infinity,
        "crown_area_px": 2768,
        "bbox_w_px": 63,
        "bbox_h_px": 76
      }
    },
    {
      "type": "Feature",
      "geometry": {
        "type": "Point",
        "coordinates": [
          -76.320433,
          40.1048734
        ]
      },
      "properties": {
        "tree_id": "DINOV3_0073",
        "source_image": "dji_fly_20260307_115944_0010_1772903201779_photo.JPG",
        "max_height_m": Infinity,
        "mean_height_m": Infinity,
        "crown_area_px": 112,
        "bbox_w_px": 11,
        "bbox_h_px": 11
      }
    },
    {
      "type": "Feature",
      "geometry": {
        "type": "Point",
        "coordinates": [
          -76.3190346,
          40.1048691
        ]
      },
      "properties": {
        "tree_id": "DINOV3_0074",
        "source_image": "dji_fly_20260307_115944_0010_1772903201779_photo.JPG",
        "max_height_m": Infinity,
        "mean_height_m": Infinity,
        "crown_area_px": 976,
        "bbox_w_px": 71,
        "bbox_h_px": 23
      }
    },
    {
      "type": "Feature",
      "geometry": {
        "type": "Point",
        "coordinates": [
          -76.3208451,
          40.1048352
        ]
      },
      "properties": {
        "tree_id": "DINOV3_0075",
        "source_image": "dji_fly_20260307_115944_0010_1772903201779_photo.JPG",
        "max_height_m": Infinity,
        "mean_height_m": Infinity,
        "crown_area_px": 6988,
        "bbox_w_px": 139,
        "bbox_h_px": 100
      }
    },
    {
      "type": "Feature",
      "geometry": {
        "type": "Point",
        "coordinates": [
          -76.3192156,
          40.1048619
        ]
      },
      "properties": {
        "tree_id": "DINOV3_0076",
        "source_image": "dji_fly_20260307_115944_0010_1772903201779_photo.JPG",
        "max_height_m": Infinity,
        "mean_height_m": Infinity,
        "crown_area_px": 752,
        "bbox_w_px": 55,
        "bbox_h_px": 27
      }
    },
    {
      "type": "Feature",
      "geometry": {
        "type": "Point",
        "coordinates": [
          -76.3187139,
          40.1048676
        ]
      },
      "properties": {
        "tree_id": "DINOV3_0077",
        "source_image": "dji_fly_20260307_115944_0010_1772903201779_photo.JPG",
        "max_height_m": Infinity,
        "mean_height_m": Infinity,
        "crown_area_px": 304,
        "bbox_w_px": 31,
        "bbox_h_px": 11
      }
    },
    {
      "type": "Feature",
      "geometry": {
        "type": "Point",
        "coordinates": [
          -76.3207593,
          40.1048323
        ]
      },
      "properties": {
        "tree_id": "DINOV3_0078",
        "source_image": "dji_fly_20260307_115944_0010_1772903201779_photo.JPG",
        "max_height_m": Infinity,
        "mean_height_m": Infinity,
        "crown_area_px": 2856,
        "bbox_w_px": 39,
        "bbox_h_px": 92
      }
    },
    {
      "type": "Feature",
      "geometry": {
        "type": "Point",
        "coordinates": [
          -76.3190308,
          40.1048431
        ]
      },
      "properties": {
        "tree_id": "DINOV3_0079",
        "source_image": "dji_fly_20260307_115944_0010_1772903201779_photo.JPG",
        "max_height_m": Infinity,
        "mean_height_m": Infinity,
        "crown_area_px": 304,
        "bbox_w_px": 31,
        "bbox_h_px": 15
      }
    },
    {
      "type": "Feature",
      "geometry": {
        "type": "Point",
        "coordinates": [
          -76.3220578,
          40.1048337
        ]
      },
      "properties": {
        "tree_id": "DINOV3_0080",
        "source_image": "dji_fly_20260307_115944_0010_1772903201779_photo.JPG",
        "max_height_m": 1.17,
        "mean_height_m": 1.08,
        "crown_area_px": 132,
        "bbox_w_px": 12,
        "bbox_h_px": 16
      }
    },
    {
      "type": "Feature",
      "geometry": {
        "type": "Point",
        "coordinates": [
          -76.3188799,
          40.1048078
        ]
      },
      "properties": {
        "tree_id": "DINOV3_0081",
        "source_image": "dji_fly_20260307_115944_0010_1772903201779_photo.JPG",
        "max_height_m": Infinity,
        "mean_height_m": Infinity,
        "crown_area_px": 6416,
        "bbox_w_px": 183,
        "bbox_h_px": 80
      }
    },
    {
      "type": "Feature",
      "geometry": {
        "type": "Point",
        "coordinates": [
          -76.3205037,
          40.1047905
        ]
      },
      "properties": {
        "tree_id": "DINOV3_0082",
        "source_image": "dji_fly_20260307_115944_0010_1772903201779_photo.JPG",
        "max_height_m": 10.7,
        "mean_height_m": 5.43,
        "crown_area_px": 4388,
        "bbox_w_px": 83,
        "bbox_h_px": 69
      }
    },
    {
      "type": "Feature",
      "geometry": {
        "type": "Point",
        "coordinates": [
          -76.3187121,
          40.1047659
        ]
      },
      "properties": {
        "tree_id": "DINOV3_0083",
        "source_image": "dji_fly_20260307_115944_0010_1772903201779_photo.JPG",
        "max_height_m": Infinity,
        "mean_height_m": Infinity,
        "crown_area_px": 4976,
        "bbox_w_px": 147,
        "bbox_h_px": 91
      }
    },
    {
      "type": "Feature",
      "geometry": {
        "type": "Point",
        "coordinates": [
          -76.3215156,
          40.104776
        ]
      },
      "properties": {
        "tree_id": "DINOV3_0084",
        "source_image": "dji_fly_20260307_115944_0010_1772903201779_photo.JPG",
        "max_height_m": 7.18,
        "mean_height_m": 3.25,
        "crown_area_px": 2643,
        "bbox_w_px": 63,
        "bbox_h_px": 55
      }
    },
    {
      "type": "Feature",
      "geometry": {
        "type": "Point",
        "coordinates": [
          -76.3189289,
          40.1047861
        ]
      },
      "properties": {
        "tree_id": "DINOV3_0085",
        "source_image": "dji_fly_20260307_115944_0010_1772903201779_photo.JPG",
        "max_height_m": Infinity,
        "mean_height_m": Infinity,
        "crown_area_px": 224,
        "bbox_w_px": 31,
        "bbox_h_px": 11
      }
    },
    {
      "type": "Feature",
      "geometry": {
        "type": "Point",
        "coordinates": [
          -76.3190063,
          40.1047818
        ]
      },
      "properties": {
        "tree_id": "DINOV3_0086",
        "source_image": "dji_fly_20260307_115944_0010_1772903201779_photo.JPG",
        "max_height_m": Infinity,
        "mean_height_m": Infinity,
        "crown_area_px": 128,
        "bbox_w_px": 19,
        "bbox_h_px": 7
      }
    },
    {
      "type": "Feature",
      "geometry": {
        "type": "Point",
        "coordinates": [
          -76.3206744,
          40.1047659
        ]
      },
      "properties": {
        "tree_id": "DINOV3_0087",
        "source_image": "dji_fly_20260307_115944_0010_1772903201779_photo.JPG",
        "max_height_m": Infinity,
        "mean_height_m": Infinity,
        "crown_area_px": 752,
        "bbox_w_px": 27,
        "bbox_h_px": 43
      }
    },
    {
      "type": "Feature",
      "geometry": {
        "type": "Point",
        "coordinates": [
          -76.3188818,
          40.1047731
        ]
      },
      "properties": {
        "tree_id": "DINOV3_0088",
        "source_image": "dji_fly_20260307_115944_0010_1772903201779_photo.JPG",
        "max_height_m": Infinity,
        "mean_height_m": Infinity,
        "crown_area_px": 864,
        "bbox_w_px": 67,
        "bbox_h_px": 23
      }
    },
    {
      "type": "Feature",
      "geometry": {
        "type": "Point",
        "coordinates": [
          -76.3209083,
          40.1047212
        ]
      },
      "properties": {
        "tree_id": "DINOV3_0089",
        "source_image": "dji_fly_20260307_115944_0010_1772903201779_photo.JPG",
        "max_height_m": 20.14,
        "mean_height_m": 9.55,
        "crown_area_px": 13783,
        "bbox_w_px": 157,
        "bbox_h_px": 140
      }
    },
    {
      "type": "Feature",
      "geometry": {
        "type": "Point",
        "coordinates": [
          -76.3199823,
          40.1047602
        ]
      },
      "properties": {
        "tree_id": "DINOV3_0090",
        "source_image": "dji_fly_20260307_115944_0010_1772903201779_photo.JPG",
        "max_height_m": Infinity,
        "mean_height_m": Infinity,
        "crown_area_px": 160,
        "bbox_w_px": 23,
        "bbox_h_px": 11
      }
    },
    {
      "type": "Feature",
      "geometry": {
        "type": "Point",
        "coordinates": [
          -76.3194184,
          40.1047097
        ]
      },
      "properties": {
        "tree_id": "DINOV3_0091",
        "source_image": "dji_fly_20260307_115944_0010_1772903201779_photo.JPG",
        "max_height_m": 6.89,
        "mean_height_m": 3.29,
        "crown_area_px": 2124,
        "bbox_w_px": 59,
        "bbox_h_px": 49
      }
    },
    {
      "type": "Feature",
      "geometry": {
        "type": "Point",
        "coordinates": [
          -76.32179,
          40.1047111
        ]
      },
      "properties": {
        "tree_id": "DINOV3_0092",
        "source_image": "dji_fly_20260307_115944_0010_1772903201779_photo.JPG",
        "max_height_m": Infinity,
        "mean_height_m": Infinity,
        "crown_area_px": 272,
        "bbox_w_px": 23,
        "bbox_h_px": 19
      }
    },
    {
      "type": "Feature",
      "geometry": {
        "type": "Point",
        "coordinates": [
          -76.3187177,
          40.104688
        ]
      },
      "properties": {
        "tree_id": "DINOV3_0093",
        "source_image": "dji_fly_20260307_115944_0010_1772903201779_photo.JPG",
        "max_height_m": Infinity,
        "mean_height_m": Infinity,
        "crown_area_px": 3312,
        "bbox_w_px": 95,
        "bbox_h_px": 75
      }
    },
    {
      "type": "Feature",
      "geometry": {
        "type": "Point",
        "coordinates": [
          -76.3210931,
          40.1046981
        ]
      },
      "properties": {
        "tree_id": "DINOV3_0094",
        "source_image": "dji_fly_20260307_115944_0010_1772903201779_photo.JPG",
        "max_height_m": 4.54,
        "mean_height_m": 2.5,
        "crown_area_px": 1154,
        "bbox_w_px": 34,
        "bbox_h_px": 40
      }
    },
    {
      "type": "Feature",
      "geometry": {
        "type": "Point",
        "coordinates": [
          -76.3190157,
          40.104665
        ]
      },
      "properties": {
        "tree_id": "DINOV3_0095",
        "source_image": "dji_fly_20260307_115944_0010_1772903201779_photo.JPG",
        "max_height_m": Infinity,
        "mean_height_m": Infinity,
        "crown_area_px": 4848,
        "bbox_w_px": 79,
        "bbox_h_px": 91
      }
    },
    {
      "type": "Feature",
      "geometry": {
        "type": "Point",
        "coordinates": [
          -76.3184857,
          40.1046938
        ]
      },
      "properties": {
        "tree_id": "DINOV3_0096",
        "source_image": "dji_fly_20260307_115944_0010_1772903201779_photo.JPG",
        "max_height_m": Infinity,
        "mean_height_m": Infinity,
        "crown_area_px": 208,
        "bbox_w_px": 27,
        "bbox_h_px": 11
      }
    },
    {
      "type": "Feature",
      "geometry": {
        "type": "Point",
        "coordinates": [
          -76.3219305,
          40.104683
        ]
      },
      "properties": {
        "tree_id": "DINOV3_0097",
        "source_image": "dji_fly_20260307_115944_0010_1772903201779_photo.JPG",
        "max_height_m": 1.89,
        "mean_height_m": 1.35,
        "crown_area_px": 203,
        "bbox_w_px": 20,
        "bbox_h_px": 12
      }
    },
    {
      "type": "Feature",
      "geometry": {
        "type": "Point",
        "coordinates": [
          -76.3184292,
          40.1046765
        ]
      },
      "properties": {
        "tree_id": "DINOV3_0098",
        "source_image": "dji_fly_20260307_115944_0010_1772903201779_photo.JPG",
        "max_height_m": Infinity,
        "mean_height_m": Infinity,
        "crown_area_px": 224,
        "bbox_w_px": 27,
        "bbox_h_px": 11
      }
    },
    {
      "type": "Feature",
      "geometry": {
        "type": "Point",
        "coordinates": [
          -76.3191817,
          40.1046303
        ]
      },
      "properties": {
        "tree_id": "DINOV3_0099",
        "source_image": "dji_fly_20260307_115944_0010_1772903201779_photo.JPG",
        "max_height_m": Infinity,
        "mean_height_m": Infinity,
        "crown_area_px": 2624,
        "bbox_w_px": 63,
        "bbox_h_px": 51
      }
    },
    {
      "type": "Feature",
      "geometry": {
        "type": "Point",
        "coordinates": [
          -76.3184461,
          40.1046246
        ]
      },
      "properties": {
        "tree_id": "DINOV3_0100",
        "source_image": "dji_fly_20260307_115944_0010_1772903201779_photo.JPG",
        "max_height_m": Infinity,
        "mean_height_m": Infinity,
        "crown_area_px": 5120,
        "bbox_w_px": 143,
        "bbox_h_px": 59
      }
    },
    {
      "type": "Feature",
      "geometry": {
        "type": "Point",
        "coordinates": [
          -76.3189289,
          40.1046101
        ]
      },
      "properties": {
        "tree_id": "DINOV3_0101",
        "source_image": "dji_fly_20260307_115944_0010_1772903201779_photo.JPG",
        "max_height_m": Infinity,
        "mean_height_m": Infinity,
        "crown_area_px": 800,
        "bbox_w_px": 39,
        "bbox_h_px": 27
      }
    },
    {
      "type": "Feature",
      "geometry": {
        "type": "Point",
        "coordinates": [
          -76.319225,
          40.1045885
        ]
      },
      "properties": {
        "tree_id": "DINOV3_0102",
        "source_image": "dji_fly_20260307_115944_0010_1772903201779_photo.JPG",
        "max_height_m": Infinity,
        "mean_height_m": Infinity,
        "crown_area_px": 896,
        "bbox_w_px": 67,
        "bbox_h_px": 23
      }
    },
    {
      "type": "Feature",
      "geometry": {
        "type": "Point",
        "coordinates": [
          -76.3219654,
          40.104538
        ]
      },
      "properties": {
        "tree_id": "DINOV3_0103",
        "source_image": "dji_fly_20260307_115944_0010_1772903201779_photo.JPG",
        "max_height_m": Infinity,
        "mean_height_m": Infinity,
        "crown_area_px": 128,
        "bbox_w_px": 11,
        "bbox_h_px": 11
      }
    },
    {
      "type": "Feature",
      "geometry": {
        "type": "Point",
        "coordinates": [
          -76.3185461,
          40.1044976
        ]
      },
      "properties": {
        "tree_id": "DINOV3_0104",
        "source_image": "dji_fly_20260307_115944_0010_1772903201779_photo.JPG",
        "max_height_m": Infinity,
        "mean_height_m": Infinity,
        "crown_area_px": 3968,
        "bbox_w_px": 83,
        "bbox_h_px": 67
      }
    },
    {
      "type": "Feature",
      "geometry": {
        "type": "Point",
        "coordinates": [
          -76.3191949,
          40.1044789
        ]
      },
      "properties": {
        "tree_id": "DINOV3_0105",
        "source_image": "dji_fly_20260307_115944_0010_1772903201779_photo.JPG",
        "max_height_m": Infinity,
        "mean_height_m": Infinity,
        "crown_area_px": 720,
        "bbox_w_px": 35,
        "bbox_h_px": 31
      }
    },
    {
      "type": "Feature",
      "geometry": {
        "type": "Point",
        "coordinates": [
          -76.3195277,
          40.1044731
        ]
      },
      "properties": {
        "tree_id": "DINOV3_0106",
        "source_image": "dji_fly_20260307_115944_0010_1772903201779_photo.JPG",
        "max_height_m": 1.38,
        "mean_height_m": 1.18,
        "crown_area_px": 356,
        "bbox_w_px": 23,
        "bbox_h_px": 20
      }
    },
    {
      "type": "Feature",
      "geometry": {
        "type": "Point",
        "coordinates": [
          -76.3194551,
          40.1044637
        ]
      },
      "properties": {
        "tree_id": "DINOV3_0107",
        "source_image": "dji_fly_20260307_115944_0010_1772903201779_photo.JPG",
        "max_height_m": 3.22,
        "mean_height_m": 2.0,
        "crown_area_px": 1147,
        "bbox_w_px": 45,
        "bbox_h_px": 32
      }
    },
    {
      "type": "Feature",
      "geometry": {
        "type": "Point",
        "coordinates": [
          -76.3218145,
          40.1044075
        ]
      },
      "properties": {
        "tree_id": "DINOV3_0108",
        "source_image": "dji_fly_20260307_115944_0010_1772903201779_photo.JPG",
        "max_height_m": 19.17,
        "mean_height_m": 9.52,
        "crown_area_px": 23804,
        "bbox_w_px": 258,
        "bbox_h_px": 148
      }
    },
    {
      "type": "Feature",
      "geometry": {
        "type": "Point",
        "coordinates": [
          -76.3194476,
          40.1042495
        ]
      },
      "properties": {
        "tree_id": "DINOV3_0109",
        "source_image": "dji_fly_20260307_115944_0010_1772903201779_photo.JPG",
        "max_height_m": Infinity,
        "mean_height_m": Infinity,
        "crown_area_px": 18480,
        "bbox_w_px": 91,
        "bbox_h_px": 339
      }
    },
    {
      "type": "Feature",
      "geometry": {
        "type": "Point",
        "coordinates": [
          -76.3189742,
          40.1043548
        ]
      },
      "properties": {
        "tree_id": "DINOV3_0110",
        "source_image": "dji_fly_20260307_115944_0010_1772903201779_photo.JPG",
        "max_height_m": 3.29,
        "mean_height_m": 1.96,
        "crown_area_px": 626,
        "bbox_w_px": 28,
        "bbox_h_px": 27
      }
    },
    {
      "type": "Feature",
      "geometry": {
        "type": "Point",
        "coordinates": [
          -76.3187045,
          40.1043014
        ]
      },
      "properties": {
        "tree_id": "DINOV3_0111",
        "source_image": "dji_fly_20260307_115944_0010_1772903201779_photo.JPG",
        "max_height_m": Infinity,
        "mean_height_m": Infinity,
        "crown_area_px": 112,
        "bbox_w_px": 11,
        "bbox_h_px": 11
      }
    },
    {
      "type": "Feature",
      "geometry": {
        "type": "Point",
        "coordinates": [
          -76.3210922,
          40.1042668
        ]
      },
      "properties": {
        "tree_id": "DINOV3_0112",
        "source_image": "dji_fly_20260307_115944_0010_1772903201779_photo.JPG",
        "max_height_m": Infinity,
        "mean_height_m": Infinity,
        "crown_area_px": 288,
        "bbox_w_px": 39,
        "bbox_h_px": 11
      }
    },
    {
      "type": "Feature",
      "geometry": {
        "type": "Point",
        "coordinates": [
          -76.3196598,
          40.1042466
        ]
      },
      "properties": {
        "tree_id": "DINOV3_0113",
        "source_image": "dji_fly_20260307_115944_0010_1772903201779_photo.JPG",
        "max_height_m": 9.72,
        "mean_height_m": 3.61,
        "crown_area_px": 2182,
        "bbox_w_px": 54,
        "bbox_h_px": 47
      }
    },
    {
      "type": "Feature",
      "geometry": {
        "type": "Point",
        "coordinates": [
          -76.3211789,
          40.1042509
        ]
      },
      "properties": {
        "tree_id": "DINOV3_0114",
        "source_image": "dji_fly_20260307_115944_0010_1772903201779_photo.JPG",
        "max_height_m": Infinity,
        "mean_height_m": Infinity,
        "crown_area_px": 1072,
        "bbox_w_px": 71,
        "bbox_h_px": 23
      }
    },
    {
      "type": "Feature",
      "geometry": {
        "type": "Point",
        "coordinates": [
          -76.3209696,
          40.1042495
        ]
      },
      "properties": {
        "tree_id": "DINOV3_0115",
        "source_image": "dji_fly_20260307_115944_0010_1772903201779_photo.JPG",
        "max_height_m": Infinity,
        "mean_height_m": Infinity,
        "crown_area_px": 480,
        "bbox_w_px": 35,
        "bbox_h_px": 27
      }
    },
    {
      "type": "Feature",
      "geometry": {
        "type": "Point",
        "coordinates": [
          -76.3210318,
          40.1042509
        ]
      },
      "properties": {
        "tree_id": "DINOV3_0116",
        "source_image": "dji_fly_20260307_115944_0010_1772903201779_photo.JPG",
        "max_height_m": Infinity,
        "mean_height_m": Infinity,
        "crown_area_px": 352,
        "bbox_w_px": 39,
        "bbox_h_px": 15
      }
    },
    {
      "type": "Feature",
      "geometry": {
        "type": "Point",
        "coordinates": [
          -76.3212562,
          40.1042437
        ]
      },
      "properties": {
        "tree_id": "DINOV3_0117",
        "source_image": "dji_fly_20260307_115944_0010_1772903201779_photo.JPG",
        "max_height_m": Infinity,
        "mean_height_m": Infinity,
        "crown_area_px": 480,
        "bbox_w_px": 59,
        "bbox_h_px": 19
      }
    },
    {
      "type": "Feature",
      "geometry": {
        "type": "Point",
        "coordinates": [
          -76.3215882,
          40.104238
        ]
      },
      "properties": {
        "tree_id": "DINOV3_0118",
        "source_image": "dji_fly_20260307_115944_0010_1772903201779_photo.JPG",
        "max_height_m": Infinity,
        "mean_height_m": Infinity,
        "crown_area_px": 352,
        "bbox_w_px": 35,
        "bbox_h_px": 19
      }
    },
    {
      "type": "Feature",
      "geometry": {
        "type": "Point",
        "coordinates": [
          -76.3213072,
          40.1042336
        ]
      },
      "properties": {
        "tree_id": "DINOV3_0119",
        "source_image": "dji_fly_20260307_115944_0010_1772903201779_photo.JPG",
        "max_height_m": Infinity,
        "mean_height_m": Infinity,
        "crown_area_px": 160,
        "bbox_w_px": 15,
        "bbox_h_px": 15
      }
    },
    {
      "type": "Feature",
      "geometry": {
        "type": "Point",
        "coordinates": [
          -76.3217277,
          40.1042293
        ]
      },
      "properties": {
        "tree_id": "DINOV3_0120",
        "source_image": "dji_fly_20260307_115944_0010_1772903201779_photo.JPG",
        "max_height_m": Infinity,
        "mean_height_m": Infinity,
        "crown_area_px": 240,
        "bbox_w_px": 27,
        "bbox_h_px": 11
      }
    },
    {
      "type": "Feature",
      "geometry": {
        "type": "Point",
        "coordinates": [
          -76.3213675,
          40.1042207
        ]
      },
      "properties": {
        "tree_id": "DINOV3_0121",
        "source_image": "dji_fly_20260307_115944_0010_1772903201779_photo.JPG",
        "max_height_m": Infinity,
        "mean_height_m": Infinity,
        "crown_area_px": 448,
        "bbox_w_px": 39,
        "bbox_h_px": 35
      }
    },
    {
      "type": "Feature",
      "geometry": {
        "type": "Point",
        "coordinates": [
          -76.3215335,
          40.1041601
        ]
      },
      "properties": {
        "tree_id": "DINOV3_0122",
        "source_image": "dji_fly_20260307_115944_0010_1772903201779_photo.JPG",
        "max_height_m": Infinity,
        "mean_height_m": Infinity,
        "crown_area_px": 11632,
        "bbox_w_px": 151,
        "bbox_h_px": 179
      }
    },
    {
      "type": "Feature",
      "geometry": {
        "type": "Point",
        "coordinates": [
          -76.3207367,
          40.1042019
        ]
      },
      "properties": {
        "tree_id": "DINOV3_0123",
        "source_image": "dji_fly_20260307_115944_0010_1772903201779_photo.JPG",
        "max_height_m": Infinity,
        "mean_height_m": Infinity,
        "crown_area_px": 3056,
        "bbox_w_px": 87,
        "bbox_h_px": 55
      }
    },
    {
      "type": "Feature",
      "geometry": {
        "type": "Point",
        "coordinates": [
          -76.3211016,
          40.1040699
        ]
      },
      "properties": {
        "tree_id": "DINOV3_0124",
        "source_image": "dji_fly_20260307_115944_0010_1772903201779_photo.JPG",
        "max_height_m": Infinity,
        "mean_height_m": Infinity,
        "crown_area_px": 115926,
        "bbox_w_px": 683,
        "bbox_h_px": 404
      }
    },
    {
      "type": "Feature",
      "geometry": {
        "type": "Point",
        "coordinates": [
          -76.3205613,
          40.1041731
        ]
      },
      "properties": {
        "tree_id": "DINOV3_0125",
        "source_image": "dji_fly_20260307_115944_0010_1772903201779_photo.JPG",
        "max_height_m": Infinity,
        "mean_height_m": Infinity,
        "crown_area_px": 5248,
        "bbox_w_px": 163,
        "bbox_h_px": 79
      }
    },
    {
      "type": "Feature",
      "geometry": {
        "type": "Point",
        "coordinates": [
          -76.321773,
          40.1041702
        ]
      },
      "properties": {
        "tree_id": "DINOV3_0126",
        "source_image": "dji_fly_20260307_115944_0010_1772903201779_photo.JPG",
        "max_height_m": Infinity,
        "mean_height_m": Infinity,
        "crown_area_px": 304,
        "bbox_w_px": 27,
        "bbox_h_px": 15
      }
    },
    {
      "type": "Feature",
      "geometry": {
        "type": "Point",
        "coordinates": [
          -76.3194325,
          40.1041658
        ]
      },
      "properties": {
        "tree_id": "DINOV3_0127",
        "source_image": "dji_fly_20260307_115944_0010_1772903201779_photo.JPG",
        "max_height_m": Infinity,
        "mean_height_m": Infinity,
        "crown_area_px": 144,
        "bbox_w_px": 11,
        "bbox_h_px": 19
      }
    },
    {
      "type": "Feature",
      "geometry": {
        "type": "Point",
        "coordinates": [
          -76.3204575,
          40.1041341
        ]
      },
      "properties": {
        "tree_id": "DINOV3_0128",
        "source_image": "dji_fly_20260307_115944_0010_1772903201779_photo.JPG",
        "max_height_m": Infinity,
        "mean_height_m": Infinity,
        "crown_area_px": 3136,
        "bbox_w_px": 95,
        "bbox_h_px": 99
      }
    },
    {
      "type": "Feature",
      "geometry": {
        "type": "Point",
        "coordinates": [
          -76.3218748,
          40.1041103
        ]
      },
      "properties": {
        "tree_id": "DINOV3_0129",
        "source_image": "dji_fly_20260307_115944_0010_1772903201779_photo.JPG",
        "max_height_m": Infinity,
        "mean_height_m": Infinity,
        "crown_area_px": 8992,
        "bbox_w_px": 131,
        "bbox_h_px": 156
      }
    },
    {
      "type": "Feature",
      "geometry": {
        "type": "Point",
        "coordinates": [
          -76.3194118,
          40.1041601
        ]
      },
      "properties": {
        "tree_id": "DINOV3_0130",
        "source_image": "dji_fly_20260307_115944_0010_1772903201779_photo.JPG",
        "max_height_m": Infinity,
        "mean_height_m": Infinity,
        "crown_area_px": 128,
        "bbox_w_px": 15,
        "bbox_h_px": 11
      }
    },
    {
      "type": "Feature",
      "geometry": {
        "type": "Point",
        "coordinates": [
          -76.3196654,
          40.104062
        ]
      },
      "properties": {
        "tree_id": "DINOV3_0131",
        "source_image": "dji_fly_20260307_115944_0010_1772903201779_photo.JPG",
        "max_height_m": 18.73,
        "mean_height_m": 11.25,
        "crown_area_px": 45331,
        "bbox_w_px": 281,
        "bbox_h_px": 272
      }
    },
    {
      "type": "Feature",
      "geometry": {
        "type": "Point",
        "coordinates": [
          -76.321326,
          40.1039473
        ]
      },
      "properties": {
        "tree_id": "DINOV3_0132",
        "source_image": "dji_fly_20260307_115944_0010_1772903201779_photo.JPG",
        "max_height_m": Infinity,
        "mean_height_m": Infinity,
        "crown_area_px": 113654,
        "bbox_w_px": 1159,
        "bbox_h_px": 584
      }
    },
    {
      "type": "Feature",
      "geometry": {
        "type": "Point",
        "coordinates": [
          -76.3198936,
          40.1041413
        ]
      },
      "properties": {
        "tree_id": "DINOV3_0133",
        "source_image": "dji_fly_20260307_115944_0010_1772903201779_photo.JPG",
        "max_height_m": Infinity,
        "mean_height_m": Infinity,
        "crown_area_px": 1040,
        "bbox_w_px": 35,
        "bbox_h_px": 39
      }
    },
    {
      "type": "Feature",
      "geometry": {
        "type": "Point",
        "coordinates": [
          -76.3206103,
          40.1040584
        ]
      },
      "properties": {
        "tree_id": "DINOV3_0134",
        "source_image": "dji_fly_20260307_115944_0010_1772903201779_photo.JPG",
        "max_height_m": Infinity,
        "mean_height_m": Infinity,
        "crown_area_px": 45272,
        "bbox_w_px": 355,
        "bbox_h_px": 244
      }
    },
    {
      "type": "Feature",
      "geometry": {
        "type": "Point",
        "coordinates": [
          -76.3186706,
          40.1041182
        ]
      },
      "properties": {
        "tree_id": "DINOV3_0135",
        "source_image": "dji_fly_20260307_115944_0010_1772903201779_photo.JPG",
        "max_height_m": Infinity,
        "mean_height_m": Infinity,
        "crown_area_px": 2208,
        "bbox_w_px": 51,
        "bbox_h_px": 55
      }
    },
    {
      "type": "Feature",
      "geometry": {
        "type": "Point",
        "coordinates": [
          -76.319457,
          40.1041211
        ]
      },
      "properties": {
        "tree_id": "DINOV3_0136",
        "source_image": "dji_fly_20260307_115944_0010_1772903201779_photo.JPG",
        "max_height_m": Infinity,
        "mean_height_m": Infinity,
        "crown_area_px": 176,
        "bbox_w_px": 15,
        "bbox_h_px": 15
      }
    },
    {
      "type": "Feature",
      "geometry": {
        "type": "Point",
        "coordinates": [
          -76.3182085,
          40.1040944
        ]
      },
      "properties": {
        "tree_id": "DINOV3_0137",
        "source_image": "dji_fly_20260307_115944_0010_1772903201779_photo.JPG",
        "max_height_m": 2.63,
        "mean_height_m": 1.69,
        "crown_area_px": 369,
        "bbox_w_px": 9,
        "bbox_h_px": 49
      }
    },
    {
      "type": "Feature",
      "geometry": {
        "type": "Point",
        "coordinates": [
          -76.3194702,
          40.1040829
        ]
      },
      "properties": {
        "tree_id": "DINOV3_0138",
        "source_image": "dji_fly_20260307_115944_0010_1772903201779_photo.JPG",
        "max_height_m": Infinity,
        "mean_height_m": Infinity,
        "crown_area_px": 856,
        "bbox_w_px": 43,
        "bbox_h_px": 32
      }
    },
    {
      "type": "Feature",
      "geometry": {
        "type": "Point",
        "coordinates": [
          -76.3183028,
          40.1040815
        ]
      },
      "properties": {
        "tree_id": "DINOV3_0139",
        "source_image": "dji_fly_20260307_115944_0010_1772903201779_photo.JPG",
        "max_height_m": Infinity,
        "mean_height_m": Infinity,
        "crown_area_px": 160,
        "bbox_w_px": 15,
        "bbox_h_px": 11
      }
    },
    {
      "type": "Feature",
      "geometry": {
        "type": "Point",
        "coordinates": [
          -76.3194872,
          40.1040367
        ]
      },
      "properties": {
        "tree_id": "DINOV3_0140",
        "source_image": "dji_fly_20260307_115944_0010_1772903201779_photo.JPG",
        "max_height_m": Infinity,
        "mean_height_m": Infinity,
        "crown_area_px": 208,
        "bbox_w_px": 7,
        "bbox_h_px": 31
      }
    },
    {
      "type": "Feature",
      "geometry": {
        "type": "Point",
        "coordinates": [
          -76.3182472,
          40.1039329
        ]
      },
      "properties": {
        "tree_id": "DINOV3_0141",
        "source_image": "dji_fly_20260307_115944_0010_1772903201779_photo.JPG",
        "max_height_m": 14.02,
        "mean_height_m": 5.65,
        "crown_area_px": 12861,
        "bbox_w_px": 92,
        "bbox_h_px": 244
      }
    },
    {
      "type": "Feature",
      "geometry": {
        "type": "Point",
        "coordinates": [
          -76.3196711,
          40.103966
        ]
      },
      "properties": {
        "tree_id": "DINOV3_0142",
        "source_image": "dji_fly_20260307_115944_0010_1772903201779_photo.JPG",
        "max_height_m": Infinity,
        "mean_height_m": Infinity,
        "crown_area_px": 1488,
        "bbox_w_px": 43,
        "bbox_h_px": 51
      }
    },
    {
      "type": "Feature",
      "geometry": {
        "type": "Point",
        "coordinates": [
          -76.320631,
          40.1038564
        ]
      },
      "properties": {
        "tree_id": "DINOV3_0143",
        "source_image": "dji_fly_20260307_115944_0010_1772903201779_photo.JPG",
        "max_height_m": Infinity,
        "mean_height_m": Infinity,
        "crown_area_px": 30208,
        "bbox_w_px": 311,
        "bbox_h_px": 315
      }
    },
    {
      "type": "Feature",
      "geometry": {
        "type": "Point",
        "coordinates": [
          -76.3215193,
          40.1039451
        ]
      },
      "properties": {
        "tree_id": "DINOV3_0144",
        "source_image": "dji_fly_20260307_115944_0010_1772903201779_photo.JPG",
        "max_height_m": 1.36,
        "mean_height_m": 1.15,
        "crown_area_px": 648,
        "bbox_w_px": 24,
        "bbox_h_px": 37
      }
    },
    {
      "type": "Feature",
      "geometry": {
        "type": "Point",
        "coordinates": [
          -76.3196371,
          40.1039516
        ]
      },
      "properties": {
        "tree_id": "DINOV3_0145",
        "source_image": "dji_fly_20260307_115944_0010_1772903201779_photo.JPG",
        "max_height_m": Infinity,
        "mean_height_m": Infinity,
        "crown_area_px": 192,
        "bbox_w_px": 19,
        "bbox_h_px": 11
      }
    },
    {
      "type": "Feature",
      "geometry": {
        "type": "Point",
        "coordinates": [
          -76.32002,
          40.1039386
        ]
      },
      "properties": {
        "tree_id": "DINOV3_0146",
        "source_image": "dji_fly_20260307_115944_0010_1772903201779_photo.JPG",
        "max_height_m": Infinity,
        "mean_height_m": Infinity,
        "crown_area_px": 304,
        "bbox_w_px": 31,
        "bbox_h_px": 15
      }
    },
    {
      "type": "Feature",
      "geometry": {
        "type": "Point",
        "coordinates": [
          -76.3195287,
          40.1039148
        ]
      },
      "properties": {
        "tree_id": "DINOV3_0147",
        "source_image": "dji_fly_20260307_115944_0010_1772903201779_photo.JPG",
        "max_height_m": 5.32,
        "mean_height_m": 2.61,
        "crown_area_px": 1145,
        "bbox_w_px": 37,
        "bbox_h_px": 40
      }
    },
    {
      "type": "Feature",
      "geometry": {
        "type": "Point",
        "coordinates": [
          -76.3195787,
          40.103917
        ]
      },
      "properties": {
        "tree_id": "DINOV3_0148",
        "source_image": "dji_fly_20260307_115944_0010_1772903201779_photo.JPG",
        "max_height_m": Infinity,
        "mean_height_m": Infinity,
        "crown_area_px": 256,
        "bbox_w_px": 23,
        "bbox_h_px": 11
      }
    },
    {
      "type": "Feature",
      "geometry": {
        "type": "Point",
        "coordinates": [
          -76.3196588,
          40.1038975
        ]
      },
      "properties": {
        "tree_id": "DINOV3_0149",
        "source_image": "dji_fly_20260307_115944_0010_1772903201779_photo.JPG",
        "max_height_m": 1.07,
        "mean_height_m": 1.03,
        "crown_area_px": 200,
        "bbox_w_px": 22,
        "bbox_h_px": 10
      }
    },
    {
      "type": "Feature",
      "geometry": {
        "type": "Point",
        "coordinates": [
          -76.3218862,
          40.1038478
        ]
      },
      "properties": {
        "tree_id": "DINOV3_0150",
        "source_image": "dji_fly_20260307_115944_0010_1772903201779_photo.JPG",
        "max_height_m": Infinity,
        "mean_height_m": Infinity,
        "crown_area_px": 1808,
        "bbox_w_px": 67,
        "bbox_h_px": 51
      }
    },
    {
      "type": "Feature",
      "geometry": {
        "type": "Point",
        "coordinates": [
          -76.3219871,
          40.1038088
        ]
      },
      "properties": {
        "tree_id": "DINOV3_0151",
        "source_image": "dji_fly_20260307_115944_0010_1772903201779_photo.JPG",
        "max_height_m": 6.24,
        "mean_height_m": 3.13,
        "crown_area_px": 1959,
        "bbox_w_px": 41,
        "bbox_h_px": 53
      }
    },
    {
      "type": "Feature",
      "geometry": {
        "type": "Point",
        "coordinates": [
          -76.3205217,
          40.10378
        ]
      },
      "properties": {
        "tree_id": "DINOV3_0152",
        "source_image": "dji_fly_20260307_115944_0010_1772903201779_photo.JPG",
        "max_height_m": Infinity,
        "mean_height_m": Infinity,
        "crown_area_px": 6080,
        "bbox_w_px": 111,
        "bbox_h_px": 111
      }
    },
    {
      "type": "Feature",
      "geometry": {
        "type": "Point",
        "coordinates": [
          -76.3183075,
          40.1037814
        ]
      },
      "properties": {
        "tree_id": "DINOV3_0153",
        "source_image": "dji_fly_20260307_115944_0010_1772903201779_photo.JPG",
        "max_height_m": 10.39,
        "mean_height_m": 4.41,
        "crown_area_px": 4486,
        "bbox_w_px": 81,
        "bbox_h_px": 88
      }
    },
    {
      "type": "Feature",
      "geometry": {
        "type": "Point",
        "coordinates": [
          -76.3215278,
          40.1037728
        ]
      },
      "properties": {
        "tree_id": "DINOV3_0154",
        "source_image": "dji_fly_20260307_115944_0010_1772903201779_photo.JPG",
        "max_height_m": Infinity,
        "mean_height_m": Infinity,
        "crown_area_px": 8160,
        "bbox_w_px": 163,
        "bbox_h_px": 91
      }
    },
    {
      "type": "Feature",
      "geometry": {
        "type": "Point",
        "coordinates": [
          -76.3207998,
          40.1037828
        ]
      },
      "properties": {
        "tree_id": "DINOV3_0155",
        "source_image": "dji_fly_20260307_115944_0010_1772903201779_photo.JPG",
        "max_height_m": Infinity,
        "mean_height_m": Infinity,
        "crown_area_px": 384,
        "bbox_w_px": 43,
        "bbox_h_px": 15
      }
    },
    {
      "type": "Feature",
      "geometry": {
        "type": "Point",
        "coordinates": [
          -76.3217636,
          40.1037453
        ]
      },
      "properties": {
        "tree_id": "DINOV3_0156",
        "source_image": "dji_fly_20260307_115944_0010_1772903201779_photo.JPG",
        "max_height_m": Infinity,
        "mean_height_m": Infinity,
        "crown_area_px": 6064,
        "bbox_w_px": 231,
        "bbox_h_px": 103
      }
    },
    {
      "type": "Feature",
      "geometry": {
        "type": "Point",
        "coordinates": [
          -76.3205763,
          40.1037223
        ]
      },
      "properties": {
        "tree_id": "DINOV3_0157",
        "source_image": "dji_fly_20260307_115944_0010_1772903201779_photo.JPG",
        "max_height_m": Infinity,
        "mean_height_m": Infinity,
        "crown_area_px": 5120,
        "bbox_w_px": 179,
        "bbox_h_px": 71
      }
    },
    {
      "type": "Feature",
      "geometry": {
        "type": "Point",
        "coordinates": [
          -76.3187734,
          40.1037129
        ]
      },
      "properties": {
        "tree_id": "DINOV3_0158",
        "source_image": "dji_fly_20260307_115944_0010_1772903201779_photo.JPG",
        "max_height_m": 1.52,
        "mean_height_m": 1.21,
        "crown_area_px": 560,
        "bbox_w_px": 28,
        "bbox_h_px": 29
      }
    },
    {
      "type": "Feature",
      "geometry": {
        "type": "Point",
        "coordinates": [
          -76.3218051,
          40.1037194
        ]
      },
      "properties": {
        "tree_id": "DINOV3_0159",
        "source_image": "dji_fly_20260307_115944_0010_1772903201779_photo.JPG",
        "max_height_m": Infinity,
        "mean_height_m": Infinity,
        "crown_area_px": 112,
        "bbox_w_px": 15,
        "bbox_h_px": 7
      }
    },
    {
      "type": "Feature",
      "geometry": {
        "type": "Point",
        "coordinates": [
          -76.3197088,
          40.1037093
        ]
      },
      "properties": {
        "tree_id": "DINOV3_0160",
        "source_image": "dji_fly_20260307_115944_0010_1772903201779_photo.JPG",
        "max_height_m": 2.08,
        "mean_height_m": 1.48,
        "crown_area_px": 302,
        "bbox_w_px": 21,
        "bbox_h_px": 16
      }
    },
    {
      "type": "Feature",
      "geometry": {
        "type": "Point",
        "coordinates": [
          -76.3193589,
          40.1035261
        ]
      },
      "properties": {
        "tree_id": "DINOV3_0161",
        "source_image": "dji_fly_20260307_115944_0010_1772903201779_photo.JPG",
        "max_height_m": Infinity,
        "mean_height_m": Infinity,
        "crown_area_px": 60464,
        "bbox_w_px": 279,
        "bbox_h_px": 471
      }
    },
    {
      "type": "Feature",
      "geometry": {
        "type": "Point",
        "coordinates": [
          -76.3201463,
          40.1035246
        ]
      },
      "properties": {
        "tree_id": "DINOV3_0162",
        "source_image": "dji_fly_20260307_115944_0010_1772903201779_photo.JPG",
        "max_height_m": Infinity,
        "mean_height_m": Infinity,
        "crown_area_px": 57552,
        "bbox_w_px": 699,
        "bbox_h_px": 467
      }
    },
    {
      "type": "Feature",
      "geometry": {
        "type": "Point",
        "coordinates": [
          -76.3208017,
          40.1036747
        ]
      },
      "properties": {
        "tree_id": "DINOV3_0163",
        "source_image": "dji_fly_20260307_115944_0010_1772903201779_photo.JPG",
        "max_height_m": Infinity,
        "mean_height_m": Infinity,
        "crown_area_px": 576,
        "bbox_w_px": 31,
        "bbox_h_px": 27
      }
    },
    {
      "type": "Feature",
      "geometry": {
        "type": "Point",
        "coordinates": [
          -76.3203312,
          40.1036602
        ]
      },
      "properties": {
        "tree_id": "DINOV3_0164",
        "source_image": "dji_fly_20260307_115944_0010_1772903201779_photo.JPG",
        "max_height_m": Infinity,
        "mean_height_m": Infinity,
        "crown_area_px": 112,
        "bbox_w_px": 19,
        "bbox_h_px": 11
      }
    },
    {
      "type": "Feature",
      "geometry": {
        "type": "Point",
        "coordinates": [
          -76.3203048,
          40.1036487
        ]
      },
      "properties": {
        "tree_id": "DINOV3_0165",
        "source_image": "dji_fly_20260307_115944_0010_1772903201779_photo.JPG",
        "max_height_m": Infinity,
        "mean_height_m": Infinity,
        "crown_area_px": 272,
        "bbox_w_px": 35,
        "bbox_h_px": 19
      }
    },
    {
      "type": "Feature",
      "geometry": {
        "type": "Point",
        "coordinates": [
          -76.3204009,
          40.1036314
        ]
      },
      "properties": {
        "tree_id": "DINOV3_0166",
        "source_image": "dji_fly_20260307_115944_0010_1772903201779_photo.JPG",
        "max_height_m": Infinity,
        "mean_height_m": Infinity,
        "crown_area_px": 208,
        "bbox_w_px": 23,
        "bbox_h_px": 11
      }
    },
    {
      "type": "Feature",
      "geometry": {
        "type": "Point",
        "coordinates": [
          -76.3212393,
          40.1036097
        ]
      },
      "properties": {
        "tree_id": "DINOV3_0167",
        "source_image": "dji_fly_20260307_115944_0010_1772903201779_photo.JPG",
        "max_height_m": Infinity,
        "mean_height_m": Infinity,
        "crown_area_px": 5920,
        "bbox_w_px": 151,
        "bbox_h_px": 63
      }
    },
    {
      "type": "Feature",
      "geometry": {
        "type": "Point",
        "coordinates": [
          -76.3209394,
          40.1035809
        ]
      },
      "properties": {
        "tree_id": "DINOV3_0168",
        "source_image": "dji_fly_20260307_115944_0010_1772903201779_photo.JPG",
        "max_height_m": Infinity,
        "mean_height_m": Infinity,
        "crown_area_px": 10896,
        "bbox_w_px": 243,
        "bbox_h_px": 119
      }
    },
    {
      "type": "Feature",
      "geometry": {
        "type": "Point",
        "coordinates": [
          -76.3194976,
          40.1036069
        ]
      },
      "properties": {
        "tree_id": "DINOV3_0169",
        "source_image": "dji_fly_20260307_115944_0010_1772903201779_photo.JPG",
        "max_height_m": Infinity,
        "mean_height_m": Infinity,
        "crown_area_px": 352,
        "bbox_w_px": 11,
        "bbox_h_px": 39
      }
    },
    {
      "type": "Feature",
      "geometry": {
        "type": "Point",
        "coordinates": [
          -76.3215316,
          40.103578
        ]
      },
      "properties": {
        "tree_id": "DINOV3_0170",
        "source_image": "dji_fly_20260307_115944_0010_1772903201779_photo.JPG",
        "max_height_m": Infinity,
        "mean_height_m": Infinity,
        "crown_area_px": 8192,
        "bbox_w_px": 315,
        "bbox_h_px": 63
      }
    },
    {
      "type": "Feature",
      "geometry": {
        "type": "Point",
        "coordinates": [
          -76.3184669,
          40.1034741
        ]
      },
      "properties": {
        "tree_id": "DINOV3_0171",
        "source_image": "dji_fly_20260307_115944_0010_1772903201779_photo.JPG",
        "max_height_m": Infinity,
        "mean_height_m": Infinity,
        "crown_area_px": 56640,
        "bbox_w_px": 555,
        "bbox_h_px": 327
      }
    },
    {
      "type": "Feature",
      "geometry": {
        "type": "Point",
        "coordinates": [
          -76.3195881,
          40.1035766
        ]
      },
      "properties": {
        "tree_id": "DINOV3_0172",
        "source_image": "dji_fly_20260307_115944_0010_1772903201779_photo.JPG",
        "max_height_m": Infinity,
        "mean_height_m": Infinity,
        "crown_area_px": 544,
        "bbox_w_px": 43,
        "bbox_h_px": 19
      }
    },
    {
      "type": "Feature",
      "geometry": {
        "type": "Point",
        "coordinates": [
          -76.3207885,
          40.1035708
        ]
      },
      "properties": {
        "tree_id": "DINOV3_0173",
        "source_image": "dji_fly_20260307_115944_0010_1772903201779_photo.JPG",
        "max_height_m": Infinity,
        "mean_height_m": Infinity,
        "crown_area_px": 256,
        "bbox_w_px": 19,
        "bbox_h_px": 19
      }
    },
    {
      "type": "Feature",
      "geometry": {
        "type": "Point",
        "coordinates": [
          -76.3207159,
          40.1035232
        ]
      },
      "properties": {
        "tree_id": "DINOV3_0174",
        "source_image": "dji_fly_20260307_115944_0010_1772903201779_photo.JPG",
        "max_height_m": Infinity,
        "mean_height_m": Infinity,
        "crown_area_px": 9440,
        "bbox_w_px": 131,
        "bbox_h_px": 143
      }
    },
    {
      "type": "Feature",
      "geometry": {
        "type": "Point",
        "coordinates": [
          -76.3195485,
          40.1035001
        ]
      },
      "properties": {
        "tree_id": "DINOV3_0175",
        "source_image": "dji_fly_20260307_115944_0010_1772903201779_photo.JPG",
        "max_height_m": Infinity,
        "mean_height_m": Infinity,
        "crown_area_px": 11584,
        "bbox_w_px": 119,
        "bbox_h_px": 191
      }
    },
    {
      "type": "Feature",
      "geometry": {
        "type": "Point",
        "coordinates": [
          -76.318663,
          40.1035131
        ]
      },
      "properties": {
        "tree_id": "DINOV3_0176",
        "source_image": "dji_fly_20260307_115944_0010_1772903201779_photo.JPG",
        "max_height_m": Infinity,
        "mean_height_m": Infinity,
        "crown_area_px": 8672,
        "bbox_w_px": 131,
        "bbox_h_px": 131
      }
    },
    {
      "type": "Feature",
      "geometry": {
        "type": "Point",
        "coordinates": [
          -76.3218503,
          40.1035016
        ]
      },
      "properties": {
        "tree_id": "DINOV3_0177",
        "source_image": "dji_fly_20260307_115944_0010_1772903201779_photo.JPG",
        "max_height_m": Infinity,
        "mean_height_m": Infinity,
        "crown_area_px": 15040,
        "bbox_w_px": 295,
        "bbox_h_px": 155
      }
    },
    {
      "type": "Feature",
      "geometry": {
        "type": "Point",
        "coordinates": [
          -76.3220615,
          40.1035333
        ]
      },
      "properties": {
        "tree_id": "DINOV3_0178",
        "source_image": "dji_fly_20260307_115944_0010_1772903201779_photo.JPG",
        "max_height_m": Infinity,
        "mean_height_m": Infinity,
        "crown_area_px": 272,
        "bbox_w_px": 7,
        "bbox_h_px": 59
      }
    },
    {
      "type": "Feature",
      "geometry": {
        "type": "Point",
        "coordinates": [
          -76.3207885,
          40.1035492
        ]
      },
      "properties": {
        "tree_id": "DINOV3_0179",
        "source_image": "dji_fly_20260307_115944_0010_1772903201779_photo.JPG",
        "max_height_m": Infinity,
        "mean_height_m": Infinity,
        "crown_area_px": 192,
        "bbox_w_px": 19,
        "bbox_h_px": 15
      }
    },
    {
      "type": "Feature",
      "geometry": {
        "type": "Point",
        "coordinates": [
          -76.3185857,
          40.1035347
        ]
      },
      "properties": {
        "tree_id": "DINOV3_0180",
        "source_image": "dji_fly_20260307_115944_0010_1772903201779_photo.JPG",
        "max_height_m": Infinity,
        "mean_height_m": Infinity,
        "crown_area_px": 560,
        "bbox_w_px": 23,
        "bbox_h_px": 31
      }
    },
    {
      "type": "Feature",
      "geometry": {
        "type": "Point",
        "coordinates": [
          -76.3207923,
          40.1034943
        ]
      },
      "properties": {
        "tree_id": "DINOV3_0181",
        "source_image": "dji_fly_20260307_115944_0010_1772903201779_photo.JPG",
        "max_height_m": Infinity,
        "mean_height_m": Infinity,
        "crown_area_px": 1440,
        "bbox_w_px": 27,
        "bbox_h_px": 79
      }
    },
    {
      "type": "Feature",
      "geometry": {
        "type": "Point",
        "coordinates": [
          -76.3204462,
          40.1034323
        ]
      },
      "properties": {
        "tree_id": "DINOV3_0182",
        "source_image": "dji_fly_20260307_115944_0010_1772903201779_photo.JPG",
        "max_height_m": Infinity,
        "mean_height_m": Infinity,
        "crown_area_px": 26752,
        "bbox_w_px": 415,
        "bbox_h_px": 211
      }
    },
    {
      "type": "Feature",
      "geometry": {
        "type": "Point",
        "coordinates": [
          -76.3217466,
          40.1035016
        ]
      },
      "properties": {
        "tree_id": "DINOV3_0183",
        "source_image": "dji_fly_20260307_115944_0010_1772903201779_photo.JPG",
        "max_height_m": Infinity,
        "mean_height_m": Infinity,
        "crown_area_px": 192,
        "bbox_w_px": 27,
        "bbox_h_px": 11
      }
    },
    {
      "type": "Feature",
      "geometry": {
        "type": "Point",
        "coordinates": [
          -76.3212053,
          40.103428
        ]
      },
      "properties": {
        "tree_id": "DINOV3_0184",
        "source_image": "dji_fly_20260307_115944_0010_1772903201779_photo.JPG",
        "max_height_m": Infinity,
        "mean_height_m": Infinity,
        "crown_area_px": 10800,
        "bbox_w_px": 151,
        "bbox_h_px": 199
      }
    },
    {
      "type": "Feature",
      "geometry": {
        "type": "Point",
        "coordinates": [
          -76.3212176,
          40.1034482
        ]
      },
      "properties": {
        "tree_id": "DINOV3_0185",
        "source_image": "dji_fly_20260307_115944_0010_1772903201779_photo.JPG",
        "max_height_m": 7.0,
        "mean_height_m": 3.17,
        "crown_area_px": 2495,
        "bbox_w_px": 55,
        "bbox_h_px": 68
      }
    },
    {
      "type": "Feature",
      "geometry": {
        "type": "Point",
        "coordinates": [
          -76.321971,
          40.1034136
        ]
      },
      "properties": {
        "tree_id": "DINOV3_0186",
        "source_image": "dji_fly_20260307_115944_0010_1772903201779_photo.JPG",
        "max_height_m": Infinity,
        "mean_height_m": Infinity,
        "crown_area_px": 11520,
        "bbox_w_px": 199,
        "bbox_h_px": 159
      }
    },
    {
      "type": "Feature",
      "geometry": {
        "type": "Point",
        "coordinates": [
          -76.3215014,
          40.1034035
        ]
      },
      "properties": {
        "tree_id": "DINOV3_0187",
        "source_image": "dji_fly_20260307_115944_0010_1772903201779_photo.JPG",
        "max_height_m": Infinity,
        "mean_height_m": Infinity,
        "crown_area_px": 14608,
        "bbox_w_px": 355,
        "bbox_h_px": 131
      }
    },
    {
      "type": "Feature",
      "geometry": {
        "type": "Point",
        "coordinates": [
          -76.3192062,
          40.1034424
        ]
      },
      "properties": {
        "tree_id": "DINOV3_0188",
        "source_image": "dji_fly_20260307_115944_0010_1772903201779_photo.JPG",
        "max_height_m": Infinity,
        "mean_height_m": Infinity,
        "crown_area_px": 368,
        "bbox_w_px": 27,
        "bbox_h_px": 23
      }
    },
    {
      "type": "Feature",
      "geometry": {
        "type": "Point",
        "coordinates": [
          -76.3188988,
          40.1033789
        ]
      },
      "properties": {
        "tree_id": "DINOV3_0189",
        "source_image": "dji_fly_20260307_115944_0010_1772903201779_photo.JPG",
        "max_height_m": Infinity,
        "mean_height_m": Infinity,
        "crown_area_px": 5136,
        "bbox_w_px": 255,
        "bbox_h_px": 63
      }
    },
    {
      "type": "Feature",
      "geometry": {
        "type": "Point",
        "coordinates": [
          -76.320864,
          40.1033717
        ]
      },
      "properties": {
        "tree_id": "DINOV3_0190",
        "source_image": "dji_fly_20260307_115944_0010_1772903201779_photo.JPG",
        "max_height_m": Infinity,
        "mean_height_m": Infinity,
        "crown_area_px": 1344,
        "bbox_w_px": 75,
        "bbox_h_px": 43
      }
    },
    {
      "type": "Feature",
      "geometry": {
        "type": "Point",
        "coordinates": [
          -76.320714,
          40.1033602
        ]
      },
      "properties": {
        "tree_id": "DINOV3_0191",
        "source_image": "dji_fly_20260307_115944_0010_1772903201779_photo.JPG",
        "max_height_m": Infinity,
        "mean_height_m": Infinity,
        "crown_area_px": 560,
        "bbox_w_px": 95,
        "bbox_h_px": 11
      }
    },
    {
      "type": "Feature",
      "geometry": {
        "type": "Point",
        "coordinates": [
          -76.3201181,
          40.1033587
        ]
      },
      "properties": {
        "tree_id": "DINOV3_0192",
        "source_image": "dji_fly_20260307_115944_0010_1772903201779_photo.JPG",
        "max_height_m": Infinity,
        "mean_height_m": Infinity,
        "crown_area_px": 304,
        "bbox_w_px": 55,
        "bbox_h_px": 7
      }
    },
    {
      "type": "Feature",
      "geometry": {
        "type": "Point",
        "coordinates": [
          -76.3206057,
          40.1048705
        ]
      },
      "properties": {
        "tree_id": "DINOV3_0001",
        "source_image": "dji_fly_20260307_120030_0011_1772903202068_photo.JPG",
        "max_height_m": Infinity,
        "mean_height_m": Infinity,
        "crown_area_px": 1430395,
        "bbox_w_px": 2696,
        "bbox_h_px": 1632
      }
    },
    {
      "type": "Feature",
      "geometry": {
        "type": "Point",
        "coordinates": [
          -76.3201476,
          40.1052657
        ]
      },
      "properties": {
        "tree_id": "DINOV3_0002",
        "source_image": "dji_fly_20260307_120030_0011_1772903202068_photo.JPG",
        "max_height_m": Infinity,
        "mean_height_m": Infinity,
        "crown_area_px": 101984,
        "bbox_w_px": 1075,
        "bbox_h_px": 383
      }
    },
    {
      "type": "Feature",
      "geometry": {
        "type": "Point",
        "coordinates": [
          -76.3196532,
          40.1053821
        ]
      },
      "properties": {
        "tree_id": "DINOV3_0003",
        "source_image": "dji_fly_20260307_120030_0011_1772903202068_photo.JPG",
        "max_height_m": Infinity,
        "mean_height_m": Infinity,
        "crown_area_px": 560,
        "bbox_w_px": 71,
        "bbox_h_px": 15
      }
    },
    {
      "type": "Feature",
      "geometry": {
        "type": "Point",
        "coordinates": [
          -76.319511,
          40.1053859
        ]
      },
      "properties": {
        "tree_id": "DINOV3_0004",
        "source_image": "dji_fly_20260307_120030_0011_1772903202068_photo.JPG",
        "max_height_m": Infinity,
        "mean_height_m": Infinity,
        "crown_area_px": 256,
        "bbox_w_px": 63,
        "bbox_h_px": 3
      }
    },
    {
      "type": "Feature",
      "geometry": {
        "type": "Point",
        "coordinates": [
          -76.3193249,
          40.1053834
        ]
      },
      "properties": {
        "tree_id": "DINOV3_0005",
        "source_image": "dji_fly_20260307_120030_0011_1772903202068_photo.JPG",
        "max_height_m": Infinity,
        "mean_height_m": Infinity,
        "crown_area_px": 1200,
        "bbox_w_px": 223,
        "bbox_h_px": 11
      }
    },
    {
      "type": "Feature",
      "geometry": {
        "type": "Point",
        "coordinates": [
          -76.3187718,
          40.1051443
        ]
      },
      "properties": {
        "tree_id": "DINOV3_0006",
        "source_image": "dji_fly_20260307_120030_0011_1772903202068_photo.JPG",
        "max_height_m": Infinity,
        "mean_height_m": Infinity,
        "crown_area_px": 262915,
        "bbox_w_px": 1056,
        "bbox_h_px": 767
      }
    },
    {
      "type": "Feature",
      "geometry": {
        "type": "Point",
        "coordinates": [
          -76.3208331,
          40.1053631
        ]
      },
      "properties": {
        "tree_id": "DINOV3_0007",
        "source_image": "dji_fly_20260307_120030_0011_1772903202068_photo.JPG",
        "max_height_m": Infinity,
        "mean_height_m": Infinity,
        "crown_area_px": 128,
        "bbox_w_px": 11,
        "bbox_h_px": 11
      }
    },
    {
      "type": "Feature",
      "geometry": {
        "type": "Point",
        "coordinates": [
          -76.3208579,
          40.1053429
        ]
      },
      "properties": {
        "tree_id": "DINOV3_0008",
        "source_image": "dji_fly_20260307_120030_0011_1772903202068_photo.JPG",
        "max_height_m": Infinity,
        "mean_height_m": Infinity,
        "crown_area_px": 832,
        "bbox_w_px": 39,
        "bbox_h_px": 43
      }
    },
    {
      "type": "Feature",
      "geometry": {
        "type": "Point",
        "coordinates": [
          -76.3214631,
          40.1053441
        ]
      },
      "properties": {
        "tree_id": "DINOV3_0009",
        "source_image": "dji_fly_20260307_120030_0011_1772903202068_photo.JPG",
        "max_height_m": Infinity,
        "mean_height_m": Infinity,
        "crown_area_px": 144,
        "bbox_w_px": 15,
        "bbox_h_px": 15
      }
    },
    {
      "type": "Feature",
      "geometry": {
        "type": "Point",
        "coordinates": [
          -76.3189338,
          40.1053113
        ]
      },
      "properties": {
        "tree_id": "DINOV3_0010",
        "source_image": "dji_fly_20260307_120030_0011_1772903202068_photo.JPG",
        "max_height_m": 15.58,
        "mean_height_m": 6.44,
        "crown_area_px": 7388,
        "bbox_w_px": 104,
        "bbox_h_px": 93
      }
    },
    {
      "type": "Feature",
      "geometry": {
        "type": "Point",
        "coordinates": [
          -76.3185874,
          40.1053201
        ]
      },
      "properties": {
        "tree_id": "DINOV3_0011",
        "source_image": "dji_fly_20260307_120030_0011_1772903202068_photo.JPG",
        "max_height_m": Infinity,
        "mean_height_m": Infinity,
        "crown_area_px": 1536,
        "bbox_w_px": 79,
        "bbox_h_px": 59
      }
    },
    {
      "type": "Feature",
      "geometry": {
        "type": "Point",
        "coordinates": [
          -76.3196829,
          40.1053125
        ]
      },
      "properties": {
        "tree_id": "DINOV3_0012",
        "source_image": "dji_fly_20260307_120030_0011_1772903202068_photo.JPG",
        "max_height_m": Infinity,
        "mean_height_m": Infinity,
        "crown_area_px": 4432,
        "bbox_w_px": 111,
        "bbox_h_px": 67
      }
    },
    {
      "type": "Feature",
      "geometry": {
        "type": "Point",
        "coordinates": [
          -76.3203361,
          40.1052632
        ]
      },
      "properties": {
        "tree_id": "DINOV3_0013",
        "source_image": "dji_fly_20260307_120030_0011_1772903202068_photo.JPG",
        "max_height_m": Infinity,
        "mean_height_m": Infinity,
        "crown_area_px": 17824,
        "bbox_w_px": 163,
        "bbox_h_px": 215
      }
    },
    {
      "type": "Feature",
      "geometry": {
        "type": "Point",
        "coordinates": [
          -76.3201675,
          40.1053151
        ]
      },
      "properties": {
        "tree_id": "DINOV3_0014",
        "source_image": "dji_fly_20260307_120030_0011_1772903202068_photo.JPG",
        "max_height_m": Infinity,
        "mean_height_m": Infinity,
        "crown_area_px": 208,
        "bbox_w_px": 27,
        "bbox_h_px": 11
      }
    },
    {
      "type": "Feature",
      "geometry": {
        "type": "Point",
        "coordinates": [
          -76.3194746,
          40.1053011
        ]
      },
      "properties": {
        "tree_id": "DINOV3_0015",
        "source_image": "dji_fly_20260307_120030_0011_1772903202068_photo.JPG",
        "max_height_m": Infinity,
        "mean_height_m": Infinity,
        "crown_area_px": 336,
        "bbox_w_px": 23,
        "bbox_h_px": 15
      }
    },
    {
      "type": "Feature",
      "geometry": {
        "type": "Point",
        "coordinates": [
          -76.3184452,
          40.1052904
        ]
      },
      "properties": {
        "tree_id": "DINOV3_0016",
        "source_image": "dji_fly_20260307_120030_0011_1772903202068_photo.JPG",
        "max_height_m": 8.59,
        "mean_height_m": 3.05,
        "crown_area_px": 2176,
        "bbox_w_px": 60,
        "bbox_h_px": 44
      }
    },
    {
      "type": "Feature",
      "geometry": {
        "type": "Point",
        "coordinates": [
          -76.3196036,
          40.1052948
        ]
      },
      "properties": {
        "tree_id": "DINOV3_0017",
        "source_image": "dji_fly_20260307_120030_0011_1772903202068_photo.JPG",
        "max_height_m": Infinity,
        "mean_height_m": Infinity,
        "crown_area_px": 208,
        "bbox_w_px": 23,
        "bbox_h_px": 11
      }
    },
    {
      "type": "Feature",
      "geometry": {
        "type": "Point",
        "coordinates": [
          -76.320146,
          40.105181
        ]
      },
      "properties": {
        "tree_id": "DINOV3_0018",
        "source_image": "dji_fly_20260307_120030_0011_1772903202068_photo.JPG",
        "max_height_m": Infinity,
        "mean_height_m": Infinity,
        "crown_area_px": 56938,
        "bbox_w_px": 359,
        "bbox_h_px": 355
      }
    },
    {
      "type": "Feature",
      "geometry": {
        "type": "Point",
        "coordinates": [
          -76.3196895,
          40.1052771
        ]
      },
      "properties": {
        "tree_id": "DINOV3_0019",
        "source_image": "dji_fly_20260307_120030_0011_1772903202068_photo.JPG",
        "max_height_m": Infinity,
        "mean_height_m": Infinity,
        "crown_area_px": 384,
        "bbox_w_px": 23,
        "bbox_h_px": 19
      }
    },
    {
      "type": "Feature",
      "geometry": {
        "type": "Point",
        "coordinates": [
          -76.3194043,
          40.1052417
        ]
      },
      "properties": {
        "tree_id": "DINOV3_0020",
        "source_image": "dji_fly_20260307_120030_0011_1772903202068_photo.JPG",
        "max_height_m": Infinity,
        "mean_height_m": Infinity,
        "crown_area_px": 5104,
        "bbox_w_px": 143,
        "bbox_h_px": 91
      }
    },
    {
      "type": "Feature",
      "geometry": {
        "type": "Point",
        "coordinates": [
          -76.3194812,
          40.1052531
        ]
      },
      "properties": {
        "tree_id": "DINOV3_0021",
        "source_image": "dji_fly_20260307_120030_0011_1772903202068_photo.JPG",
        "max_height_m": Infinity,
        "mean_height_m": Infinity,
        "crown_area_px": 960,
        "bbox_w_px": 39,
        "bbox_h_px": 47
      }
    },
    {
      "type": "Feature",
      "geometry": {
        "type": "Point",
        "coordinates": [
          -76.3199029,
          40.105248
        ]
      },
      "properties": {
        "tree_id": "DINOV3_0022",
        "source_image": "dji_fly_20260307_120030_0011_1772903202068_photo.JPG",
        "max_height_m": Infinity,
        "mean_height_m": Infinity,
        "crown_area_px": 1920,
        "bbox_w_px": 83,
        "bbox_h_px": 47
      }
    },
    {
      "type": "Feature",
      "geometry": {
        "type": "Point",
        "coordinates": [
          -76.3198268,
          40.1052493
        ]
      },
      "properties": {
        "tree_id": "DINOV3_0023",
        "source_image": "dji_fly_20260307_120030_0011_1772903202068_photo.JPG",
        "max_height_m": Infinity,
        "mean_height_m": Infinity,
        "crown_area_px": 320,
        "bbox_w_px": 35,
        "bbox_h_px": 11
      }
    },
    {
      "type": "Feature",
      "geometry": {
        "type": "Point",
        "coordinates": [
          -76.3199922,
          40.1052379
        ]
      },
      "properties": {
        "tree_id": "DINOV3_0024",
        "source_image": "dji_fly_20260307_120030_0011_1772903202068_photo.JPG",
        "max_height_m": Infinity,
        "mean_height_m": Infinity,
        "crown_area_px": 1168,
        "bbox_w_px": 51,
        "bbox_h_px": 31
      }
    },
    {
      "type": "Feature",
      "geometry": {
        "type": "Point",
        "coordinates": [
          -76.3189247,
          40.1052328
        ]
      },
      "properties": {
        "tree_id": "DINOV3_0025",
        "source_image": "dji_fly_20260307_120030_0011_1772903202068_photo.JPG",
        "max_height_m": Infinity,
        "mean_height_m": Infinity,
        "crown_area_px": 160,
        "bbox_w_px": 23,
        "bbox_h_px": 7
      }
    },
    {
      "type": "Feature",
      "geometry": {
        "type": "Point",
        "coordinates": [
          -76.3197358,
          40.1052215
        ]
      },
      "properties": {
        "tree_id": "DINOV3_0026",
        "source_image": "dji_fly_20260307_120030_0011_1772903202068_photo.JPG",
        "max_height_m": Infinity,
        "mean_height_m": Infinity,
        "crown_area_px": 992,
        "bbox_w_px": 55,
        "bbox_h_px": 27
      }
    },
    {
      "type": "Feature",
      "geometry": {
        "type": "Point",
        "coordinates": [
          -76.3193183,
          40.1052227
        ]
      },
      "properties": {
        "tree_id": "DINOV3_0027",
        "source_image": "dji_fly_20260307_120030_0011_1772903202068_photo.JPG",
        "max_height_m": Infinity,
        "mean_height_m": Infinity,
        "crown_area_px": 176,
        "bbox_w_px": 23,
        "bbox_h_px": 7
      }
    },
    {
      "type": "Feature",
      "geometry": {
        "type": "Point",
        "coordinates": [
          -76.3195457,
          40.1051633
        ]
      },
      "properties": {
        "tree_id": "DINOV3_0028",
        "source_image": "dji_fly_20260307_120030_0011_1772903202068_photo.JPG",
        "max_height_m": Infinity,
        "mean_height_m": Infinity,
        "crown_area_px": 12432,
        "bbox_w_px": 195,
        "bbox_h_px": 179
      }
    },
    {
      "type": "Feature",
      "geometry": {
        "type": "Point",
        "coordinates": [
          -76.3196829,
          40.1051633
        ]
      },
      "properties": {
        "tree_id": "DINOV3_0029",
        "source_image": "dji_fly_20260307_120030_0011_1772903202068_photo.JPG",
        "max_height_m": Infinity,
        "mean_height_m": Infinity,
        "crown_area_px": 16656,
        "bbox_w_px": 327,
        "bbox_h_px": 171
      }
    },
    {
      "type": "Feature",
      "geometry": {
        "type": "Point",
        "coordinates": [
          -76.3188999,
          40.1043278
        ]
      },
      "properties": {
        "tree_id": "DINOV3_0030",
        "source_image": "dji_fly_20260307_120030_0011_1772903202068_photo.JPG",
        "max_height_m": Infinity,
        "mean_height_m": Infinity,
        "crown_area_px": 1522790,
        "bbox_w_px": 1363,
        "bbox_h_px": 2789
      }
    },
    {
      "type": "Feature",
      "geometry": {
        "type": "Point",
        "coordinates": [
          -76.3192703,
          40.1052063
        ]
      },
      "properties": {
        "tree_id": "DINOV3_0031",
        "source_image": "dji_fly_20260307_120030_0011_1772903202068_photo.JPG",
        "max_height_m": Infinity,
        "mean_height_m": Infinity,
        "crown_area_px": 192,
        "bbox_w_px": 27,
        "bbox_h_px": 11
      }
    },
    {
      "type": "Feature",
      "geometry": {
        "type": "Point",
        "coordinates": [
          -76.3186874,
          40.1051917
        ]
      },
      "properties": {
        "tree_id": "DINOV3_0032",
        "source_image": "dji_fly_20260307_120030_0011_1772903202068_photo.JPG",
        "max_height_m": 2.08,
        "mean_height_m": 1.43,
        "crown_area_px": 478,
        "bbox_w_px": 25,
        "bbox_h_px": 24
      }
    },
    {
      "type": "Feature",
      "geometry": {
        "type": "Point",
        "coordinates": [
          -76.3207925,
          40.1051949
        ]
      },
      "properties": {
        "tree_id": "DINOV3_0033",
        "source_image": "dji_fly_20260307_120030_0011_1772903202068_photo.JPG",
        "max_height_m": 1.18,
        "mean_height_m": 1.09,
        "crown_area_px": 182,
        "bbox_w_px": 17,
        "bbox_h_px": 11
      }
    },
    {
      "type": "Feature",
      "geometry": {
        "type": "Point",
        "coordinates": [
          -76.3196399,
          40.1051936
        ]
      },
      "properties": {
        "tree_id": "DINOV3_0034",
        "source_image": "dji_fly_20260307_120030_0011_1772903202068_photo.JPG",
        "max_height_m": Infinity,
        "mean_height_m": Infinity,
        "crown_area_px": 240,
        "bbox_w_px": 31,
        "bbox_h_px": 11
      }
    },
    {
      "type": "Feature",
      "geometry": {
        "type": "Point",
        "coordinates": [
          -76.3208893,
          40.1051392
        ]
      },
      "properties": {
        "tree_id": "DINOV3_0035",
        "source_image": "dji_fly_20260307_120030_0011_1772903202068_photo.JPG",
        "max_height_m": Infinity,
        "mean_height_m": Infinity,
        "crown_area_px": 5648,
        "bbox_w_px": 203,
        "bbox_h_px": 151
      }
    },
    {
      "type": "Feature",
      "geometry": {
        "type": "Point",
        "coordinates": [
          -76.3198582,
          40.1051241
        ]
      },
      "properties": {
        "tree_id": "DINOV3_0036",
        "source_image": "dji_fly_20260307_120030_0011_1772903202068_photo.JPG",
        "max_height_m": Infinity,
        "mean_height_m": Infinity,
        "crown_area_px": 22160,
        "bbox_w_px": 167,
        "bbox_h_px": 199
      }
    },
    {
      "type": "Feature",
      "geometry": {
        "type": "Point",
        "coordinates": [
          -76.320781,
          40.1051696
        ]
      },
      "properties": {
        "tree_id": "DINOV3_0037",
        "source_image": "dji_fly_20260307_120030_0011_1772903202068_photo.JPG",
        "max_height_m": 1.28,
        "mean_height_m": 1.1,
        "crown_area_px": 1093,
        "bbox_w_px": 50,
        "bbox_h_px": 39
      }
    },
    {
      "type": "Feature",
      "geometry": {
        "type": "Point",
        "coordinates": [
          -76.318632,
          40.1051456
        ]
      },
      "properties": {
        "tree_id": "DINOV3_0038",
        "source_image": "dji_fly_20260307_120030_0011_1772903202068_photo.JPG",
        "max_height_m": Infinity,
        "mean_height_m": Infinity,
        "crown_area_px": 176,
        "bbox_w_px": 11,
        "bbox_h_px": 19
      }
    },
    {
      "type": "Feature",
      "geometry": {
        "type": "Point",
        "coordinates": [
          -76.3205346,
          40.1050482
        ]
      },
      "properties": {
        "tree_id": "DINOV3_0039",
        "source_image": "dji_fly_20260307_120030_0011_1772903202068_photo.JPG",
        "max_height_m": Infinity,
        "mean_height_m": Infinity,
        "crown_area_px": 14656,
        "bbox_w_px": 139,
        "bbox_h_px": 183
      }
    },
    {
      "type": "Feature",
      "geometry": {
        "type": "Point",
        "coordinates": [
          -76.3208926,
          40.1050811
        ]
      },
      "properties": {
        "tree_id": "DINOV3_0040",
        "source_image": "dji_fly_20260307_120030_0011_1772903202068_photo.JPG",
        "max_height_m": Infinity,
        "mean_height_m": Infinity,
        "crown_area_px": 1648,
        "bbox_w_px": 51,
        "bbox_h_px": 55
      }
    },
    {
      "type": "Feature",
      "geometry": {
        "type": "Point",
        "coordinates": [
          -76.3209918,
          40.1050798
        ]
      },
      "properties": {
        "tree_id": "DINOV3_0041",
        "source_image": "dji_fly_20260307_120030_0011_1772903202068_photo.JPG",
        "max_height_m": Infinity,
        "mean_height_m": Infinity,
        "crown_area_px": 112,
        "bbox_w_px": 11,
        "bbox_h_px": 11
      }
    },
    {
      "type": "Feature",
      "geometry": {
        "type": "Point",
        "coordinates": [
          -76.3183608,
          40.1049925
        ]
      },
      "properties": {
        "tree_id": "DINOV3_0042",
        "source_image": "dji_fly_20260307_120030_0011_1772903202068_photo.JPG",
        "max_height_m": Infinity,
        "mean_height_m": Infinity,
        "crown_area_px": 3984,
        "bbox_w_px": 59,
        "bbox_h_px": 279
      }
    },
    {
      "type": "Feature",
      "geometry": {
        "type": "Point",
        "coordinates": [
          -76.3215673,
          40.1050621
        ]
      },
      "properties": {
        "tree_id": "DINOV3_0043",
        "source_image": "dji_fly_20260307_120030_0011_1772903202068_photo.JPG",
        "max_height_m": 4.9,
        "mean_height_m": 2.52,
        "crown_area_px": 1180,
        "bbox_w_px": 52,
        "bbox_h_px": 30
      }
    },
    {
      "type": "Feature",
      "geometry": {
        "type": "Point",
        "coordinates": [
          -76.3210497,
          40.1050545
        ]
      },
      "properties": {
        "tree_id": "DINOV3_0044",
        "source_image": "dji_fly_20260307_120030_0011_1772903202068_photo.JPG",
        "max_height_m": Infinity,
        "mean_height_m": Infinity,
        "crown_area_px": 832,
        "bbox_w_px": 31,
        "bbox_h_px": 35
      }
    },
    {
      "type": "Feature",
      "geometry": {
        "type": "Point",
        "coordinates": [
          -76.3207868,
          40.1050507
        ]
      },
      "properties": {
        "tree_id": "DINOV3_0045",
        "source_image": "dji_fly_20260307_120030_0011_1772903202068_photo.JPG",
        "max_height_m": Infinity,
        "mean_height_m": Infinity,
        "crown_area_px": 144,
        "bbox_w_px": 19,
        "bbox_h_px": 7
      }
    },
    {
      "type": "Feature",
      "geometry": {
        "type": "Point",
        "coordinates": [
          -76.3197623,
          40.1049242
        ]
      },
      "properties": {
        "tree_id": "DINOV3_0046",
        "source_image": "dji_fly_20260307_120030_0011_1772903202068_photo.JPG",
        "max_height_m": Infinity,
        "mean_height_m": Infinity,
        "crown_area_px": 47120,
        "bbox_w_px": 343,
        "bbox_h_px": 399
      }
    },
    {
      "type": "Feature",
      "geometry": {
        "type": "Point",
        "coordinates": [
          -76.3193249,
          40.1050368
        ]
      },
      "properties": {
        "tree_id": "DINOV3_0047",
        "source_image": "dji_fly_20260307_120030_0011_1772903202068_photo.JPG",
        "max_height_m": Infinity,
        "mean_height_m": Infinity,
        "crown_area_px": 1952,
        "bbox_w_px": 79,
        "bbox_h_px": 43
      }
    },
    {
      "type": "Feature",
      "geometry": {
        "type": "Point",
        "coordinates": [
          -76.3186552,
          40.1050381
        ]
      },
      "properties": {
        "tree_id": "DINOV3_0048",
        "source_image": "dji_fly_20260307_120030_0011_1772903202068_photo.JPG",
        "max_height_m": Infinity,
        "mean_height_m": Infinity,
        "crown_area_px": 208,
        "bbox_w_px": 19,
        "bbox_h_px": 23
      }
    },
    {
      "type": "Feature",
      "geometry": {
        "type": "Point",
        "coordinates": [
          -76.3208248,
          40.1050229
        ]
      },
      "properties": {
        "tree_id": "DINOV3_0049",
        "source_image": "dji_fly_20260307_120030_0011_1772903202068_photo.JPG",
        "max_height_m": Infinity,
        "mean_height_m": Infinity,
        "crown_area_px": 1504,
        "bbox_w_px": 55,
        "bbox_h_px": 55
      }
    },
    {
      "type": "Feature",
      "geometry": {
        "type": "Point",
        "coordinates": [
          -76.3193778,
          40.1048806
        ]
      },
      "properties": {
        "tree_id": "DINOV3_0050",
        "source_image": "dji_fly_20260307_120030_0011_1772903202068_photo.JPG",
        "max_height_m": Infinity,
        "mean_height_m": Infinity,
        "crown_area_px": 40388,
        "bbox_w_px": 207,
        "bbox_h_px": 504
      }
    },
    {
      "type": "Feature",
      "geometry": {
        "type": "Point",
        "coordinates": [
          -76.3206842,
          40.105009
        ]
      },
      "properties": {
        "tree_id": "DINOV3_0051",
        "source_image": "dji_fly_20260307_120030_0011_1772903202068_photo.JPG",
        "max_height_m": Infinity,
        "mean_height_m": Infinity,
        "crown_area_px": 1824,
        "bbox_w_px": 99,
        "bbox_h_px": 59
      }
    },
    {
      "type": "Feature",
      "geometry": {
        "type": "Point",
        "coordinates": [
          -76.3195358,
          40.1049634
        ]
      },
      "properties": {
        "tree_id": "DINOV3_0052",
        "source_image": "dji_fly_20260307_120030_0011_1772903202068_photo.JPG",
        "max_height_m": Infinity,
        "mean_height_m": Infinity,
        "crown_area_px": 12288,
        "bbox_w_px": 171,
        "bbox_h_px": 171
      }
    },
    {
      "type": "Feature",
      "geometry": {
        "type": "Point",
        "coordinates": [
          -76.3185014,
          40.1050014
        ]
      },
      "properties": {
        "tree_id": "DINOV3_0053",
        "source_image": "dji_fly_20260307_120030_0011_1772903202068_photo.JPG",
        "max_height_m": Infinity,
        "mean_height_m": Infinity,
        "crown_area_px": 928,
        "bbox_w_px": 55,
        "bbox_h_px": 35
      }
    },
    {
      "type": "Feature",
      "geometry": {
        "type": "Point",
        "coordinates": [
          -76.3216235,
          40.1049761
        ]
      },
      "properties": {
        "tree_id": "DINOV3_0054",
        "source_image": "dji_fly_20260307_120030_0011_1772903202068_photo.JPG",
        "max_height_m": Infinity,
        "mean_height_m": Infinity,
        "crown_area_px": 512,
        "bbox_w_px": 43,
        "bbox_h_px": 27
      }
    },
    {
      "type": "Feature",
      "geometry": {
        "type": "Point",
        "coordinates": [
          -76.3205577,
          40.1049571
        ]
      },
      "properties": {
        "tree_id": "DINOV3_0055",
        "source_image": "dji_fly_20260307_120030_0011_1772903202068_photo.JPG",
        "max_height_m": Infinity,
        "mean_height_m": Infinity,
        "crown_area_px": 2416,
        "bbox_w_px": 67,
        "bbox_h_px": 87
      }
    },
    {
      "type": "Feature",
      "geometry": {
        "type": "Point",
        "coordinates": [
          -76.3206809,
          40.1049748
        ]
      },
      "properties": {
        "tree_id": "DINOV3_0056",
        "source_image": "dji_fly_20260307_120030_0011_1772903202068_photo.JPG",
        "max_height_m": Infinity,
        "mean_height_m": Infinity,
        "crown_area_px": 128,
        "bbox_w_px": 19,
        "bbox_h_px": 7
      }
    },
    {
      "type": "Feature",
      "geometry": {
        "type": "Point",
        "coordinates": [
          -76.3204436,
          40.1049356
        ]
      },
      "properties": {
        "tree_id": "DINOV3_0057",
        "source_image": "dji_fly_20260307_120030_0011_1772903202068_photo.JPG",
        "max_height_m": Infinity,
        "mean_height_m": Infinity,
        "crown_area_px": 8656,
        "bbox_w_px": 127,
        "bbox_h_px": 115
      }
    },
    {
      "type": "Feature",
      "geometry": {
        "type": "Point",
        "coordinates": [
          -76.3207239,
          40.1049596
        ]
      },
      "properties": {
        "tree_id": "DINOV3_0058",
        "source_image": "dji_fly_20260307_120030_0011_1772903202068_photo.JPG",
        "max_height_m": Infinity,
        "mean_height_m": Infinity,
        "crown_area_px": 112,
        "bbox_w_px": 11,
        "bbox_h_px": 15
      }
    },
    {
      "type": "Feature",
      "geometry": {
        "type": "Point",
        "coordinates": [
          -76.3194977,
          40.1049457
        ]
      },
      "properties": {
        "tree_id": "DINOV3_0059",
        "source_image": "dji_fly_20260307_120030_0011_1772903202068_photo.JPG",
        "max_height_m": 8.6,
        "mean_height_m": 4.34,
        "crown_area_px": 2660,
        "bbox_w_px": 62,
        "bbox_h_px": 58
      }
    },
    {
      "type": "Feature",
      "geometry": {
        "type": "Point",
        "coordinates": [
          -76.3186205,
          40.1049394
        ]
      },
      "properties": {
        "tree_id": "DINOV3_0060",
        "source_image": "dji_fly_20260307_120030_0011_1772903202068_photo.JPG",
        "max_height_m": Infinity,
        "mean_height_m": Infinity,
        "crown_area_px": 144,
        "bbox_w_px": 23,
        "bbox_h_px": 15
      }
    },
    {
      "type": "Feature",
      "geometry": {
        "type": "Point",
        "coordinates": [
          -76.3184055,
          40.1049356
        ]
      },
      "properties": {
        "tree_id": "DINOV3_0061",
        "source_image": "dji_fly_20260307_120030_0011_1772903202068_photo.JPG",
        "max_height_m": Infinity,
        "mean_height_m": Infinity,
        "crown_area_px": 1008,
        "bbox_w_px": 71,
        "bbox_h_px": 27
      }
    },
    {
      "type": "Feature",
      "geometry": {
        "type": "Point",
        "coordinates": [
          -76.3202534,
          40.1049369
        ]
      },
      "properties": {
        "tree_id": "DINOV3_0062",
        "source_image": "dji_fly_20260307_120030_0011_1772903202068_photo.JPG",
        "max_height_m": Infinity,
        "mean_height_m": Infinity,
        "crown_area_px": 416,
        "bbox_w_px": 27,
        "bbox_h_px": 15
      }
    },
    {
      "type": "Feature",
      "geometry": {
        "type": "Point",
        "coordinates": [
          -76.3202683,
          40.1049204
        ]
      },
      "properties": {
        "tree_id": "DINOV3_0063",
        "source_image": "dji_fly_20260307_120030_0011_1772903202068_photo.JPG",
        "max_height_m": Infinity,
        "mean_height_m": Infinity,
        "crown_area_px": 352,
        "bbox_w_px": 39,
        "bbox_h_px": 19
      }
    },
    {
      "type": "Feature",
      "geometry": {
        "type": "Point",
        "coordinates": [
          -76.3188999,
          40.104885
        ]
      },
      "properties": {
        "tree_id": "DINOV3_0064",
        "source_image": "dji_fly_20260307_120030_0011_1772903202068_photo.JPG",
        "max_height_m": Infinity,
        "mean_height_m": Infinity,
        "crown_area_px": 5760,
        "bbox_w_px": 91,
        "bbox_h_px": 91
      }
    },
    {
      "type": "Feature",
      "geometry": {
        "type": "Point",
        "coordinates": [
          -76.3201178,
          40.1048869
        ]
      },
      "properties": {
        "tree_id": "DINOV3_0065",
        "source_image": "dji_fly_20260307_120030_0011_1772903202068_photo.JPG",
        "max_height_m": 11.33,
        "mean_height_m": 6.54,
        "crown_area_px": 6180,
        "bbox_w_px": 97,
        "bbox_h_px": 81
      }
    },
    {
      "type": "Feature",
      "geometry": {
        "type": "Point",
        "coordinates": [
          -76.3202964,
          40.1048698
        ]
      },
      "properties": {
        "tree_id": "DINOV3_0066",
        "source_image": "dji_fly_20260307_120030_0011_1772903202068_photo.JPG",
        "max_height_m": Infinity,
        "mean_height_m": Infinity,
        "crown_area_px": 2496,
        "bbox_w_px": 43,
        "bbox_h_px": 107
      }
    },
    {
      "type": "Feature",
      "geometry": {
        "type": "Point",
        "coordinates": [
          -76.3206834,
          40.1048945
        ]
      },
      "properties": {
        "tree_id": "DINOV3_0067",
        "source_image": "dji_fly_20260307_120030_0011_1772903202068_photo.JPG",
        "max_height_m": 1.58,
        "mean_height_m": 1.26,
        "crown_area_px": 389,
        "bbox_w_px": 22,
        "bbox_h_px": 23
      }
    },
    {
      "type": "Feature",
      "geometry": {
        "type": "Point",
        "coordinates": [
          -76.3198417,
          40.1048939
        ]
      },
      "properties": {
        "tree_id": "DINOV3_0068",
        "source_image": "dji_fly_20260307_120030_0011_1772903202068_photo.JPG",
        "max_height_m": Infinity,
        "mean_height_m": Infinity,
        "crown_area_px": 192,
        "bbox_w_px": 23,
        "bbox_h_px": 15
      }
    },
    {
      "type": "Feature",
      "geometry": {
        "type": "Point",
        "coordinates": [
          -76.3184005,
          40.1047845
        ]
      },
      "properties": {
        "tree_id": "DINOV3_0069",
        "source_image": "dji_fly_20260307_120030_0011_1772903202068_photo.JPG",
        "max_height_m": Infinity,
        "mean_height_m": Infinity,
        "crown_area_px": 8484,
        "bbox_w_px": 155,
        "bbox_h_px": 304
      }
    },
    {
      "type": "Feature",
      "geometry": {
        "type": "Point",
        "coordinates": [
          -76.3213242,
          40.1048724
        ]
      },
      "properties": {
        "tree_id": "DINOV3_0070",
        "source_image": "dji_fly_20260307_120030_0011_1772903202068_photo.JPG",
        "max_height_m": Infinity,
        "mean_height_m": Infinity,
        "crown_area_px": 160,
        "bbox_w_px": 23,
        "bbox_h_px": 11
      }
    },
    {
      "type": "Feature",
      "geometry": {
        "type": "Point",
        "coordinates": [
          -76.3214499,
          40.104823
        ]
      },
      "properties": {
        "tree_id": "DINOV3_0071",
        "source_image": "dji_fly_20260307_120030_0011_1772903202068_photo.JPG",
        "max_height_m": Infinity,
        "mean_height_m": Infinity,
        "crown_area_px": 368,
        "bbox_w_px": 23,
        "bbox_h_px": 23
      }
    },
    {
      "type": "Feature",
      "geometry": {
        "type": "Point",
        "coordinates": [
          -76.3189165,
          40.1048192
        ]
      },
      "properties": {
        "tree_id": "DINOV3_0072",
        "source_image": "dji_fly_20260307_120030_0011_1772903202068_photo.JPG",
        "max_height_m": Infinity,
        "mean_height_m": Infinity,
        "crown_area_px": 112,
        "bbox_w_px": 11,
        "bbox_h_px": 11
      }
    },
    {
      "type": "Feature",
      "geometry": {
        "type": "Point",
        "coordinates": [
          -76.3184782,
          40.1048053
        ]
      },
      "properties": {
        "tree_id": "DINOV3_0073",
        "source_image": "dji_fly_20260307_120030_0011_1772903202068_photo.JPG",
        "max_height_m": Infinity,
        "mean_height_m": Infinity,
        "crown_area_px": 304,
        "bbox_w_px": 31,
        "bbox_h_px": 15
      }
    },
    {
      "type": "Feature",
      "geometry": {
        "type": "Point",
        "coordinates": [
          -76.3189421,
          40.1047421
        ]
      },
      "properties": {
        "tree_id": "DINOV3_0074",
        "source_image": "dji_fly_20260307_120030_0011_1772903202068_photo.JPG",
        "max_height_m": 11.32,
        "mean_height_m": 4.95,
        "crown_area_px": 3351,
        "bbox_w_px": 63,
        "bbox_h_px": 63
      }
    },
    {
      "type": "Feature",
      "geometry": {
        "type": "Point",
        "coordinates": [
          -76.3185378,
          40.1046782
        ]
      },
      "properties": {
        "tree_id": "DINOV3_0075",
        "source_image": "dji_fly_20260307_120030_0011_1772903202068_photo.JPG",
        "max_height_m": Infinity,
        "mean_height_m": Infinity,
        "crown_area_px": 1504,
        "bbox_w_px": 31,
        "bbox_h_px": 71
      }
    },
    {
      "type": "Feature",
      "geometry": {
        "type": "Point",
        "coordinates": [
          -76.3188338,
          40.1046896
        ]
      },
      "properties": {
        "tree_id": "DINOV3_0076",
        "source_image": "dji_fly_20260307_120030_0011_1772903202068_photo.JPG",
        "max_height_m": Infinity,
        "mean_height_m": Infinity,
        "crown_area_px": 144,
        "bbox_w_px": 19,
        "bbox_h_px": 11
      }
    },
    {
      "type": "Feature",
      "geometry": {
        "type": "Point",
        "coordinates": [
          -76.3187676,
          40.1046719
        ]
      },
      "properties": {
        "tree_id": "DINOV3_0077",
        "source_image": "dji_fly_20260307_120030_0011_1772903202068_photo.JPG",
        "max_height_m": Infinity,
        "mean_height_m": Infinity,
        "crown_area_px": 192,
        "bbox_w_px": 19,
        "bbox_h_px": 11
      }
    },
    {
      "type": "Feature",
      "geometry": {
        "type": "Point",
        "coordinates": [
          -76.3184567,
          40.1043886
        ]
      },
      "properties": {
        "tree_id": "DINOV3_0078",
        "source_image": "dji_fly_20260307_120030_0011_1772903202068_photo.JPG",
        "max_height_m": Infinity,
        "mean_height_m": Infinity,
        "crown_area_px": 83504,
        "bbox_w_px": 291,
        "bbox_h_px": 891
      }
    },
    {
      "type": "Feature",
      "geometry": {
        "type": "Point",
        "coordinates": [
          -76.3215417,
          40.1045511
        ]
      },
      "properties": {
        "tree_id": "DINOV3_0079",
        "source_image": "dji_fly_20260307_120030_0011_1772903202068_photo.JPG",
        "max_height_m": 22.76,
        "mean_height_m": 9.26,
        "crown_area_px": 23380,
        "bbox_w_px": 262,
        "bbox_h_px": 155
      }
    },
    {
      "type": "Feature",
      "geometry": {
        "type": "Point",
        "coordinates": [
          -76.3203742,
          40.104577
        ]
      },
      "properties": {
        "tree_id": "DINOV3_0080",
        "source_image": "dji_fly_20260307_120030_0011_1772903202068_photo.JPG",
        "max_height_m": Infinity,
        "mean_height_m": Infinity,
        "crown_area_px": 288,
        "bbox_w_px": 15,
        "bbox_h_px": 23
      }
    },
    {
      "type": "Feature",
      "geometry": {
        "type": "Point",
        "coordinates": [
          -76.3184518,
          40.1045207
        ]
      },
      "properties": {
        "tree_id": "DINOV3_0081",
        "source_image": "dji_fly_20260307_120030_0011_1772903202068_photo.JPG",
        "max_height_m": 8.34,
        "mean_height_m": 4.12,
        "crown_area_px": 4734,
        "bbox_w_px": 108,
        "bbox_h_px": 58
      }
    },
    {
      "type": "Feature",
      "geometry": {
        "type": "Point",
        "coordinates": [
          -76.3195209,
          40.1043999
        ]
      },
      "properties": {
        "tree_id": "DINOV3_0082",
        "source_image": "dji_fly_20260307_120030_0011_1772903202068_photo.JPG",
        "max_height_m": Infinity,
        "mean_height_m": Infinity,
        "crown_area_px": 192,
        "bbox_w_px": 15,
        "bbox_h_px": 15
      }
    },
    {
      "type": "Feature",
      "geometry": {
        "type": "Point",
        "coordinates": [
          -76.3200236,
          40.1042248
        ]
      },
      "properties": {
        "tree_id": "DINOV3_0083",
        "source_image": "dji_fly_20260307_120030_0011_1772903202068_photo.JPG",
        "max_height_m": Infinity,
        "mean_height_m": Infinity,
        "crown_area_px": 21968,
        "bbox_w_px": 95,
        "bbox_h_px": 488
      }
    },
    {
      "type": "Feature",
      "geometry": {
        "type": "Point",
        "coordinates": [
          -76.3207388,
          40.1043658
        ]
      },
      "properties": {
        "tree_id": "DINOV3_0084",
        "source_image": "dji_fly_20260307_120030_0011_1772903202068_photo.JPG",
        "max_height_m": Infinity,
        "mean_height_m": Infinity,
        "crown_area_px": 432,
        "bbox_w_px": 31,
        "bbox_h_px": 19
      }
    },
    {
      "type": "Feature",
      "geometry": {
        "type": "Point",
        "coordinates": [
          -76.3195192,
          40.1043671
        ]
      },
      "properties": {
        "tree_id": "DINOV3_0085",
        "source_image": "dji_fly_20260307_120030_0011_1772903202068_photo.JPG",
        "max_height_m": Infinity,
        "mean_height_m": Infinity,
        "crown_area_px": 128,
        "bbox_w_px": 11,
        "bbox_h_px": 15
      }
    },
    {
      "type": "Feature",
      "geometry": {
        "type": "Point",
        "coordinates": [
          -76.3209405,
          40.1042007
        ]
      },
      "properties": {
        "tree_id": "DINOV3_0086",
        "source_image": "dji_fly_20260307_120030_0011_1772903202068_photo.JPG",
        "max_height_m": Infinity,
        "mean_height_m": Infinity,
        "crown_area_px": 116964,
        "bbox_w_px": 543,
        "bbox_h_px": 532
      }
    },
    {
      "type": "Feature",
      "geometry": {
        "type": "Point",
        "coordinates": [
          -76.3214962,
          40.1043519
        ]
      },
      "properties": {
        "tree_id": "DINOV3_0087",
        "source_image": "dji_fly_20260307_120030_0011_1772903202068_photo.JPG",
        "max_height_m": Infinity,
        "mean_height_m": Infinity,
        "crown_area_px": 368,
        "bbox_w_px": 47,
        "bbox_h_px": 15
      }
    },
    {
      "type": "Feature",
      "geometry": {
        "type": "Point",
        "coordinates": [
          -76.3213325,
          40.1043544
        ]
      },
      "properties": {
        "tree_id": "DINOV3_0088",
        "source_image": "dji_fly_20260307_120030_0011_1772903202068_photo.JPG",
        "max_height_m": Infinity,
        "mean_height_m": Infinity,
        "crown_area_px": 128,
        "bbox_w_px": 19,
        "bbox_h_px": 7
      }
    },
    {
      "type": "Feature",
      "geometry": {
        "type": "Point",
        "coordinates": [
          -76.319186,
          40.104343
        ]
      },
      "properties": {
        "tree_id": "DINOV3_0089",
        "source_image": "dji_fly_20260307_120030_0011_1772903202068_photo.JPG",
        "max_height_m": Infinity,
        "mean_height_m": Infinity,
        "crown_area_px": 112,
        "bbox_w_px": 15,
        "bbox_h_px": 11
      }
    },
    {
      "type": "Feature",
      "geometry": {
        "type": "Point",
        "coordinates": [
          -76.3191364,
          40.1043329
        ]
      },
      "properties": {
        "tree_id": "DINOV3_0090",
        "source_image": "dji_fly_20260307_120030_0011_1772903202068_photo.JPG",
        "max_height_m": Infinity,
        "mean_height_m": Infinity,
        "crown_area_px": 352,
        "bbox_w_px": 31,
        "bbox_h_px": 19
      }
    },
    {
      "type": "Feature",
      "geometry": {
        "type": "Point",
        "coordinates": [
          -76.3195242,
          40.1043203
        ]
      },
      "properties": {
        "tree_id": "DINOV3_0091",
        "source_image": "dji_fly_20260307_120030_0011_1772903202068_photo.JPG",
        "max_height_m": Infinity,
        "mean_height_m": Infinity,
        "crown_area_px": 1024,
        "bbox_w_px": 31,
        "bbox_h_px": 51
      }
    },
    {
      "type": "Feature",
      "geometry": {
        "type": "Point",
        "coordinates": [
          -76.3214615,
          40.1040591
        ]
      },
      "properties": {
        "tree_id": "DINOV3_0092",
        "source_image": "dji_fly_20260307_120030_0011_1772903202068_photo.JPG",
        "max_height_m": Infinity,
        "mean_height_m": Infinity,
        "crown_area_px": 125576,
        "bbox_w_px": 627,
        "bbox_h_px": 860
      }
    },
    {
      "type": "Feature",
      "geometry": {
        "type": "Point",
        "coordinates": [
          -76.3187197,
          40.1042798
        ]
      },
      "properties": {
        "tree_id": "DINOV3_0093",
        "source_image": "dji_fly_20260307_120030_0011_1772903202068_photo.JPG",
        "max_height_m": Infinity,
        "mean_height_m": Infinity,
        "crown_area_px": 12944,
        "bbox_w_px": 151,
        "bbox_h_px": 139
      }
    },
    {
      "type": "Feature",
      "geometry": {
        "type": "Point",
        "coordinates": [
          -76.3215309,
          40.1042912
        ]
      },
      "properties": {
        "tree_id": "DINOV3_0094",
        "source_image": "dji_fly_20260307_120030_0011_1772903202068_photo.JPG",
        "max_height_m": Infinity,
        "mean_height_m": Infinity,
        "crown_area_px": 320,
        "bbox_w_px": 27,
        "bbox_h_px": 15
      }
    },
    {
      "type": "Feature",
      "geometry": {
        "type": "Point",
        "coordinates": [
          -76.3195192,
          40.1042836
        ]
      },
      "properties": {
        "tree_id": "DINOV3_0095",
        "source_image": "dji_fly_20260307_120030_0011_1772903202068_photo.JPG",
        "max_height_m": Infinity,
        "mean_height_m": Infinity,
        "crown_area_px": 544,
        "bbox_w_px": 27,
        "bbox_h_px": 31
      }
    },
    {
      "type": "Feature",
      "geometry": {
        "type": "Point",
        "coordinates": [
          -76.3216152,
          40.1042532
        ]
      },
      "properties": {
        "tree_id": "DINOV3_0096",
        "source_image": "dji_fly_20260307_120030_0011_1772903202068_photo.JPG",
        "max_height_m": Infinity,
        "mean_height_m": Infinity,
        "crown_area_px": 9136,
        "bbox_w_px": 135,
        "bbox_h_px": 111
      }
    },
    {
      "type": "Feature",
      "geometry": {
        "type": "Point",
        "coordinates": [
          -76.3204337,
          40.1042595
        ]
      },
      "properties": {
        "tree_id": "DINOV3_0097",
        "source_image": "dji_fly_20260307_120030_0011_1772903202068_photo.JPG",
        "max_height_m": Infinity,
        "mean_height_m": Infinity,
        "crown_area_px": 2544,
        "bbox_w_px": 119,
        "bbox_h_px": 51
      }
    },
    {
      "type": "Feature",
      "geometry": {
        "type": "Point",
        "coordinates": [
          -76.3195275,
          40.1042406
        ]
      },
      "properties": {
        "tree_id": "DINOV3_0098",
        "source_image": "dji_fly_20260307_120030_0011_1772903202068_photo.JPG",
        "max_height_m": Infinity,
        "mean_height_m": Infinity,
        "crown_area_px": 864,
        "bbox_w_px": 31,
        "bbox_h_px": 39
      }
    },
    {
      "type": "Feature",
      "geometry": {
        "type": "Point",
        "coordinates": [
          -76.3189396,
          40.1042469
        ]
      },
      "properties": {
        "tree_id": "DINOV3_0099",
        "source_image": "dji_fly_20260307_120030_0011_1772903202068_photo.JPG",
        "max_height_m": Infinity,
        "mean_height_m": Infinity,
        "crown_area_px": 176,
        "bbox_w_px": 19,
        "bbox_h_px": 11
      }
    },
    {
      "type": "Feature",
      "geometry": {
        "type": "Point",
        "coordinates": [
          -76.3184452,
          40.1042418
        ]
      },
      "properties": {
        "tree_id": "DINOV3_0100",
        "source_image": "dji_fly_20260307_120030_0011_1772903202068_photo.JPG",
        "max_height_m": Infinity,
        "mean_height_m": Infinity,
        "crown_area_px": 336,
        "bbox_w_px": 39,
        "bbox_h_px": 11
      }
    },
    {
      "type": "Feature",
      "geometry": {
        "type": "Point",
        "coordinates": [
          -76.3202849,
          40.1042292
        ]
      },
      "properties": {
        "tree_id": "DINOV3_0101",
        "source_image": "dji_fly_20260307_120030_0011_1772903202068_photo.JPG",
        "max_height_m": Infinity,
        "mean_height_m": Infinity,
        "crown_area_px": 2320,
        "bbox_w_px": 87,
        "bbox_h_px": 43
      }
    },
    {
      "type": "Feature",
      "geometry": {
        "type": "Point",
        "coordinates": [
          -76.3203775,
          40.1040704
        ]
      },
      "properties": {
        "tree_id": "DINOV3_0102",
        "source_image": "dji_fly_20260307_120030_0011_1772903202068_photo.JPG",
        "max_height_m": Infinity,
        "mean_height_m": Infinity,
        "crown_area_px": 131436,
        "bbox_w_px": 519,
        "bbox_h_px": 520
      }
    },
    {
      "type": "Feature",
      "geometry": {
        "type": "Point",
        "coordinates": [
          -76.319062,
          40.1042317
        ]
      },
      "properties": {
        "tree_id": "DINOV3_0103",
        "source_image": "dji_fly_20260307_120030_0011_1772903202068_photo.JPG",
        "max_height_m": Infinity,
        "mean_height_m": Infinity,
        "crown_area_px": 112,
        "bbox_w_px": 11,
        "bbox_h_px": 11
      }
    },
    {
      "type": "Feature",
      "geometry": {
        "type": "Point",
        "coordinates": [
          -76.3194779,
          40.1042127
        ]
      },
      "properties": {
        "tree_id": "DINOV3_0104",
        "source_image": "dji_fly_20260307_120030_0011_1772903202068_photo.JPG",
        "max_height_m": Infinity,
        "mean_height_m": Infinity,
        "crown_area_px": 192,
        "bbox_w_px": 15,
        "bbox_h_px": 15
      }
    },
    {
      "type": "Feature",
      "geometry": {
        "type": "Point",
        "coordinates": [
          -76.3216615,
          40.1042039
        ]
      },
      "properties": {
        "tree_id": "DINOV3_0105",
        "source_image": "dji_fly_20260307_120030_0011_1772903202068_photo.JPG",
        "max_height_m": Infinity,
        "mean_height_m": Infinity,
        "crown_area_px": 448,
        "bbox_w_px": 63,
        "bbox_h_px": 19
      }
    },
    {
      "type": "Feature",
      "geometry": {
        "type": "Point",
        "coordinates": [
          -76.3195043,
          40.1041596
        ]
      },
      "properties": {
        "tree_id": "DINOV3_0106",
        "source_image": "dji_fly_20260307_120030_0011_1772903202068_photo.JPG",
        "max_height_m": Infinity,
        "mean_height_m": Infinity,
        "crown_area_px": 5856,
        "bbox_w_px": 79,
        "bbox_h_px": 159
      }
    },
    {
      "type": "Feature",
      "geometry": {
        "type": "Point",
        "coordinates": [
          -76.3194522,
          40.1041824
        ]
      },
      "properties": {
        "tree_id": "DINOV3_0107",
        "source_image": "dji_fly_20260307_120030_0011_1772903202068_photo.JPG",
        "max_height_m": Infinity,
        "mean_height_m": Infinity,
        "crown_area_px": 160,
        "bbox_w_px": 11,
        "bbox_h_px": 23
      }
    },
    {
      "type": "Feature",
      "geometry": {
        "type": "Point",
        "coordinates": [
          -76.3208347,
          40.104121
        ]
      },
      "properties": {
        "tree_id": "DINOV3_0108",
        "source_image": "dji_fly_20260307_120030_0011_1772903202068_photo.JPG",
        "max_height_m": Infinity,
        "mean_height_m": Infinity,
        "crown_area_px": 27705,
        "bbox_w_px": 431,
        "bbox_h_px": 184
      }
    },
    {
      "type": "Feature",
      "geometry": {
        "type": "Point",
        "coordinates": [
          -76.3212597,
          40.1041394
        ]
      },
      "properties": {
        "tree_id": "DINOV3_0109",
        "source_image": "dji_fly_20260307_120030_0011_1772903202068_photo.JPG",
        "max_height_m": Infinity,
        "mean_height_m": Infinity,
        "crown_area_px": 912,
        "bbox_w_px": 19,
        "bbox_h_px": 63
      }
    },
    {
      "type": "Feature",
      "geometry": {
        "type": "Point",
        "coordinates": [
          -76.3201493,
          40.1041065
        ]
      },
      "properties": {
        "tree_id": "DINOV3_0110",
        "source_image": "dji_fly_20260307_120030_0011_1772903202068_photo.JPG",
        "max_height_m": Infinity,
        "mean_height_m": Infinity,
        "crown_area_px": 1312,
        "bbox_w_px": 55,
        "bbox_h_px": 39
      }
    },
    {
      "type": "Feature",
      "geometry": {
        "type": "Point",
        "coordinates": [
          -76.3193522,
          40.1040888
        ]
      },
      "properties": {
        "tree_id": "DINOV3_0111",
        "source_image": "dji_fly_20260307_120030_0011_1772903202068_photo.JPG",
        "max_height_m": 9.74,
        "mean_height_m": 2.58,
        "crown_area_px": 5391,
        "bbox_w_px": 124,
        "bbox_h_px": 75
      }
    },
    {
      "type": "Feature",
      "geometry": {
        "type": "Point",
        "coordinates": [
          -76.3213953,
          40.1039566
        ]
      },
      "properties": {
        "tree_id": "DINOV3_0112",
        "source_image": "dji_fly_20260307_120030_0011_1772903202068_photo.JPG",
        "max_height_m": Infinity,
        "mean_height_m": Infinity,
        "crown_area_px": 88152,
        "bbox_w_px": 459,
        "bbox_h_px": 440
      }
    },
    {
      "type": "Feature",
      "geometry": {
        "type": "Point",
        "coordinates": [
          -76.3195043,
          40.1040831
        ]
      },
      "properties": {
        "tree_id": "DINOV3_0113",
        "source_image": "dji_fly_20260307_120030_0011_1772903202068_photo.JPG",
        "max_height_m": Infinity,
        "mean_height_m": Infinity,
        "crown_area_px": 232,
        "bbox_w_px": 15,
        "bbox_h_px": 32
      }
    },
    {
      "type": "Feature",
      "geometry": {
        "type": "Point",
        "coordinates": [
          -76.32091,
          40.1040831
        ]
      },
      "properties": {
        "tree_id": "DINOV3_0114",
        "source_image": "dji_fly_20260307_120030_0011_1772903202068_photo.JPG",
        "max_height_m": 2.36,
        "mean_height_m": 1.56,
        "crown_area_px": 440,
        "bbox_w_px": 24,
        "bbox_h_px": 21
      }
    },
    {
      "type": "Feature",
      "geometry": {
        "type": "Point",
        "coordinates": [
          -76.3192331,
          40.104073
        ]
      },
      "properties": {
        "tree_id": "DINOV3_0115",
        "source_image": "dji_fly_20260307_120030_0011_1772903202068_photo.JPG",
        "max_height_m": 2.75,
        "mean_height_m": 1.62,
        "crown_area_px": 2848,
        "bbox_w_px": 82,
        "bbox_h_px": 51
      }
    },
    {
      "type": "Feature",
      "geometry": {
        "type": "Point",
        "coordinates": [
          -76.319673,
          40.1040262
        ]
      },
      "properties": {
        "tree_id": "DINOV3_0116",
        "source_image": "dji_fly_20260307_120030_0011_1772903202068_photo.JPG",
        "max_height_m": Infinity,
        "mean_height_m": Infinity,
        "crown_area_px": 6256,
        "bbox_w_px": 127,
        "bbox_h_px": 131
      }
    },
    {
      "type": "Feature",
      "geometry": {
        "type": "Point",
        "coordinates": [
          -76.320012,
          40.1040439
        ]
      },
      "properties": {
        "tree_id": "DINOV3_0117",
        "source_image": "dji_fly_20260307_120030_0011_1772903202068_photo.JPG",
        "max_height_m": Infinity,
        "mean_height_m": Infinity,
        "crown_area_px": 3200,
        "bbox_w_px": 91,
        "bbox_h_px": 59
      }
    },
    {
      "type": "Feature",
      "geometry": {
        "type": "Point",
        "coordinates": [
          -76.3194994,
          40.1039731
        ]
      },
      "properties": {
        "tree_id": "DINOV3_0118",
        "source_image": "dji_fly_20260307_120030_0011_1772903202068_photo.JPG",
        "max_height_m": Infinity,
        "mean_height_m": Infinity,
        "crown_area_px": 12112,
        "bbox_w_px": 83,
        "bbox_h_px": 283
      }
    },
    {
      "type": "Feature",
      "geometry": {
        "type": "Point",
        "coordinates": [
          -76.3192538,
          40.1040167
        ]
      },
      "properties": {
        "tree_id": "DINOV3_0119",
        "source_image": "dji_fly_20260307_120030_0011_1772903202068_photo.JPG",
        "max_height_m": 1.79,
        "mean_height_m": 1.3,
        "crown_area_px": 445,
        "bbox_w_px": 31,
        "bbox_h_px": 18
      }
    },
    {
      "type": "Feature",
      "geometry": {
        "type": "Point",
        "coordinates": [
          -76.3190719,
          40.1040097
        ]
      },
      "properties": {
        "tree_id": "DINOV3_0120",
        "source_image": "dji_fly_20260307_120030_0011_1772903202068_photo.JPG",
        "max_height_m": Infinity,
        "mean_height_m": Infinity,
        "crown_area_px": 112,
        "bbox_w_px": 19,
        "bbox_h_px": 7
      }
    },
    {
      "type": "Feature",
      "geometry": {
        "type": "Point",
        "coordinates": [
          -76.3195606,
          40.1039731
        ]
      },
      "properties": {
        "tree_id": "DINOV3_0121",
        "source_image": "dji_fly_20260307_120030_0011_1772903202068_photo.JPG",
        "max_height_m": Infinity,
        "mean_height_m": Infinity,
        "crown_area_px": 3248,
        "bbox_w_px": 71,
        "bbox_h_px": 91
      }
    },
    {
      "type": "Feature",
      "geometry": {
        "type": "Point",
        "coordinates": [
          -76.3211043,
          40.1039705
        ]
      },
      "properties": {
        "tree_id": "DINOV3_0122",
        "source_image": "dji_fly_20260307_120030_0011_1772903202068_photo.JPG",
        "max_height_m": Infinity,
        "mean_height_m": Infinity,
        "crown_area_px": 1296,
        "bbox_w_px": 43,
        "bbox_h_px": 43
      }
    },
    {
      "type": "Feature",
      "geometry": {
        "type": "Point",
        "coordinates": [
          -76.3202534,
          40.1039553
        ]
      },
      "properties": {
        "tree_id": "DINOV3_0123",
        "source_image": "dji_fly_20260307_120030_0011_1772903202068_photo.JPG",
        "max_height_m": Infinity,
        "mean_height_m": Infinity,
        "crown_area_px": 7840,
        "bbox_w_px": 179,
        "bbox_h_px": 83
      }
    },
    {
      "type": "Feature",
      "geometry": {
        "type": "Point",
        "coordinates": [
          -76.3190669,
          40.1039553
        ]
      },
      "properties": {
        "tree_id": "DINOV3_0124",
        "source_image": "dji_fly_20260307_120030_0011_1772903202068_photo.JPG",
        "max_height_m": Infinity,
        "mean_height_m": Infinity,
        "crown_area_px": 112,
        "bbox_w_px": 15,
        "bbox_h_px": 11
      }
    },
    {
      "type": "Feature",
      "geometry": {
        "type": "Point",
        "coordinates": [
          -76.3208893,
          40.1038668
        ]
      },
      "properties": {
        "tree_id": "DINOV3_0125",
        "source_image": "dji_fly_20260307_120030_0011_1772903202068_photo.JPG",
        "max_height_m": Infinity,
        "mean_height_m": Infinity,
        "crown_area_px": 41200,
        "bbox_w_px": 715,
        "bbox_h_px": 219
      }
    },
    {
      "type": "Feature",
      "geometry": {
        "type": "Point",
        "coordinates": [
          -76.3202055,
          40.1039187
        ]
      },
      "properties": {
        "tree_id": "DINOV3_0126",
        "source_image": "dji_fly_20260307_120030_0011_1772903202068_photo.JPG",
        "max_height_m": Infinity,
        "mean_height_m": Infinity,
        "crown_area_px": 624,
        "bbox_w_px": 55,
        "bbox_h_px": 15
      }
    },
    {
      "type": "Feature",
      "geometry": {
        "type": "Point",
        "coordinates": [
          -76.3196135,
          40.1038921
        ]
      },
      "properties": {
        "tree_id": "DINOV3_0127",
        "source_image": "dji_fly_20260307_120030_0011_1772903202068_photo.JPG",
        "max_height_m": Infinity,
        "mean_height_m": Infinity,
        "crown_area_px": 2992,
        "bbox_w_px": 71,
        "bbox_h_px": 99
      }
    },
    {
      "type": "Feature",
      "geometry": {
        "type": "Point",
        "coordinates": [
          -76.320838,
          40.1039111
        ]
      },
      "properties": {
        "tree_id": "DINOV3_0128",
        "source_image": "dji_fly_20260307_120030_0011_1772903202068_photo.JPG",
        "max_height_m": Infinity,
        "mean_height_m": Infinity,
        "crown_area_px": 912,
        "bbox_w_px": 71,
        "bbox_h_px": 23
      }
    },
    {
      "type": "Feature",
      "geometry": {
        "type": "Point",
        "coordinates": [
          -76.3196862,
          40.1037542
        ]
      },
      "properties": {
        "tree_id": "DINOV3_0129",
        "source_image": "dji_fly_20260307_120030_0011_1772903202068_photo.JPG",
        "max_height_m": Infinity,
        "mean_height_m": Infinity,
        "crown_area_px": 75154,
        "bbox_w_px": 535,
        "bbox_h_px": 335
      }
    },
    {
      "type": "Feature",
      "geometry": {
        "type": "Point",
        "coordinates": [
          -76.3199905,
          40.1037859
        ]
      },
      "properties": {
        "tree_id": "DINOV3_0130",
        "source_image": "dji_fly_20260307_120030_0011_1772903202068_photo.JPG",
        "max_height_m": Infinity,
        "mean_height_m": Infinity,
        "crown_area_px": 15632,
        "bbox_w_px": 183,
        "bbox_h_px": 195
      }
    },
    {
      "type": "Feature",
      "geometry": {
        "type": "Point",
        "coordinates": [
          -76.3193944,
          40.1038327
        ]
      },
      "properties": {
        "tree_id": "DINOV3_0131",
        "source_image": "dji_fly_20260307_120030_0011_1772903202068_photo.JPG",
        "max_height_m": Infinity,
        "mean_height_m": Infinity,
        "crown_area_px": 2016,
        "bbox_w_px": 55,
        "bbox_h_px": 47
      }
    },
    {
      "type": "Feature",
      "geometry": {
        "type": "Point",
        "coordinates": [
          -76.3206082,
          40.1038415
        ]
      },
      "properties": {
        "tree_id": "DINOV3_0132",
        "source_image": "dji_fly_20260307_120030_0011_1772903202068_photo.JPG",
        "max_height_m": Infinity,
        "mean_height_m": Infinity,
        "crown_area_px": 304,
        "bbox_w_px": 35,
        "bbox_h_px": 11
      }
    },
    {
      "type": "Feature",
      "geometry": {
        "type": "Point",
        "coordinates": [
          -76.320232,
          40.1038276
        ]
      },
      "properties": {
        "tree_id": "DINOV3_0133",
        "source_image": "dji_fly_20260307_120030_0011_1772903202068_photo.JPG",
        "max_height_m": Infinity,
        "mean_height_m": Infinity,
        "crown_area_px": 1904,
        "bbox_w_px": 63,
        "bbox_h_px": 47
      }
    },
    {
      "type": "Feature",
      "geometry": {
        "type": "Point",
        "coordinates": [
          -76.3204304,
          40.1038263
        ]
      },
      "properties": {
        "tree_id": "DINOV3_0134",
        "source_image": "dji_fly_20260307_120030_0011_1772903202068_photo.JPG",
        "max_height_m": Infinity,
        "mean_height_m": Infinity,
        "crown_area_px": 128,
        "bbox_w_px": 15,
        "bbox_h_px": 11
      }
    },
    {
      "type": "Feature",
      "geometry": {
        "type": "Point",
        "coordinates": [
          -76.3201493,
          40.1036353
        ]
      },
      "properties": {
        "tree_id": "DINOV3_0135",
        "source_image": "dji_fly_20260307_120030_0011_1772903202068_photo.JPG",
        "max_height_m": Infinity,
        "mean_height_m": Infinity,
        "crown_area_px": 76032,
        "bbox_w_px": 1071,
        "bbox_h_px": 599
      }
    },
    {
      "type": "Feature",
      "geometry": {
        "type": "Point",
        "coordinates": [
          -76.3204089,
          40.1038162
        ]
      },
      "properties": {
        "tree_id": "DINOV3_0136",
        "source_image": "dji_fly_20260307_120030_0011_1772903202068_photo.JPG",
        "max_height_m": Infinity,
        "mean_height_m": Infinity,
        "crown_area_px": 128,
        "bbox_w_px": 19,
        "bbox_h_px": 11
      }
    },
    {
      "type": "Feature",
      "geometry": {
        "type": "Point",
        "coordinates": [
          -76.3187263,
          40.1037998
        ]
      },
      "properties": {
        "tree_id": "DINOV3_0137",
        "source_image": "dji_fly_20260307_120030_0011_1772903202068_photo.JPG",
        "max_height_m": 2.48,
        "mean_height_m": 1.47,
        "crown_area_px": 814,
        "bbox_w_px": 42,
        "bbox_h_px": 28
      }
    },
    {
      "type": "Feature",
      "geometry": {
        "type": "Point",
        "coordinates": [
          -76.3183377,
          40.1037757
        ]
      },
      "properties": {
        "tree_id": "DINOV3_0138",
        "source_image": "dji_fly_20260307_120030_0011_1772903202068_photo.JPG",
        "max_height_m": Infinity,
        "mean_height_m": Infinity,
        "crown_area_px": 272,
        "bbox_w_px": 3,
        "bbox_h_px": 67
      }
    },
    {
      "type": "Feature",
      "geometry": {
        "type": "Point",
        "coordinates": [
          -76.3202485,
          40.1037694
        ]
      },
      "properties": {
        "tree_id": "DINOV3_0139",
        "source_image": "dji_fly_20260307_120030_0011_1772903202068_photo.JPG",
        "max_height_m": Infinity,
        "mean_height_m": Infinity,
        "crown_area_px": 1232,
        "bbox_w_px": 55,
        "bbox_h_px": 47
      }
    },
    {
      "type": "Feature",
      "geometry": {
        "type": "Point",
        "coordinates": [
          -76.3200137,
          40.1037644
        ]
      },
      "properties": {
        "tree_id": "DINOV3_0140",
        "source_image": "dji_fly_20260307_120030_0011_1772903202068_photo.JPG",
        "max_height_m": 5.42,
        "mean_height_m": 2.96,
        "crown_area_px": 2757,
        "bbox_w_px": 70,
        "bbox_h_px": 50
      }
    },
    {
      "type": "Feature",
      "geometry": {
        "type": "Point",
        "coordinates": [
          -76.3183641,
          40.1037745
        ]
      },
      "properties": {
        "tree_id": "DINOV3_0141",
        "source_image": "dji_fly_20260307_120030_0011_1772903202068_photo.JPG",
        "max_height_m": Infinity,
        "mean_height_m": Infinity,
        "crown_area_px": 144,
        "bbox_w_px": 11,
        "bbox_h_px": 15
      }
    },
    {
      "type": "Feature",
      "geometry": {
        "type": "Point",
        "coordinates": [
          -76.3216963,
          40.1036695
        ]
      },
      "properties": {
        "tree_id": "DINOV3_0142",
        "source_image": "dji_fly_20260307_120030_0011_1772903202068_photo.JPG",
        "max_height_m": Infinity,
        "mean_height_m": Infinity,
        "crown_area_px": 2544,
        "bbox_w_px": 59,
        "bbox_h_px": 147
      }
    },
    {
      "type": "Feature",
      "geometry": {
        "type": "Point",
        "coordinates": [
          -76.3205329,
          40.1037074
        ]
      },
      "properties": {
        "tree_id": "DINOV3_0143",
        "source_image": "dji_fly_20260307_120030_0011_1772903202068_photo.JPG",
        "max_height_m": Infinity,
        "mean_height_m": Infinity,
        "crown_area_px": 176,
        "bbox_w_px": 23,
        "bbox_h_px": 11
      }
    },
    {
      "type": "Feature",
      "geometry": {
        "type": "Point",
        "coordinates": [
          -76.3216764,
          40.1036771
        ]
      },
      "properties": {
        "tree_id": "DINOV3_0144",
        "source_image": "dji_fly_20260307_120030_0011_1772903202068_photo.JPG",
        "max_height_m": Infinity,
        "mean_height_m": Infinity,
        "crown_area_px": 1360,
        "bbox_w_px": 43,
        "bbox_h_px": 43
      }
    },
    {
      "type": "Feature",
      "geometry": {
        "type": "Point",
        "coordinates": [
          -76.3210497,
          40.1036505
        ]
      },
      "properties": {
        "tree_id": "DINOV3_0145",
        "source_image": "dji_fly_20260307_120030_0011_1772903202068_photo.JPG",
        "max_height_m": Infinity,
        "mean_height_m": Infinity,
        "crown_area_px": 31008,
        "bbox_w_px": 607,
        "bbox_h_px": 95
      }
    },
    {
      "type": "Feature",
      "geometry": {
        "type": "Point",
        "coordinates": [
          -76.3200616,
          40.1036758
        ]
      },
      "properties": {
        "tree_id": "DINOV3_0146",
        "source_image": "dji_fly_20260307_120030_0011_1772903202068_photo.JPG",
        "max_height_m": Infinity,
        "mean_height_m": Infinity,
        "crown_area_px": 240,
        "bbox_w_px": 19,
        "bbox_h_px": 15
      }
    },
    {
      "type": "Feature",
      "geometry": {
        "type": "Point",
        "coordinates": [
          -76.3192844,
          40.1036682
        ]
      },
      "properties": {
        "tree_id": "DINOV3_0147",
        "source_image": "dji_fly_20260307_120030_0011_1772903202068_photo.JPG",
        "max_height_m": 6.4,
        "mean_height_m": 2.88,
        "crown_area_px": 1074,
        "bbox_w_px": 42,
        "bbox_h_px": 31
      }
    },
    {
      "type": "Feature",
      "geometry": {
        "type": "Point",
        "coordinates": [
          -76.3213573,
          40.1036619
        ]
      },
      "properties": {
        "tree_id": "DINOV3_0148",
        "source_image": "dji_fly_20260307_120030_0011_1772903202068_photo.JPG",
        "max_height_m": Infinity,
        "mean_height_m": Infinity,
        "crown_area_px": 160,
        "bbox_w_px": 23,
        "bbox_h_px": 11
      }
    },
    {
      "type": "Feature",
      "geometry": {
        "type": "Point",
        "coordinates": [
          -76.3214019,
          40.1036366
        ]
      },
      "properties": {
        "tree_id": "DINOV3_0149",
        "source_image": "dji_fly_20260307_120030_0011_1772903202068_photo.JPG",
        "max_height_m": Infinity,
        "mean_height_m": Infinity,
        "crown_area_px": 3760,
        "bbox_w_px": 155,
        "bbox_h_px": 51
      }
    },
    {
      "type": "Feature",
      "geometry": {
        "type": "Point",
        "coordinates": [
          -76.3207636,
          40.103648
        ]
      },
      "properties": {
        "tree_id": "DINOV3_0150",
        "source_image": "dji_fly_20260307_120030_0011_1772903202068_photo.JPG",
        "max_height_m": Infinity,
        "mean_height_m": Infinity,
        "crown_area_px": 128,
        "bbox_w_px": 27,
        "bbox_h_px": 7
      }
    },
    {
      "type": "Feature",
      "geometry": {
        "type": "Point",
        "coordinates": [
          -76.3206578,
          40.1036088
        ]
      },
      "properties": {
        "tree_id": "DINOV3_0151",
        "source_image": "dji_fly_20260307_120030_0011_1772903202068_photo.JPG",
        "max_height_m": Infinity,
        "mean_height_m": Infinity,
        "crown_area_px": 6992,
        "bbox_w_px": 155,
        "bbox_h_px": 91
      }
    },
    {
      "type": "Feature",
      "geometry": {
        "type": "Point",
        "coordinates": [
          -76.320924,
          40.1036088
        ]
      },
      "properties": {
        "tree_id": "DINOV3_0152",
        "source_image": "dji_fly_20260307_120030_0011_1772903202068_photo.JPG",
        "max_height_m": Infinity,
        "mean_height_m": Infinity,
        "crown_area_px": 1696,
        "bbox_w_px": 87,
        "bbox_h_px": 27
      }
    },
    {
      "type": "Feature",
      "geometry": {
        "type": "Point",
        "coordinates": [
          -76.3203824,
          40.1035291
        ]
      },
      "properties": {
        "tree_id": "DINOV3_0153",
        "source_image": "dji_fly_20260307_120030_0011_1772903202068_photo.JPG",
        "max_height_m": Infinity,
        "mean_height_m": Infinity,
        "crown_area_px": 42640,
        "bbox_w_px": 507,
        "bbox_h_px": 263
      }
    },
    {
      "type": "Feature",
      "geometry": {
        "type": "Point",
        "coordinates": [
          -76.3216351,
          40.1035278
        ]
      },
      "properties": {
        "tree_id": "DINOV3_0154",
        "source_image": "dji_fly_20260307_120030_0011_1772903202068_photo.JPG",
        "max_height_m": Infinity,
        "mean_height_m": Infinity,
        "crown_area_px": 16240,
        "bbox_w_px": 207,
        "bbox_h_px": 259
      }
    },
    {
      "type": "Feature",
      "geometry": {
        "type": "Point",
        "coordinates": [
          -76.3190702,
          40.1035999
        ]
      },
      "properties": {
        "tree_id": "DINOV3_0155",
        "source_image": "dji_fly_20260307_120030_0011_1772903202068_photo.JPG",
        "max_height_m": Infinity,
        "mean_height_m": Infinity,
        "crown_area_px": 320,
        "bbox_w_px": 23,
        "bbox_h_px": 23
      }
    },
    {
      "type": "Feature",
      "geometry": {
        "type": "Point",
        "coordinates": [
          -76.3205809,
          40.1035873
        ]
      },
      "properties": {
        "tree_id": "DINOV3_0156",
        "source_image": "dji_fly_20260307_120030_0011_1772903202068_photo.JPG",
        "max_height_m": Infinity,
        "mean_height_m": Infinity,
        "crown_area_px": 144,
        "bbox_w_px": 27,
        "bbox_h_px": 7
      }
    },
    {
      "type": "Feature",
      "geometry": {
        "type": "Point",
        "coordinates": [
          -76.3206908,
          40.1035734
        ]
      },
      "properties": {
        "tree_id": "DINOV3_0157",
        "source_image": "dji_fly_20260307_120030_0011_1772903202068_photo.JPG",
        "max_height_m": Infinity,
        "mean_height_m": Infinity,
        "crown_area_px": 1232,
        "bbox_w_px": 99,
        "bbox_h_px": 27
      }
    },
    {
      "type": "Feature",
      "geometry": {
        "type": "Point",
        "coordinates": [
          -76.3211489,
          40.1034893
        ]
      },
      "properties": {
        "tree_id": "DINOV3_0158",
        "source_image": "dji_fly_20260307_120030_0011_1772903202068_photo.JPG",
        "max_height_m": Infinity,
        "mean_height_m": Infinity,
        "crown_area_px": 26323,
        "bbox_w_px": 647,
        "bbox_h_px": 140
      }
    },
    {
      "type": "Feature",
      "geometry": {
        "type": "Point",
        "coordinates": [
          -76.3183509,
          40.1034823
        ]
      },
      "properties": {
        "tree_id": "DINOV3_0159",
        "source_image": "dji_fly_20260307_120030_0011_1772903202068_photo.JPG",
        "max_height_m": Infinity,
        "mean_height_m": Infinity,
        "crown_area_px": 1168,
        "bbox_w_px": 35,
        "bbox_h_px": 115
      }
    },
    {
      "type": "Feature",
      "geometry": {
        "type": "Point",
        "coordinates": [
          -76.3205643,
          40.1034608
        ]
      },
      "properties": {
        "tree_id": "DINOV3_0160",
        "source_image": "dji_fly_20260307_120030_0011_1772903202068_photo.JPG",
        "max_height_m": Infinity,
        "mean_height_m": Infinity,
        "crown_area_px": 1536,
        "bbox_w_px": 67,
        "bbox_h_px": 47
      }
    },
    {
      "type": "Feature",
      "geometry": {
        "type": "Point",
        "coordinates": [
          -76.3199922,
          40.1034557
        ]
      },
      "properties": {
        "tree_id": "DINOV3_0161",
        "source_image": "dji_fly_20260307_120030_0011_1772903202068_photo.JPG",
        "max_height_m": Infinity,
        "mean_height_m": Infinity,
        "crown_area_px": 1824,
        "bbox_w_px": 115,
        "bbox_h_px": 31
      }
    },
    {
      "type": "Feature",
      "geometry": {
        "type": "Point",
        "coordinates": [
          -76.3204833,
          40.1034469
        ]
      },
      "properties": {
        "tree_id": "DINOV3_0162",
        "source_image": "dji_fly_20260307_120030_0011_1772903202068_photo.JPG",
        "max_height_m": Infinity,
        "mean_height_m": Infinity,
        "crown_area_px": 128,
        "bbox_w_px": 31,
        "bbox_h_px": 3
      }
    },
    {
      "type": "Feature",
      "geometry": {
        "type": "Point",
        "coordinates": [
          -76.3200848,
          40.1034469
        ]
      },
      "properties": {
        "tree_id": "DINOV3_0163",
        "source_image": "dji_fly_20260307_120030_0011_1772903202068_photo.JPG",
        "max_height_m": Infinity,
        "mean_height_m": Infinity,
        "crown_area_px": 240,
        "bbox_w_px": 59,
        "bbox_h_px": 3
      }
    },
    {
      "type": "Feature",
      "geometry": {
        "type": "Point",
        "coordinates": [
          -76.3199045,
          40.1034469
        ]
      },
      "properties": {
        "tree_id": "DINOV3_0164",
        "source_image": "dji_fly_20260307_120030_0011_1772903202068_photo.JPG",
        "max_height_m": Infinity,
        "mean_height_m": Infinity,
        "crown_area_px": 128,
        "bbox_w_px": 31,
        "bbox_h_px": 3
      }
    },
    {
      "type": "Feature",
      "geometry": {
        "type": "Point",
        "coordinates": [
          -76.3193903,
          40.1049365
        ]
      },
      "properties": {
        "tree_id": "DINOV3_0001",
        "source_image": "dji_fly_20260307_120056_0012_1772903202294_photo.JPG",
        "max_height_m": Infinity,
        "mean_height_m": Infinity,
        "crown_area_px": 308043,
        "bbox_w_px": 1167,
        "bbox_h_px": 776
      }
    },
    {
      "type": "Feature",
      "geometry": {
        "type": "Point",
        "coordinates": [
          -76.3211955,
          40.1050749
        ]
      },
      "properties": {
        "tree_id": "DINOV3_0002",
        "source_image": "dji_fly_20260307_120056_0012_1772903202294_photo.JPG",
        "max_height_m": Infinity,
        "mean_height_m": Infinity,
        "crown_area_px": 496,
        "bbox_w_px": 39,
        "bbox_h_px": 75
      }
    },
    {
      "type": "Feature",
      "geometry": {
        "type": "Point",
        "coordinates": [
          -76.32085,
          40.1044827
        ]
      },
      "properties": {
        "tree_id": "DINOV3_0003",
        "source_image": "dji_fly_20260307_120056_0012_1772903202294_photo.JPG",
        "max_height_m": Infinity,
        "mean_height_m": Infinity,
        "crown_area_px": 453068,
        "bbox_w_px": 1231,
        "bbox_h_px": 3069
      }
    },
    {
      "type": "Feature",
      "geometry": {
        "type": "Point",
        "coordinates": [
          -76.3201449,
          40.1049262
        ]
      },
      "properties": {
        "tree_id": "DINOV3_0004",
        "source_image": "dji_fly_20260307_120056_0012_1772903202294_photo.JPG",
        "max_height_m": Infinity,
        "mean_height_m": Infinity,
        "crown_area_px": 177120,
        "bbox_w_px": 1355,
        "bbox_h_px": 827
      }
    },
    {
      "type": "Feature",
      "geometry": {
        "type": "Point",
        "coordinates": [
          -76.3197555,
          40.1050718
        ]
      },
      "properties": {
        "tree_id": "DINOV3_0005",
        "source_image": "dji_fly_20260307_120056_0012_1772903202294_photo.JPG",
        "max_height_m": Infinity,
        "mean_height_m": Infinity,
        "crown_area_px": 6224,
        "bbox_w_px": 147,
        "bbox_h_px": 91
      }
    },
    {
      "type": "Feature",
      "geometry": {
        "type": "Point",
        "coordinates": [
          -76.320882,
          40.1050378
        ]
      },
      "properties": {
        "tree_id": "DINOV3_0006",
        "source_image": "dji_fly_20260307_120056_0012_1772903202294_photo.JPG",
        "max_height_m": Infinity,
        "mean_height_m": Infinity,
        "crown_area_px": 12432,
        "bbox_w_px": 267,
        "bbox_h_px": 119
      }
    },
    {
      "type": "Feature",
      "geometry": {
        "type": "Point",
        "coordinates": [
          -76.3198905,
          40.1050449
        ]
      },
      "properties": {
        "tree_id": "DINOV3_0007",
        "source_image": "dji_fly_20260307_120056_0012_1772903202294_photo.JPG",
        "max_height_m": Infinity,
        "mean_height_m": Infinity,
        "crown_area_px": 112,
        "bbox_w_px": 19,
        "bbox_h_px": 11
      }
    },
    {
      "type": "Feature",
      "geometry": {
        "type": "Point",
        "coordinates": [
          -76.3198729,
          40.1050409
        ]
      },
      "properties": {
        "tree_id": "DINOV3_0008",
        "source_image": "dji_fly_20260307_120056_0012_1772903202294_photo.JPG",
        "max_height_m": Infinity,
        "mean_height_m": Infinity,
        "crown_area_px": 304,
        "bbox_w_px": 31,
        "bbox_h_px": 15
      }
    },
    {
      "type": "Feature",
      "geometry": {
        "type": "Point",
        "coordinates": [
          -76.3197782,
          40.104995
        ]
      },
      "properties": {
        "tree_id": "DINOV3_0009",
        "source_image": "dji_fly_20260307_120056_0012_1772903202294_photo.JPG",
        "max_height_m": Infinity,
        "mean_height_m": Infinity,
        "crown_area_px": 8960,
        "bbox_w_px": 59,
        "bbox_h_px": 215
      }
    },
    {
      "type": "Feature",
      "geometry": {
        "type": "Point",
        "coordinates": [
          -76.3193675,
          40.1050338
        ]
      },
      "properties": {
        "tree_id": "DINOV3_0010",
        "source_image": "dji_fly_20260307_120056_0012_1772903202294_photo.JPG",
        "max_height_m": Infinity,
        "mean_height_m": Infinity,
        "crown_area_px": 368,
        "bbox_w_px": 31,
        "bbox_h_px": 19
      }
    },
    {
      "type": "Feature",
      "geometry": {
        "type": "Point",
        "coordinates": [
          -76.3212048,
          40.1050306
        ]
      },
      "properties": {
        "tree_id": "DINOV3_0011",
        "source_image": "dji_fly_20260307_120056_0012_1772903202294_photo.JPG",
        "max_height_m": Infinity,
        "mean_height_m": Infinity,
        "crown_area_px": 112,
        "bbox_w_px": 3,
        "bbox_h_px": 27
      }
    },
    {
      "type": "Feature",
      "geometry": {
        "type": "Point",
        "coordinates": [
          -76.3198853,
          40.1050322
        ]
      },
      "properties": {
        "tree_id": "DINOV3_0012",
        "source_image": "dji_fly_20260307_120056_0012_1772903202294_photo.JPG",
        "max_height_m": Infinity,
        "mean_height_m": Infinity,
        "crown_area_px": 160,
        "bbox_w_px": 23,
        "bbox_h_px": 11
      }
    },
    {
      "type": "Feature",
      "geometry": {
        "type": "Point",
        "coordinates": [
          -76.3198687,
          40.1050306
        ]
      },
      "properties": {
        "tree_id": "DINOV3_0013",
        "source_image": "dji_fly_20260307_120056_0012_1772903202294_photo.JPG",
        "max_height_m": Infinity,
        "mean_height_m": Infinity,
        "crown_area_px": 288,
        "bbox_w_px": 39,
        "bbox_h_px": 11
      }
    },
    {
      "type": "Feature",
      "geometry": {
        "type": "Point",
        "coordinates": [
          -76.3192289,
          40.1050235
        ]
      },
      "properties": {
        "tree_id": "DINOV3_0014",
        "source_image": "dji_fly_20260307_120056_0012_1772903202294_photo.JPG",
        "max_height_m": Infinity,
        "mean_height_m": Infinity,
        "crown_area_px": 160,
        "bbox_w_px": 23,
        "bbox_h_px": 7
      }
    },
    {
      "type": "Feature",
      "geometry": {
        "type": "Point",
        "coordinates": [
          -76.3191885,
          40.1050116
        ]
      },
      "properties": {
        "tree_id": "DINOV3_0015",
        "source_image": "dji_fly_20260307_120056_0012_1772903202294_photo.JPG",
        "max_height_m": Infinity,
        "mean_height_m": Infinity,
        "crown_area_px": 112,
        "bbox_w_px": 11,
        "bbox_h_px": 11
      }
    },
    {
      "type": "Feature",
      "geometry": {
        "type": "Point",
        "coordinates": [
          -76.3198584,
          40.1050069
        ]
      },
      "properties": {
        "tree_id": "DINOV3_0016",
        "source_image": "dji_fly_20260307_120056_0012_1772903202294_photo.JPG",
        "max_height_m": Infinity,
        "mean_height_m": Infinity,
        "crown_area_px": 944,
        "bbox_w_px": 63,
        "bbox_h_px": 27
      }
    },
    {
      "type": "Feature",
      "geometry": {
        "type": "Point",
        "coordinates": [
          -76.3193561,
          40.1050069
        ]
      },
      "properties": {
        "tree_id": "DINOV3_0017",
        "source_image": "dji_fly_20260307_120056_0012_1772903202294_photo.JPG",
        "max_height_m": Infinity,
        "mean_height_m": Infinity,
        "crown_area_px": 128,
        "bbox_w_px": 19,
        "bbox_h_px": 11
      }
    },
    {
      "type": "Feature",
      "geometry": {
        "type": "Point",
        "coordinates": [
          -76.3193396,
          40.1050029
        ]
      },
      "properties": {
        "tree_id": "DINOV3_0018",
        "source_image": "dji_fly_20260307_120056_0012_1772903202294_photo.JPG",
        "max_height_m": Infinity,
        "mean_height_m": Infinity,
        "crown_area_px": 208,
        "bbox_w_px": 35,
        "bbox_h_px": 7
      }
    },
    {
      "type": "Feature",
      "geometry": {
        "type": "Point",
        "coordinates": [
          -76.3193147,
          40.1049974
        ]
      },
      "properties": {
        "tree_id": "DINOV3_0019",
        "source_image": "dji_fly_20260307_120056_0012_1772903202294_photo.JPG",
        "max_height_m": Infinity,
        "mean_height_m": Infinity,
        "crown_area_px": 176,
        "bbox_w_px": 27,
        "bbox_h_px": 19
      }
    },
    {
      "type": "Feature",
      "geometry": {
        "type": "Point",
        "coordinates": [
          -76.3193551,
          40.1049887
        ]
      },
      "properties": {
        "tree_id": "DINOV3_0020",
        "source_image": "dji_fly_20260307_120056_0012_1772903202294_photo.JPG",
        "max_height_m": Infinity,
        "mean_height_m": Infinity,
        "crown_area_px": 400,
        "bbox_w_px": 31,
        "bbox_h_px": 23
      }
    },
    {
      "type": "Feature",
      "geometry": {
        "type": "Point",
        "coordinates": [
          -76.3192785,
          40.1049333
        ]
      },
      "properties": {
        "tree_id": "DINOV3_0021",
        "source_image": "dji_fly_20260307_120056_0012_1772903202294_photo.JPG",
        "max_height_m": Infinity,
        "mean_height_m": Infinity,
        "crown_area_px": 19920,
        "bbox_w_px": 303,
        "bbox_h_px": 279
      }
    },
    {
      "type": "Feature",
      "geometry": {
        "type": "Point",
        "coordinates": [
          -76.3191947,
          40.1049776
        ]
      },
      "properties": {
        "tree_id": "DINOV3_0022",
        "source_image": "dji_fly_20260307_120056_0012_1772903202294_photo.JPG",
        "max_height_m": Infinity,
        "mean_height_m": Infinity,
        "crown_area_px": 464,
        "bbox_w_px": 35,
        "bbox_h_px": 15
      }
    },
    {
      "type": "Feature",
      "geometry": {
        "type": "Point",
        "coordinates": [
          -76.3191978,
          40.1049515
        ]
      },
      "properties": {
        "tree_id": "DINOV3_0023",
        "source_image": "dji_fly_20260307_120056_0012_1772903202294_photo.JPG",
        "max_height_m": Infinity,
        "mean_height_m": Infinity,
        "crown_area_px": 192,
        "bbox_w_px": 23,
        "bbox_h_px": 11
      }
    },
    {
      "type": "Feature",
      "geometry": {
        "type": "Point",
        "coordinates": [
          -76.3192641,
          40.1049475
        ]
      },
      "properties": {
        "tree_id": "DINOV3_0024",
        "source_image": "dji_fly_20260307_120056_0012_1772903202294_photo.JPG",
        "max_height_m": Infinity,
        "mean_height_m": Infinity,
        "crown_area_px": 192,
        "bbox_w_px": 15,
        "bbox_h_px": 15
      }
    },
    {
      "type": "Feature",
      "geometry": {
        "type": "Point",
        "coordinates": [
          -76.3200312,
          40.1049404
        ]
      },
      "properties": {
        "tree_id": "DINOV3_0025",
        "source_image": "dji_fly_20260307_120056_0012_1772903202294_photo.JPG",
        "max_height_m": Infinity,
        "mean_height_m": Infinity,
        "crown_area_px": 144,
        "bbox_w_px": 19,
        "bbox_h_px": 11
      }
    },
    {
      "type": "Feature",
      "geometry": {
        "type": "Point",
        "coordinates": [
          -76.3197875,
          40.1049064
        ]
      },
      "properties": {
        "tree_id": "DINOV3_0026",
        "source_image": "dji_fly_20260307_120056_0012_1772903202294_photo.JPG",
        "max_height_m": Infinity,
        "mean_height_m": Infinity,
        "crown_area_px": 2448,
        "bbox_w_px": 23,
        "bbox_h_px": 151
      }
    },
    {
      "type": "Feature",
      "geometry": {
        "type": "Point",
        "coordinates": [
          -76.3194254,
          40.1049199
        ]
      },
      "properties": {
        "tree_id": "DINOV3_0027",
        "source_image": "dji_fly_20260307_120056_0012_1772903202294_photo.JPG",
        "max_height_m": Infinity,
        "mean_height_m": Infinity,
        "crown_area_px": 368,
        "bbox_w_px": 23,
        "bbox_h_px": 19
      }
    },
    {
      "type": "Feature",
      "geometry": {
        "type": "Point",
        "coordinates": [
          -76.3206669,
          40.1048949
        ]
      },
      "properties": {
        "tree_id": "DINOV3_0028",
        "source_image": "dji_fly_20260307_120056_0012_1772903202294_photo.JPG",
        "max_height_m": 2.62,
        "mean_height_m": 1.69,
        "crown_area_px": 4010,
        "bbox_w_px": 80,
        "bbox_h_px": 96
      }
    },
    {
      "type": "Feature",
      "geometry": {
        "type": "Point",
        "coordinates": [
          -76.3207341,
          40.1049088
        ]
      },
      "properties": {
        "tree_id": "DINOV3_0029",
        "source_image": "dji_fly_20260307_120056_0012_1772903202294_photo.JPG",
        "max_height_m": Infinity,
        "mean_height_m": Infinity,
        "crown_area_px": 320,
        "bbox_w_px": 23,
        "bbox_h_px": 19
      }
    },
    {
      "type": "Feature",
      "geometry": {
        "type": "Point",
        "coordinates": [
          -76.3212048,
          40.1048882
        ]
      },
      "properties": {
        "tree_id": "DINOV3_0030",
        "source_image": "dji_fly_20260307_120056_0012_1772903202294_photo.JPG",
        "max_height_m": Infinity,
        "mean_height_m": Infinity,
        "crown_area_px": 176,
        "bbox_w_px": 3,
        "bbox_h_px": 43
      }
    },
    {
      "type": "Feature",
      "geometry": {
        "type": "Point",
        "coordinates": [
          -76.3193541,
          40.1048771
        ]
      },
      "properties": {
        "tree_id": "DINOV3_0031",
        "source_image": "dji_fly_20260307_120056_0012_1772903202294_photo.JPG",
        "max_height_m": Infinity,
        "mean_height_m": Infinity,
        "crown_area_px": 144,
        "bbox_w_px": 19,
        "bbox_h_px": 11
      }
    },
    {
      "type": "Feature",
      "geometry": {
        "type": "Point",
        "coordinates": [
          -76.3193499,
          40.1048463
        ]
      },
      "properties": {
        "tree_id": "DINOV3_0032",
        "source_image": "dji_fly_20260307_120056_0012_1772903202294_photo.JPG",
        "max_height_m": Infinity,
        "mean_height_m": Infinity,
        "crown_area_px": 3552,
        "bbox_w_px": 99,
        "bbox_h_px": 119
      }
    },
    {
      "type": "Feature",
      "geometry": {
        "type": "Point",
        "coordinates": [
          -76.3192599,
          40.1048526
        ]
      },
      "properties": {
        "tree_id": "DINOV3_0033",
        "source_image": "dji_fly_20260307_120056_0012_1772903202294_photo.JPG",
        "max_height_m": Infinity,
        "mean_height_m": Infinity,
        "crown_area_px": 1664,
        "bbox_w_px": 47,
        "bbox_h_px": 55
      }
    },
    {
      "type": "Feature",
      "geometry": {
        "type": "Point",
        "coordinates": [
          -76.3197917,
          40.1048407
        ]
      },
      "properties": {
        "tree_id": "DINOV3_0034",
        "source_image": "dji_fly_20260307_120056_0012_1772903202294_photo.JPG",
        "max_height_m": Infinity,
        "mean_height_m": Infinity,
        "crown_area_px": 640,
        "bbox_w_px": 7,
        "bbox_h_px": 83
      }
    },
    {
      "type": "Feature",
      "geometry": {
        "type": "Point",
        "coordinates": [
          -76.3203425,
          40.1048273
        ]
      },
      "properties": {
        "tree_id": "DINOV3_0035",
        "source_image": "dji_fly_20260307_120056_0012_1772903202294_photo.JPG",
        "max_height_m": Infinity,
        "mean_height_m": Infinity,
        "crown_area_px": 1008,
        "bbox_w_px": 47,
        "bbox_h_px": 31
      }
    },
    {
      "type": "Feature",
      "geometry": {
        "type": "Point",
        "coordinates": [
          -76.3212038,
          40.1048091
        ]
      },
      "properties": {
        "tree_id": "DINOV3_0036",
        "source_image": "dji_fly_20260307_120056_0012_1772903202294_photo.JPG",
        "max_height_m": Infinity,
        "mean_height_m": Infinity,
        "crown_area_px": 512,
        "bbox_w_px": 7,
        "bbox_h_px": 107
      }
    },
    {
      "type": "Feature",
      "geometry": {
        "type": "Point",
        "coordinates": [
          -76.319503,
          40.1048241
        ]
      },
      "properties": {
        "tree_id": "DINOV3_0037",
        "source_image": "dji_fly_20260307_120056_0012_1772903202294_photo.JPG",
        "max_height_m": Infinity,
        "mean_height_m": Infinity,
        "crown_area_px": 464,
        "bbox_w_px": 43,
        "bbox_h_px": 15
      }
    },
    {
      "type": "Feature",
      "geometry": {
        "type": "Point",
        "coordinates": [
          -76.3193685,
          40.1048249
        ]
      },
      "properties": {
        "tree_id": "DINOV3_0038",
        "source_image": "dji_fly_20260307_120056_0012_1772903202294_photo.JPG",
        "max_height_m": Infinity,
        "mean_height_m": Infinity,
        "crown_area_px": 272,
        "bbox_w_px": 27,
        "bbox_h_px": 11
      }
    },
    {
      "type": "Feature",
      "geometry": {
        "type": "Point",
        "coordinates": [
          -76.32076,
          40.1047996
        ]
      },
      "properties": {
        "tree_id": "DINOV3_0039",
        "source_image": "dji_fly_20260307_120056_0012_1772903202294_photo.JPG",
        "max_height_m": Infinity,
        "mean_height_m": Infinity,
        "crown_area_px": 208,
        "bbox_w_px": 11,
        "bbox_h_px": 19
      }
    },
    {
      "type": "Feature",
      "geometry": {
        "type": "Point",
        "coordinates": [
          -76.3193965,
          40.1048004
        ]
      },
      "properties": {
        "tree_id": "DINOV3_0040",
        "source_image": "dji_fly_20260307_120056_0012_1772903202294_photo.JPG",
        "max_height_m": Infinity,
        "mean_height_m": Infinity,
        "crown_area_px": 352,
        "bbox_w_px": 23,
        "bbox_h_px": 15
      }
    },
    {
      "type": "Feature",
      "geometry": {
        "type": "Point",
        "coordinates": [
          -76.3192485,
          40.1047766
        ]
      },
      "properties": {
        "tree_id": "DINOV3_0041",
        "source_image": "dji_fly_20260307_120056_0012_1772903202294_photo.JPG",
        "max_height_m": Infinity,
        "mean_height_m": Infinity,
        "crown_area_px": 8880,
        "bbox_w_px": 163,
        "bbox_h_px": 127
      }
    },
    {
      "type": "Feature",
      "geometry": {
        "type": "Point",
        "coordinates": [
          -76.3194182,
          40.1047932
        ]
      },
      "properties": {
        "tree_id": "DINOV3_0042",
        "source_image": "dji_fly_20260307_120056_0012_1772903202294_photo.JPG",
        "max_height_m": Infinity,
        "mean_height_m": Infinity,
        "crown_area_px": 160,
        "bbox_w_px": 19,
        "bbox_h_px": 11
      }
    },
    {
      "type": "Feature",
      "geometry": {
        "type": "Point",
        "coordinates": [
          -76.319381,
          40.1047932
        ]
      },
      "properties": {
        "tree_id": "DINOV3_0043",
        "source_image": "dji_fly_20260307_120056_0012_1772903202294_photo.JPG",
        "max_height_m": Infinity,
        "mean_height_m": Infinity,
        "crown_area_px": 240,
        "bbox_w_px": 27,
        "bbox_h_px": 11
      }
    },
    {
      "type": "Feature",
      "geometry": {
        "type": "Point",
        "coordinates": [
          -76.3193737,
          40.1047845
        ]
      },
      "properties": {
        "tree_id": "DINOV3_0044",
        "source_image": "dji_fly_20260307_120056_0012_1772903202294_photo.JPG",
        "max_height_m": Infinity,
        "mean_height_m": Infinity,
        "crown_area_px": 400,
        "bbox_w_px": 23,
        "bbox_h_px": 23
      }
    },
    {
      "type": "Feature",
      "geometry": {
        "type": "Point",
        "coordinates": [
          -76.3193365,
          40.1047869
        ]
      },
      "properties": {
        "tree_id": "DINOV3_0045",
        "source_image": "dji_fly_20260307_120056_0012_1772903202294_photo.JPG",
        "max_height_m": Infinity,
        "mean_height_m": Infinity,
        "crown_area_px": 224,
        "bbox_w_px": 23,
        "bbox_h_px": 11
      }
    },
    {
      "type": "Feature",
      "geometry": {
        "type": "Point",
        "coordinates": [
          -76.3194016,
          40.1047743
        ]
      },
      "properties": {
        "tree_id": "DINOV3_0046",
        "source_image": "dji_fly_20260307_120056_0012_1772903202294_photo.JPG",
        "max_height_m": Infinity,
        "mean_height_m": Infinity,
        "crown_area_px": 1376,
        "bbox_w_px": 59,
        "bbox_h_px": 67
      }
    },
    {
      "type": "Feature",
      "geometry": {
        "type": "Point",
        "coordinates": [
          -76.3191803,
          40.1047845
        ]
      },
      "properties": {
        "tree_id": "DINOV3_0047",
        "source_image": "dji_fly_20260307_120056_0012_1772903202294_photo.JPG",
        "max_height_m": Infinity,
        "mean_height_m": Infinity,
        "crown_area_px": 176,
        "bbox_w_px": 19,
        "bbox_h_px": 15
      }
    },
    {
      "type": "Feature",
      "geometry": {
        "type": "Point",
        "coordinates": [
          -76.3195144,
          40.1047616
        ]
      },
      "properties": {
        "tree_id": "DINOV3_0048",
        "source_image": "dji_fly_20260307_120056_0012_1772903202294_photo.JPG",
        "max_height_m": Infinity,
        "mean_height_m": Infinity,
        "crown_area_px": 3440,
        "bbox_w_px": 135,
        "bbox_h_px": 83
      }
    },
    {
      "type": "Feature",
      "geometry": {
        "type": "Point",
        "coordinates": [
          -76.319353,
          40.1047751
        ]
      },
      "properties": {
        "tree_id": "DINOV3_0049",
        "source_image": "dji_fly_20260307_120056_0012_1772903202294_photo.JPG",
        "max_height_m": Infinity,
        "mean_height_m": Infinity,
        "crown_area_px": 496,
        "bbox_w_px": 39,
        "bbox_h_px": 15
      }
    },
    {
      "type": "Feature",
      "geometry": {
        "type": "Point",
        "coordinates": [
          -76.3196417,
          40.1047592
        ]
      },
      "properties": {
        "tree_id": "DINOV3_0050",
        "source_image": "dji_fly_20260307_120056_0012_1772903202294_photo.JPG",
        "max_height_m": Infinity,
        "mean_height_m": Infinity,
        "crown_area_px": 1648,
        "bbox_w_px": 43,
        "bbox_h_px": 79
      }
    },
    {
      "type": "Feature",
      "geometry": {
        "type": "Point",
        "coordinates": [
          -76.3191182,
          40.1045333
        ]
      },
      "properties": {
        "tree_id": "DINOV3_0051",
        "source_image": "dji_fly_20260307_120056_0012_1772903202294_photo.JPG",
        "max_height_m": Infinity,
        "mean_height_m": Infinity,
        "crown_area_px": 34352,
        "bbox_w_px": 115,
        "bbox_h_px": 1220
      }
    },
    {
      "type": "Feature",
      "geometry": {
        "type": "Point",
        "coordinates": [
          -76.3193789,
          40.1047687
        ]
      },
      "properties": {
        "tree_id": "DINOV3_0052",
        "source_image": "dji_fly_20260307_120056_0012_1772903202294_photo.JPG",
        "max_height_m": Infinity,
        "mean_height_m": Infinity,
        "crown_area_px": 144,
        "bbox_w_px": 19,
        "bbox_h_px": 15
      }
    },
    {
      "type": "Feature",
      "geometry": {
        "type": "Point",
        "coordinates": [
          -76.3206746,
          40.1047454
        ]
      },
      "properties": {
        "tree_id": "DINOV3_0053",
        "source_image": "dji_fly_20260307_120056_0012_1772903202294_photo.JPG",
        "max_height_m": 2.28,
        "mean_height_m": 1.34,
        "crown_area_px": 3679,
        "bbox_w_px": 67,
        "bbox_h_px": 99
      }
    },
    {
      "type": "Feature",
      "geometry": {
        "type": "Point",
        "coordinates": [
          -76.3195548,
          40.10476
        ]
      },
      "properties": {
        "tree_id": "DINOV3_0054",
        "source_image": "dji_fly_20260307_120056_0012_1772903202294_photo.JPG",
        "max_height_m": Infinity,
        "mean_height_m": Infinity,
        "crown_area_px": 128,
        "bbox_w_px": 11,
        "bbox_h_px": 11
      }
    },
    {
      "type": "Feature",
      "geometry": {
        "type": "Point",
        "coordinates": [
          -76.319818,
          40.1047553
        ]
      },
      "properties": {
        "tree_id": "DINOV3_0055",
        "source_image": "dji_fly_20260307_120056_0012_1772903202294_photo.JPG",
        "max_height_m": Infinity,
        "mean_height_m": Infinity,
        "crown_area_px": 608,
        "bbox_w_px": 35,
        "bbox_h_px": 19
      }
    },
    {
      "type": "Feature",
      "geometry": {
        "type": "Point",
        "coordinates": [
          -76.3196541,
          40.1047442
        ]
      },
      "properties": {
        "tree_id": "DINOV3_0056",
        "source_image": "dji_fly_20260307_120056_0012_1772903202294_photo.JPG",
        "max_height_m": Infinity,
        "mean_height_m": Infinity,
        "crown_area_px": 112,
        "bbox_w_px": 11,
        "bbox_h_px": 11
      }
    },
    {
      "type": "Feature",
      "geometry": {
        "type": "Point",
        "coordinates": [
          -76.3194099,
          40.104741
        ]
      },
      "properties": {
        "tree_id": "DINOV3_0057",
        "source_image": "dji_fly_20260307_120056_0012_1772903202294_photo.JPG",
        "max_height_m": Infinity,
        "mean_height_m": Infinity,
        "crown_area_px": 320,
        "bbox_w_px": 27,
        "bbox_h_px": 19
      }
    },
    {
      "type": "Feature",
      "geometry": {
        "type": "Point",
        "coordinates": [
          -76.3198191,
          40.1047331
        ]
      },
      "properties": {
        "tree_id": "DINOV3_0058",
        "source_image": "dji_fly_20260307_120056_0012_1772903202294_photo.JPG",
        "max_height_m": Infinity,
        "mean_height_m": Infinity,
        "crown_area_px": 1424,
        "bbox_w_px": 47,
        "bbox_h_px": 51
      }
    },
    {
      "type": "Feature",
      "geometry": {
        "type": "Point",
        "coordinates": [
          -76.3194906,
          40.1047252
        ]
      },
      "properties": {
        "tree_id": "DINOV3_0059",
        "source_image": "dji_fly_20260307_120056_0012_1772903202294_photo.JPG",
        "max_height_m": Infinity,
        "mean_height_m": Infinity,
        "crown_area_px": 4384,
        "bbox_w_px": 123,
        "bbox_h_px": 91
      }
    },
    {
      "type": "Feature",
      "geometry": {
        "type": "Point",
        "coordinates": [
          -76.3194503,
          40.1047347
        ]
      },
      "properties": {
        "tree_id": "DINOV3_0060",
        "source_image": "dji_fly_20260307_120056_0012_1772903202294_photo.JPG",
        "max_height_m": Infinity,
        "mean_height_m": Infinity,
        "crown_area_px": 240,
        "bbox_w_px": 15,
        "bbox_h_px": 27
      }
    },
    {
      "type": "Feature",
      "geometry": {
        "type": "Point",
        "coordinates": [
          -76.3194327,
          40.1047339
        ]
      },
      "properties": {
        "tree_id": "DINOV3_0061",
        "source_image": "dji_fly_20260307_120056_0012_1772903202294_photo.JPG",
        "max_height_m": Infinity,
        "mean_height_m": Infinity,
        "crown_area_px": 400,
        "bbox_w_px": 19,
        "bbox_h_px": 23
      }
    },
    {
      "type": "Feature",
      "geometry": {
        "type": "Point",
        "coordinates": [
          -76.3196334,
          40.1047244
        ]
      },
      "properties": {
        "tree_id": "DINOV3_0062",
        "source_image": "dji_fly_20260307_120056_0012_1772903202294_photo.JPG",
        "max_height_m": Infinity,
        "mean_height_m": Infinity,
        "crown_area_px": 640,
        "bbox_w_px": 19,
        "bbox_h_px": 39
      }
    },
    {
      "type": "Feature",
      "geometry": {
        "type": "Point",
        "coordinates": [
          -76.3193385,
          40.1047284
        ]
      },
      "properties": {
        "tree_id": "DINOV3_0063",
        "source_image": "dji_fly_20260307_120056_0012_1772903202294_photo.JPG",
        "max_height_m": Infinity,
        "mean_height_m": Infinity,
        "crown_area_px": 256,
        "bbox_w_px": 31,
        "bbox_h_px": 11
      }
    },
    {
      "type": "Feature",
      "geometry": {
        "type": "Point",
        "coordinates": [
          -76.319441,
          40.1047236
        ]
      },
      "properties": {
        "tree_id": "DINOV3_0064",
        "source_image": "dji_fly_20260307_120056_0012_1772903202294_photo.JPG",
        "max_height_m": Infinity,
        "mean_height_m": Infinity,
        "crown_area_px": 208,
        "bbox_w_px": 19,
        "bbox_h_px": 19
      }
    },
    {
      "type": "Feature",
      "geometry": {
        "type": "Point",
        "coordinates": [
          -76.3193199,
          40.1047244
        ]
      },
      "properties": {
        "tree_id": "DINOV3_0065",
        "source_image": "dji_fly_20260307_120056_0012_1772903202294_photo.JPG",
        "max_height_m": Infinity,
        "mean_height_m": Infinity,
        "crown_area_px": 192,
        "bbox_w_px": 39,
        "bbox_h_px": 7
      }
    },
    {
      "type": "Feature",
      "geometry": {
        "type": "Point",
        "coordinates": [
          -76.3194244,
          40.1047189
        ]
      },
      "properties": {
        "tree_id": "DINOV3_0066",
        "source_image": "dji_fly_20260307_120056_0012_1772903202294_photo.JPG",
        "max_height_m": Infinity,
        "mean_height_m": Infinity,
        "crown_area_px": 160,
        "bbox_w_px": 19,
        "bbox_h_px": 11
      }
    },
    {
      "type": "Feature",
      "geometry": {
        "type": "Point",
        "coordinates": [
          -76.3198232,
          40.1046924
        ]
      },
      "properties": {
        "tree_id": "DINOV3_0067",
        "source_image": "dji_fly_20260307_120056_0012_1772903202294_photo.JPG",
        "max_height_m": Infinity,
        "mean_height_m": Infinity,
        "crown_area_px": 4332,
        "bbox_w_px": 55,
        "bbox_h_px": 128
      }
    },
    {
      "type": "Feature",
      "geometry": {
        "type": "Point",
        "coordinates": [
          -76.3193241,
          40.1047094
        ]
      },
      "properties": {
        "tree_id": "DINOV3_0068",
        "source_image": "dji_fly_20260307_120056_0012_1772903202294_photo.JPG",
        "max_height_m": Infinity,
        "mean_height_m": Infinity,
        "crown_area_px": 912,
        "bbox_w_px": 47,
        "bbox_h_px": 27
      }
    },
    {
      "type": "Feature",
      "geometry": {
        "type": "Point",
        "coordinates": [
          -76.3196437,
          40.1046967
        ]
      },
      "properties": {
        "tree_id": "DINOV3_0069",
        "source_image": "dji_fly_20260307_120056_0012_1772903202294_photo.JPG",
        "max_height_m": Infinity,
        "mean_height_m": Infinity,
        "crown_area_px": 1232,
        "bbox_w_px": 59,
        "bbox_h_px": 51
      }
    },
    {
      "type": "Feature",
      "geometry": {
        "type": "Point",
        "coordinates": [
          -76.3194399,
          40.1046884
        ]
      },
      "properties": {
        "tree_id": "DINOV3_0070",
        "source_image": "dji_fly_20260307_120056_0012_1772903202294_photo.JPG",
        "max_height_m": Infinity,
        "mean_height_m": Infinity,
        "crown_area_px": 268,
        "bbox_w_px": 15,
        "bbox_h_px": 20
      }
    },
    {
      "type": "Feature",
      "geometry": {
        "type": "Point",
        "coordinates": [
          -76.3192009,
          40.1046805
        ]
      },
      "properties": {
        "tree_id": "DINOV3_0071",
        "source_image": "dji_fly_20260307_120056_0012_1772903202294_photo.JPG",
        "max_height_m": Infinity,
        "mean_height_m": Infinity,
        "crown_area_px": 884,
        "bbox_w_px": 43,
        "bbox_h_px": 44
      }
    },
    {
      "type": "Feature",
      "geometry": {
        "type": "Point",
        "coordinates": [
          -76.3193054,
          40.1046821
        ]
      },
      "properties": {
        "tree_id": "DINOV3_0072",
        "source_image": "dji_fly_20260307_120056_0012_1772903202294_photo.JPG",
        "max_height_m": Infinity,
        "mean_height_m": Infinity,
        "crown_area_px": 356,
        "bbox_w_px": 23,
        "bbox_h_px": 20
      }
    },
    {
      "type": "Feature",
      "geometry": {
        "type": "Point",
        "coordinates": [
          -76.3192868,
          40.1046781
        ]
      },
      "properties": {
        "tree_id": "DINOV3_0073",
        "source_image": "dji_fly_20260307_120056_0012_1772903202294_photo.JPG",
        "max_height_m": Infinity,
        "mean_height_m": Infinity,
        "crown_area_px": 520,
        "bbox_w_px": 31,
        "bbox_h_px": 40
      }
    },
    {
      "type": "Feature",
      "geometry": {
        "type": "Point",
        "coordinates": [
          -76.319411,
          40.1046781
        ]
      },
      "properties": {
        "tree_id": "DINOV3_0074",
        "source_image": "dji_fly_20260307_120056_0012_1772903202294_photo.JPG",
        "max_height_m": Infinity,
        "mean_height_m": Infinity,
        "crown_area_px": 560,
        "bbox_w_px": 55,
        "bbox_h_px": 23
      }
    },
    {
      "type": "Feature",
      "geometry": {
        "type": "Point",
        "coordinates": [
          -76.3196427,
          40.104671
        ]
      },
      "properties": {
        "tree_id": "DINOV3_0075",
        "source_image": "dji_fly_20260307_120056_0012_1772903202294_photo.JPG",
        "max_height_m": Infinity,
        "mean_height_m": Infinity,
        "crown_area_px": 960,
        "bbox_w_px": 47,
        "bbox_h_px": 43
      }
    },
    {
      "type": "Feature",
      "geometry": {
        "type": "Point",
        "coordinates": [
          -76.319322,
          40.1046757
        ]
      },
      "properties": {
        "tree_id": "DINOV3_0076",
        "source_image": "dji_fly_20260307_120056_0012_1772903202294_photo.JPG",
        "max_height_m": Infinity,
        "mean_height_m": Infinity,
        "crown_area_px": 224,
        "bbox_w_px": 15,
        "bbox_h_px": 19
      }
    },
    {
      "type": "Feature",
      "geometry": {
        "type": "Point",
        "coordinates": [
          -76.3194316,
          40.1046441
        ]
      },
      "properties": {
        "tree_id": "DINOV3_0077",
        "source_image": "dji_fly_20260307_120056_0012_1772903202294_photo.JPG",
        "max_height_m": Infinity,
        "mean_height_m": Infinity,
        "crown_area_px": 10320,
        "bbox_w_px": 143,
        "bbox_h_px": 163
      }
    },
    {
      "type": "Feature",
      "geometry": {
        "type": "Point",
        "coordinates": [
          -76.3210538,
          40.1044269
        ]
      },
      "properties": {
        "tree_id": "DINOV3_0078",
        "source_image": "dji_fly_20260307_120056_0012_1772903202294_photo.JPG",
        "max_height_m": Infinity,
        "mean_height_m": Infinity,
        "crown_area_px": 145068,
        "bbox_w_px": 587,
        "bbox_h_px": 1220
      }
    },
    {
      "type": "Feature",
      "geometry": {
        "type": "Point",
        "coordinates": [
          -76.3198377,
          40.1044625
        ]
      },
      "properties": {
        "tree_id": "DINOV3_0079",
        "source_image": "dji_fly_20260307_120056_0012_1772903202294_photo.JPG",
        "max_height_m": Infinity,
        "mean_height_m": Infinity,
        "crown_area_px": 48224,
        "bbox_w_px": 111,
        "bbox_h_px": 1008
      }
    },
    {
      "type": "Feature",
      "geometry": {
        "type": "Point",
        "coordinates": [
          -76.3192154,
          40.1046457
        ]
      },
      "properties": {
        "tree_id": "DINOV3_0080",
        "source_image": "dji_fly_20260307_120056_0012_1772903202294_photo.JPG",
        "max_height_m": Infinity,
        "mean_height_m": Infinity,
        "crown_area_px": 1840,
        "bbox_w_px": 51,
        "bbox_h_px": 67
      }
    },
    {
      "type": "Feature",
      "geometry": {
        "type": "Point",
        "coordinates": [
          -76.3191254,
          40.104652
        ]
      },
      "properties": {
        "tree_id": "DINOV3_0081",
        "source_image": "dji_fly_20260307_120056_0012_1772903202294_photo.JPG",
        "max_height_m": Infinity,
        "mean_height_m": Infinity,
        "crown_area_px": 240,
        "bbox_w_px": 15,
        "bbox_h_px": 27
      }
    },
    {
      "type": "Feature",
      "geometry": {
        "type": "Point",
        "coordinates": [
          -76.3196344,
          40.1046354
        ]
      },
      "properties": {
        "tree_id": "DINOV3_0082",
        "source_image": "dji_fly_20260307_120056_0012_1772903202294_photo.JPG",
        "max_height_m": Infinity,
        "mean_height_m": Infinity,
        "crown_area_px": 2880,
        "bbox_w_px": 71,
        "bbox_h_px": 87
      }
    },
    {
      "type": "Feature",
      "geometry": {
        "type": "Point",
        "coordinates": [
          -76.3206922,
          40.1046073
        ]
      },
      "properties": {
        "tree_id": "DINOV3_0083",
        "source_image": "dji_fly_20260307_120056_0012_1772903202294_photo.JPG",
        "max_height_m": 8.26,
        "mean_height_m": 3.36,
        "crown_area_px": 37874,
        "bbox_w_px": 276,
        "bbox_h_px": 225
      }
    },
    {
      "type": "Feature",
      "geometry": {
        "type": "Point",
        "coordinates": [
          -76.3193613,
          40.1046227
        ]
      },
      "properties": {
        "tree_id": "DINOV3_0084",
        "source_image": "dji_fly_20260307_120056_0012_1772903202294_photo.JPG",
        "max_height_m": Infinity,
        "mean_height_m": Infinity,
        "crown_area_px": 4672,
        "bbox_w_px": 127,
        "bbox_h_px": 119
      }
    },
    {
      "type": "Feature",
      "geometry": {
        "type": "Point",
        "coordinates": [
          -76.3193272,
          40.1046354
        ]
      },
      "properties": {
        "tree_id": "DINOV3_0085",
        "source_image": "dji_fly_20260307_120056_0012_1772903202294_photo.JPG",
        "max_height_m": Infinity,
        "mean_height_m": Infinity,
        "crown_area_px": 112,
        "bbox_w_px": 19,
        "bbox_h_px": 7
      }
    },
    {
      "type": "Feature",
      "geometry": {
        "type": "Point",
        "coordinates": [
          -76.3192278,
          40.104633
        ]
      },
      "properties": {
        "tree_id": "DINOV3_0086",
        "source_image": "dji_fly_20260307_120056_0012_1772903202294_photo.JPG",
        "max_height_m": Infinity,
        "mean_height_m": Infinity,
        "crown_area_px": 560,
        "bbox_w_px": 35,
        "bbox_h_px": 19
      }
    },
    {
      "type": "Feature",
      "geometry": {
        "type": "Point",
        "coordinates": [
          -76.3194647,
          40.1046037
        ]
      },
      "properties": {
        "tree_id": "DINOV3_0087",
        "source_image": "dji_fly_20260307_120056_0012_1772903202294_photo.JPG",
        "max_height_m": Infinity,
        "mean_height_m": Infinity,
        "crown_area_px": 3536,
        "bbox_w_px": 119,
        "bbox_h_px": 87
      }
    },
    {
      "type": "Feature",
      "geometry": {
        "type": "Point",
        "coordinates": [
          -76.3192278,
          40.1046188
        ]
      },
      "properties": {
        "tree_id": "DINOV3_0088",
        "source_image": "dji_fly_20260307_120056_0012_1772903202294_photo.JPG",
        "max_height_m": Infinity,
        "mean_height_m": Infinity,
        "crown_area_px": 160,
        "bbox_w_px": 19,
        "bbox_h_px": 11
      }
    },
    {
      "type": "Feature",
      "geometry": {
        "type": "Point",
        "coordinates": [
          -76.3191978,
          40.1046109
        ]
      },
      "properties": {
        "tree_id": "DINOV3_0089",
        "source_image": "dji_fly_20260307_120056_0012_1772903202294_photo.JPG",
        "max_height_m": Infinity,
        "mean_height_m": Infinity,
        "crown_area_px": 640,
        "bbox_w_px": 23,
        "bbox_h_px": 51
      }
    },
    {
      "type": "Feature",
      "geometry": {
        "type": "Point",
        "coordinates": [
          -76.3196872,
          40.104614
        ]
      },
      "properties": {
        "tree_id": "DINOV3_0090",
        "source_image": "dji_fly_20260307_120056_0012_1772903202294_photo.JPG",
        "max_height_m": Infinity,
        "mean_height_m": Infinity,
        "crown_area_px": 224,
        "bbox_w_px": 27,
        "bbox_h_px": 11
      }
    },
    {
      "type": "Feature",
      "geometry": {
        "type": "Point",
        "coordinates": [
          -76.3196427,
          40.1045373
        ]
      },
      "properties": {
        "tree_id": "DINOV3_0091",
        "source_image": "dji_fly_20260307_120056_0012_1772903202294_photo.JPG",
        "max_height_m": Infinity,
        "mean_height_m": Infinity,
        "crown_area_px": 27024,
        "bbox_w_px": 151,
        "bbox_h_px": 391
      }
    },
    {
      "type": "Feature",
      "geometry": {
        "type": "Point",
        "coordinates": [
          -76.3191461,
          40.1046045
        ]
      },
      "properties": {
        "tree_id": "DINOV3_0092",
        "source_image": "dji_fly_20260307_120056_0012_1772903202294_photo.JPG",
        "max_height_m": Infinity,
        "mean_height_m": Infinity,
        "crown_area_px": 1072,
        "bbox_w_px": 79,
        "bbox_h_px": 35
      }
    },
    {
      "type": "Feature",
      "geometry": {
        "type": "Point",
        "coordinates": [
          -76.3207972,
          40.104599
        ]
      },
      "properties": {
        "tree_id": "DINOV3_0093",
        "source_image": "dji_fly_20260307_120056_0012_1772903202294_photo.JPG",
        "max_height_m": Infinity,
        "mean_height_m": Infinity,
        "crown_area_px": 560,
        "bbox_w_px": 27,
        "bbox_h_px": 31
      }
    },
    {
      "type": "Feature",
      "geometry": {
        "type": "Point",
        "coordinates": [
          -76.3197058,
          40.1045998
        ]
      },
      "properties": {
        "tree_id": "DINOV3_0094",
        "source_image": "dji_fly_20260307_120056_0012_1772903202294_photo.JPG",
        "max_height_m": Infinity,
        "mean_height_m": Infinity,
        "crown_area_px": 576,
        "bbox_w_px": 27,
        "bbox_h_px": 27
      }
    },
    {
      "type": "Feature",
      "geometry": {
        "type": "Point",
        "coordinates": [
          -76.3192806,
          40.1045824
        ]
      },
      "properties": {
        "tree_id": "DINOV3_0095",
        "source_image": "dji_fly_20260307_120056_0012_1772903202294_photo.JPG",
        "max_height_m": Infinity,
        "mean_height_m": Infinity,
        "crown_area_px": 2992,
        "bbox_w_px": 127,
        "bbox_h_px": 115
      }
    },
    {
      "type": "Feature",
      "geometry": {
        "type": "Point",
        "coordinates": [
          -76.3193582,
          40.1045927
        ]
      },
      "properties": {
        "tree_id": "DINOV3_0096",
        "source_image": "dji_fly_20260307_120056_0012_1772903202294_photo.JPG",
        "max_height_m": Infinity,
        "mean_height_m": Infinity,
        "crown_area_px": 1360,
        "bbox_w_px": 75,
        "bbox_h_px": 55
      }
    },
    {
      "type": "Feature",
      "geometry": {
        "type": "Point",
        "coordinates": [
          -76.3195123,
          40.104599
        ]
      },
      "properties": {
        "tree_id": "DINOV3_0097",
        "source_image": "dji_fly_20260307_120056_0012_1772903202294_photo.JPG",
        "max_height_m": Infinity,
        "mean_height_m": Infinity,
        "crown_area_px": 288,
        "bbox_w_px": 23,
        "bbox_h_px": 15
      }
    },
    {
      "type": "Feature",
      "geometry": {
        "type": "Point",
        "coordinates": [
          -76.3191389,
          40.1045919
        ]
      },
      "properties": {
        "tree_id": "DINOV3_0098",
        "source_image": "dji_fly_20260307_120056_0012_1772903202294_photo.JPG",
        "max_height_m": Infinity,
        "mean_height_m": Infinity,
        "crown_area_px": 800,
        "bbox_w_px": 51,
        "bbox_h_px": 27
      }
    },
    {
      "type": "Feature",
      "geometry": {
        "type": "Point",
        "coordinates": [
          -76.3193396,
          40.1045578
        ]
      },
      "properties": {
        "tree_id": "DINOV3_0099",
        "source_image": "dji_fly_20260307_120056_0012_1772903202294_photo.JPG",
        "max_height_m": Infinity,
        "mean_height_m": Infinity,
        "crown_area_px": 8384,
        "bbox_w_px": 275,
        "bbox_h_px": 135
      }
    },
    {
      "type": "Feature",
      "geometry": {
        "type": "Point",
        "coordinates": [
          -76.3192413,
          40.1045792
        ]
      },
      "properties": {
        "tree_id": "DINOV3_0100",
        "source_image": "dji_fly_20260307_120056_0012_1772903202294_photo.JPG",
        "max_height_m": Infinity,
        "mean_height_m": Infinity,
        "crown_area_px": 464,
        "bbox_w_px": 31,
        "bbox_h_px": 19
      }
    },
    {
      "type": "Feature",
      "geometry": {
        "type": "Point",
        "coordinates": [
          -76.3191047,
          40.1045768
        ]
      },
      "properties": {
        "tree_id": "DINOV3_0101",
        "source_image": "dji_fly_20260307_120056_0012_1772903202294_photo.JPG",
        "max_height_m": Infinity,
        "mean_height_m": Infinity,
        "crown_area_px": 336,
        "bbox_w_px": 23,
        "bbox_h_px": 31
      }
    },
    {
      "type": "Feature",
      "geometry": {
        "type": "Point",
        "coordinates": [
          -76.3195506,
          40.1045689
        ]
      },
      "properties": {
        "tree_id": "DINOV3_0102",
        "source_image": "dji_fly_20260307_120056_0012_1772903202294_photo.JPG",
        "max_height_m": Infinity,
        "mean_height_m": Infinity,
        "crown_area_px": 528,
        "bbox_w_px": 43,
        "bbox_h_px": 23
      }
    },
    {
      "type": "Feature",
      "geometry": {
        "type": "Point",
        "coordinates": [
          -76.3193416,
          40.1045658
        ]
      },
      "properties": {
        "tree_id": "DINOV3_0103",
        "source_image": "dji_fly_20260307_120056_0012_1772903202294_photo.JPG",
        "max_height_m": Infinity,
        "mean_height_m": Infinity,
        "crown_area_px": 512,
        "bbox_w_px": 43,
        "bbox_h_px": 23
      }
    },
    {
      "type": "Feature",
      "geometry": {
        "type": "Point",
        "coordinates": [
          -76.3192972,
          40.1045642
        ]
      },
      "properties": {
        "tree_id": "DINOV3_0104",
        "source_image": "dji_fly_20260307_120056_0012_1772903202294_photo.JPG",
        "max_height_m": Infinity,
        "mean_height_m": Infinity,
        "crown_area_px": 688,
        "bbox_w_px": 39,
        "bbox_h_px": 31
      }
    },
    {
      "type": "Feature",
      "geometry": {
        "type": "Point",
        "coordinates": [
          -76.3195754,
          40.1045602
        ]
      },
      "properties": {
        "tree_id": "DINOV3_0105",
        "source_image": "dji_fly_20260307_120056_0012_1772903202294_photo.JPG",
        "max_height_m": Infinity,
        "mean_height_m": Infinity,
        "crown_area_px": 208,
        "bbox_w_px": 19,
        "bbox_h_px": 11
      }
    },
    {
      "type": "Feature",
      "geometry": {
        "type": "Point",
        "coordinates": [
          -76.3195465,
          40.1045381
        ]
      },
      "properties": {
        "tree_id": "DINOV3_0106",
        "source_image": "dji_fly_20260307_120056_0012_1772903202294_photo.JPG",
        "max_height_m": Infinity,
        "mean_height_m": Infinity,
        "crown_area_px": 6176,
        "bbox_w_px": 107,
        "bbox_h_px": 107
      }
    },
    {
      "type": "Feature",
      "geometry": {
        "type": "Point",
        "coordinates": [
          -76.3194182,
          40.1045578
        ]
      },
      "properties": {
        "tree_id": "DINOV3_0107",
        "source_image": "dji_fly_20260307_120056_0012_1772903202294_photo.JPG",
        "max_height_m": Infinity,
        "mean_height_m": Infinity,
        "crown_area_px": 112,
        "bbox_w_px": 19,
        "bbox_h_px": 7
      }
    },
    {
      "type": "Feature",
      "geometry": {
        "type": "Point",
        "coordinates": [
          -76.3194554,
          40.1045539
        ]
      },
      "properties": {
        "tree_id": "DINOV3_0108",
        "source_image": "dji_fly_20260307_120056_0012_1772903202294_photo.JPG",
        "max_height_m": Infinity,
        "mean_height_m": Infinity,
        "crown_area_px": 432,
        "bbox_w_px": 35,
        "bbox_h_px": 19
      }
    },
    {
      "type": "Feature",
      "geometry": {
        "type": "Point",
        "coordinates": [
          -76.3206617,
          40.1045527
        ]
      },
      "properties": {
        "tree_id": "DINOV3_0109",
        "source_image": "dji_fly_20260307_120056_0012_1772903202294_photo.JPG",
        "max_height_m": 1.2,
        "mean_height_m": 1.07,
        "crown_area_px": 460,
        "bbox_w_px": 45,
        "bbox_h_px": 17
      }
    },
    {
      "type": "Feature",
      "geometry": {
        "type": "Point",
        "coordinates": [
          -76.3193147,
          40.1045515
        ]
      },
      "properties": {
        "tree_id": "DINOV3_0110",
        "source_image": "dji_fly_20260307_120056_0012_1772903202294_photo.JPG",
        "max_height_m": Infinity,
        "mean_height_m": Infinity,
        "crown_area_px": 304,
        "bbox_w_px": 43,
        "bbox_h_px": 7
      }
    },
    {
      "type": "Feature",
      "geometry": {
        "type": "Point",
        "coordinates": [
          -76.3195041,
          40.1045452
        ]
      },
      "properties": {
        "tree_id": "DINOV3_0111",
        "source_image": "dji_fly_20260307_120056_0012_1772903202294_photo.JPG",
        "max_height_m": Infinity,
        "mean_height_m": Infinity,
        "crown_area_px": 112,
        "bbox_w_px": 15,
        "bbox_h_px": 7
      }
    },
    {
      "type": "Feature",
      "geometry": {
        "type": "Point",
        "coordinates": [
          -76.3194244,
          40.1045436
        ]
      },
      "properties": {
        "tree_id": "DINOV3_0112",
        "source_image": "dji_fly_20260307_120056_0012_1772903202294_photo.JPG",
        "max_height_m": Infinity,
        "mean_height_m": Infinity,
        "crown_area_px": 224,
        "bbox_w_px": 27,
        "bbox_h_px": 15
      }
    },
    {
      "type": "Feature",
      "geometry": {
        "type": "Point",
        "coordinates": [
          -76.3197006,
          40.1045333
        ]
      },
      "properties": {
        "tree_id": "DINOV3_0113",
        "source_image": "dji_fly_20260307_120056_0012_1772903202294_photo.JPG",
        "max_height_m": Infinity,
        "mean_height_m": Infinity,
        "crown_area_px": 768,
        "bbox_w_px": 55,
        "bbox_h_px": 27
      }
    },
    {
      "type": "Feature",
      "geometry": {
        "type": "Point",
        "coordinates": [
          -76.319202,
          40.1045096
        ]
      },
      "properties": {
        "tree_id": "DINOV3_0114",
        "source_image": "dji_fly_20260307_120056_0012_1772903202294_photo.JPG",
        "max_height_m": Infinity,
        "mean_height_m": Infinity,
        "crown_area_px": 11616,
        "bbox_w_px": 271,
        "bbox_h_px": 131
      }
    },
    {
      "type": "Feature",
      "geometry": {
        "type": "Point",
        "coordinates": [
          -76.3194223,
          40.1044819
        ]
      },
      "properties": {
        "tree_id": "DINOV3_0115",
        "source_image": "dji_fly_20260307_120056_0012_1772903202294_photo.JPG",
        "max_height_m": Infinity,
        "mean_height_m": Infinity,
        "crown_area_px": 18896,
        "bbox_w_px": 283,
        "bbox_h_px": 255
      }
    },
    {
      "type": "Feature",
      "geometry": {
        "type": "Point",
        "coordinates": [
          -76.3192899,
          40.1045207
        ]
      },
      "properties": {
        "tree_id": "DINOV3_0116",
        "source_image": "dji_fly_20260307_120056_0012_1772903202294_photo.JPG",
        "max_height_m": Infinity,
        "mean_height_m": Infinity,
        "crown_area_px": 1056,
        "bbox_w_px": 99,
        "bbox_h_px": 19
      }
    },
    {
      "type": "Feature",
      "geometry": {
        "type": "Point",
        "coordinates": [
          -76.3209772,
          40.1045159
        ]
      },
      "properties": {
        "tree_id": "DINOV3_0117",
        "source_image": "dji_fly_20260307_120056_0012_1772903202294_photo.JPG",
        "max_height_m": Infinity,
        "mean_height_m": Infinity,
        "crown_area_px": 864,
        "bbox_w_px": 51,
        "bbox_h_px": 27
      }
    },
    {
      "type": "Feature",
      "geometry": {
        "type": "Point",
        "coordinates": [
          -76.3195527,
          40.1045017
        ]
      },
      "properties": {
        "tree_id": "DINOV3_0118",
        "source_image": "dji_fly_20260307_120056_0012_1772903202294_photo.JPG",
        "max_height_m": Infinity,
        "mean_height_m": Infinity,
        "crown_area_px": 112,
        "bbox_w_px": 11,
        "bbox_h_px": 11
      }
    },
    {
      "type": "Feature",
      "geometry": {
        "type": "Point",
        "coordinates": [
          -76.3211603,
          40.1044953
        ]
      },
      "properties": {
        "tree_id": "DINOV3_0119",
        "source_image": "dji_fly_20260307_120056_0012_1772903202294_photo.JPG",
        "max_height_m": Infinity,
        "mean_height_m": Infinity,
        "crown_area_px": 160,
        "bbox_w_px": 23,
        "bbox_h_px": 11
      }
    },
    {
      "type": "Feature",
      "geometry": {
        "type": "Point",
        "coordinates": [
          -76.3207057,
          40.1044455
        ]
      },
      "properties": {
        "tree_id": "DINOV3_0120",
        "source_image": "dji_fly_20260307_120056_0012_1772903202294_photo.JPG",
        "max_height_m": 19.42,
        "mean_height_m": 9.03,
        "crown_area_px": 61318,
        "bbox_w_px": 334,
        "bbox_h_px": 248
      }
    },
    {
      "type": "Feature",
      "geometry": {
        "type": "Point",
        "coordinates": [
          -76.3192961,
          40.1044795
        ]
      },
      "properties": {
        "tree_id": "DINOV3_0121",
        "source_image": "dji_fly_20260307_120056_0012_1772903202294_photo.JPG",
        "max_height_m": Infinity,
        "mean_height_m": Infinity,
        "crown_area_px": 432,
        "bbox_w_px": 27,
        "bbox_h_px": 19
      }
    },
    {
      "type": "Feature",
      "geometry": {
        "type": "Point",
        "coordinates": [
          -76.3192413,
          40.1044763
        ]
      },
      "properties": {
        "tree_id": "DINOV3_0122",
        "source_image": "dji_fly_20260307_120056_0012_1772903202294_photo.JPG",
        "max_height_m": Infinity,
        "mean_height_m": Infinity,
        "crown_area_px": 272,
        "bbox_w_px": 15,
        "bbox_h_px": 27
      }
    },
    {
      "type": "Feature",
      "geometry": {
        "type": "Point",
        "coordinates": [
          -76.3197203,
          40.1044716
        ]
      },
      "properties": {
        "tree_id": "DINOV3_0123",
        "source_image": "dji_fly_20260307_120056_0012_1772903202294_photo.JPG",
        "max_height_m": Infinity,
        "mean_height_m": Infinity,
        "crown_area_px": 160,
        "bbox_w_px": 27,
        "bbox_h_px": 11
      }
    },
    {
      "type": "Feature",
      "geometry": {
        "type": "Point",
        "coordinates": [
          -76.3196479,
          40.1044558
        ]
      },
      "properties": {
        "tree_id": "DINOV3_0124",
        "source_image": "dji_fly_20260307_120056_0012_1772903202294_photo.JPG",
        "max_height_m": Infinity,
        "mean_height_m": Infinity,
        "crown_area_px": 384,
        "bbox_w_px": 27,
        "bbox_h_px": 19
      }
    },
    {
      "type": "Feature",
      "geometry": {
        "type": "Point",
        "coordinates": [
          -76.3193375,
          40.1044344
        ]
      },
      "properties": {
        "tree_id": "DINOV3_0125",
        "source_image": "dji_fly_20260307_120056_0012_1772903202294_photo.JPG",
        "max_height_m": Infinity,
        "mean_height_m": Infinity,
        "crown_area_px": 5904,
        "bbox_w_px": 139,
        "bbox_h_px": 127
      }
    },
    {
      "type": "Feature",
      "geometry": {
        "type": "Point",
        "coordinates": [
          -76.3196385,
          40.104421
        ]
      },
      "properties": {
        "tree_id": "DINOV3_0126",
        "source_image": "dji_fly_20260307_120056_0012_1772903202294_photo.JPG",
        "max_height_m": Infinity,
        "mean_height_m": Infinity,
        "crown_area_px": 2960,
        "bbox_w_px": 47,
        "bbox_h_px": 163
      }
    },
    {
      "type": "Feature",
      "geometry": {
        "type": "Point",
        "coordinates": [
          -76.3192372,
          40.1044352
        ]
      },
      "properties": {
        "tree_id": "DINOV3_0127",
        "source_image": "dji_fly_20260307_120056_0012_1772903202294_photo.JPG",
        "max_height_m": Infinity,
        "mean_height_m": Infinity,
        "crown_area_px": 144,
        "bbox_w_px": 15,
        "bbox_h_px": 11
      }
    },
    {
      "type": "Feature",
      "geometry": {
        "type": "Point",
        "coordinates": [
          -76.321149,
          40.1044257
        ]
      },
      "properties": {
        "tree_id": "DINOV3_0128",
        "source_image": "dji_fly_20260307_120056_0012_1772903202294_photo.JPG",
        "max_height_m": Infinity,
        "mean_height_m": Infinity,
        "crown_area_px": 160,
        "bbox_w_px": 19,
        "bbox_h_px": 11
      }
    },
    {
      "type": "Feature",
      "geometry": {
        "type": "Point",
        "coordinates": [
          -76.3192547,
          40.1044099
        ]
      },
      "properties": {
        "tree_id": "DINOV3_0129",
        "source_image": "dji_fly_20260307_120056_0012_1772903202294_photo.JPG",
        "max_height_m": Infinity,
        "mean_height_m": Infinity,
        "crown_area_px": 736,
        "bbox_w_px": 35,
        "bbox_h_px": 27
      }
    },
    {
      "type": "Feature",
      "geometry": {
        "type": "Point",
        "coordinates": [
          -76.3192527,
          40.1043956
        ]
      },
      "properties": {
        "tree_id": "DINOV3_0130",
        "source_image": "dji_fly_20260307_120056_0012_1772903202294_photo.JPG",
        "max_height_m": Infinity,
        "mean_height_m": Infinity,
        "crown_area_px": 848,
        "bbox_w_px": 51,
        "bbox_h_px": 27
      }
    },
    {
      "type": "Feature",
      "geometry": {
        "type": "Point",
        "coordinates": [
          -76.3194404,
          40.1041325
        ]
      },
      "properties": {
        "tree_id": "DINOV3_0131",
        "source_image": "dji_fly_20260307_120056_0012_1772903202294_photo.JPG",
        "max_height_m": Infinity,
        "mean_height_m": Infinity,
        "crown_area_px": 783051,
        "bbox_w_px": 1364,
        "bbox_h_px": 1300
      }
    },
    {
      "type": "Feature",
      "geometry": {
        "type": "Point",
        "coordinates": [
          -76.3191544,
          40.1043703
        ]
      },
      "properties": {
        "tree_id": "DINOV3_0132",
        "source_image": "dji_fly_20260307_120056_0012_1772903202294_photo.JPG",
        "max_height_m": Infinity,
        "mean_height_m": Infinity,
        "crown_area_px": 1712,
        "bbox_w_px": 55,
        "bbox_h_px": 43
      }
    },
    {
      "type": "Feature",
      "geometry": {
        "type": "Point",
        "coordinates": [
          -76.319233,
          40.1043664
        ]
      },
      "properties": {
        "tree_id": "DINOV3_0133",
        "source_image": "dji_fly_20260307_120056_0012_1772903202294_photo.JPG",
        "max_height_m": Infinity,
        "mean_height_m": Infinity,
        "crown_area_px": 544,
        "bbox_w_px": 23,
        "bbox_h_px": 39
      }
    },
    {
      "type": "Feature",
      "geometry": {
        "type": "Point",
        "coordinates": [
          -76.32073,
          40.1043066
        ]
      },
      "properties": {
        "tree_id": "DINOV3_0134",
        "source_image": "dji_fly_20260307_120056_0012_1772903202294_photo.JPG",
        "max_height_m": 16.65,
        "mean_height_m": 8.19,
        "crown_area_px": 61193,
        "bbox_w_px": 349,
        "bbox_h_px": 217
      }
    },
    {
      "type": "Feature",
      "geometry": {
        "type": "Point",
        "coordinates": [
          -76.3196479,
          40.104345
        ]
      },
      "properties": {
        "tree_id": "DINOV3_0135",
        "source_image": "dji_fly_20260307_120056_0012_1772903202294_photo.JPG",
        "max_height_m": Infinity,
        "mean_height_m": Infinity,
        "crown_area_px": 480,
        "bbox_w_px": 35,
        "bbox_h_px": 19
      }
    },
    {
      "type": "Feature",
      "geometry": {
        "type": "Point",
        "coordinates": [
          -76.3192744,
          40.10433
        ]
      },
      "properties": {
        "tree_id": "DINOV3_0136",
        "source_image": "dji_fly_20260307_120056_0012_1772903202294_photo.JPG",
        "max_height_m": Infinity,
        "mean_height_m": Infinity,
        "crown_area_px": 192,
        "bbox_w_px": 15,
        "bbox_h_px": 15
      }
    },
    {
      "type": "Feature",
      "geometry": {
        "type": "Point",
        "coordinates": [
          -76.3198263,
          40.1043284
        ]
      },
      "properties": {
        "tree_id": "DINOV3_0137",
        "source_image": "dji_fly_20260307_120056_0012_1772903202294_photo.JPG",
        "max_height_m": Infinity,
        "mean_height_m": Infinity,
        "crown_area_px": 160,
        "bbox_w_px": 11,
        "bbox_h_px": 15
      }
    },
    {
      "type": "Feature",
      "geometry": {
        "type": "Point",
        "coordinates": [
          -76.3196375,
          40.1042781
        ]
      },
      "properties": {
        "tree_id": "DINOV3_0138",
        "source_image": "dji_fly_20260307_120056_0012_1772903202294_photo.JPG",
        "max_height_m": Infinity,
        "mean_height_m": Infinity,
        "crown_area_px": 9028,
        "bbox_w_px": 115,
        "bbox_h_px": 172
      }
    },
    {
      "type": "Feature",
      "geometry": {
        "type": "Point",
        "coordinates": [
          -76.3209834,
          40.1042967
        ]
      },
      "properties": {
        "tree_id": "DINOV3_0139",
        "source_image": "dji_fly_20260307_120056_0012_1772903202294_photo.JPG",
        "max_height_m": Infinity,
        "mean_height_m": Infinity,
        "crown_area_px": 256,
        "bbox_w_px": 43,
        "bbox_h_px": 7
      }
    },
    {
      "type": "Feature",
      "geometry": {
        "type": "Point",
        "coordinates": [
          -76.3209886,
          40.1042686
        ]
      },
      "properties": {
        "tree_id": "DINOV3_0140",
        "source_image": "dji_fly_20260307_120056_0012_1772903202294_photo.JPG",
        "max_height_m": Infinity,
        "mean_height_m": Infinity,
        "crown_area_px": 1952,
        "bbox_w_px": 71,
        "bbox_h_px": 51
      }
    },
    {
      "type": "Feature",
      "geometry": {
        "type": "Point",
        "coordinates": [
          -76.3198232,
          40.1042599
        ]
      },
      "properties": {
        "tree_id": "DINOV3_0141",
        "source_image": "dji_fly_20260307_120056_0012_1772903202294_photo.JPG",
        "max_height_m": Infinity,
        "mean_height_m": Infinity,
        "crown_area_px": 720,
        "bbox_w_px": 23,
        "bbox_h_px": 55
      }
    },
    {
      "type": "Feature",
      "geometry": {
        "type": "Point",
        "coordinates": [
          -76.319847,
          40.1042481
        ]
      },
      "properties": {
        "tree_id": "DINOV3_0142",
        "source_image": "dji_fly_20260307_120056_0012_1772903202294_photo.JPG",
        "max_height_m": Infinity,
        "mean_height_m": Infinity,
        "crown_area_px": 768,
        "bbox_w_px": 27,
        "bbox_h_px": 43
      }
    },
    {
      "type": "Feature",
      "geometry": {
        "type": "Point",
        "coordinates": [
          -76.321149,
          40.1042457
        ]
      },
      "properties": {
        "tree_id": "DINOV3_0143",
        "source_image": "dji_fly_20260307_120056_0012_1772903202294_photo.JPG",
        "max_height_m": Infinity,
        "mean_height_m": Infinity,
        "crown_area_px": 1744,
        "bbox_w_px": 107,
        "bbox_h_px": 31
      }
    },
    {
      "type": "Feature",
      "geometry": {
        "type": "Point",
        "coordinates": [
          -76.319593,
          40.1042465
        ]
      },
      "properties": {
        "tree_id": "DINOV3_0144",
        "source_image": "dji_fly_20260307_120056_0012_1772903202294_photo.JPG",
        "max_height_m": Infinity,
        "mean_height_m": Infinity,
        "crown_area_px": 416,
        "bbox_w_px": 31,
        "bbox_h_px": 19
      }
    },
    {
      "type": "Feature",
      "geometry": {
        "type": "Point",
        "coordinates": [
          -76.3196479,
          40.1042417
        ]
      },
      "properties": {
        "tree_id": "DINOV3_0145",
        "source_image": "dji_fly_20260307_120056_0012_1772903202294_photo.JPG",
        "max_height_m": Infinity,
        "mean_height_m": Infinity,
        "crown_area_px": 112,
        "bbox_w_px": 11,
        "bbox_h_px": 11
      }
    },
    {
      "type": "Feature",
      "geometry": {
        "type": "Point",
        "coordinates": [
          -76.3198367,
          40.1042283
        ]
      },
      "properties": {
        "tree_id": "DINOV3_0146",
        "source_image": "dji_fly_20260307_120056_0012_1772903202294_photo.JPG",
        "max_height_m": Infinity,
        "mean_height_m": Infinity,
        "crown_area_px": 384,
        "bbox_w_px": 43,
        "bbox_h_px": 15
      }
    },
    {
      "type": "Feature",
      "geometry": {
        "type": "Point",
        "coordinates": [
          -76.3196489,
          40.1042283
        ]
      },
      "properties": {
        "tree_id": "DINOV3_0147",
        "source_image": "dji_fly_20260307_120056_0012_1772903202294_photo.JPG",
        "max_height_m": Infinity,
        "mean_height_m": Infinity,
        "crown_area_px": 176,
        "bbox_w_px": 15,
        "bbox_h_px": 15
      }
    },
    {
      "type": "Feature",
      "geometry": {
        "type": "Point",
        "coordinates": [
          -76.3210621,
          40.1042235
        ]
      },
      "properties": {
        "tree_id": "DINOV3_0148",
        "source_image": "dji_fly_20260307_120056_0012_1772903202294_photo.JPG",
        "max_height_m": Infinity,
        "mean_height_m": Infinity,
        "crown_area_px": 512,
        "bbox_w_px": 27,
        "bbox_h_px": 23
      }
    },
    {
      "type": "Feature",
      "geometry": {
        "type": "Point",
        "coordinates": [
          -76.3210279,
          40.1042101
        ]
      },
      "properties": {
        "tree_id": "DINOV3_0149",
        "source_image": "dji_fly_20260307_120056_0012_1772903202294_photo.JPG",
        "max_height_m": Infinity,
        "mean_height_m": Infinity,
        "crown_area_px": 800,
        "bbox_w_px": 31,
        "bbox_h_px": 51
      }
    },
    {
      "type": "Feature",
      "geometry": {
        "type": "Point",
        "coordinates": [
          -76.3211521,
          40.1042045
        ]
      },
      "properties": {
        "tree_id": "DINOV3_0150",
        "source_image": "dji_fly_20260307_120056_0012_1772903202294_photo.JPG",
        "max_height_m": Infinity,
        "mean_height_m": Infinity,
        "crown_area_px": 1120,
        "bbox_w_px": 39,
        "bbox_h_px": 39
      }
    },
    {
      "type": "Feature",
      "geometry": {
        "type": "Point",
        "coordinates": [
          -76.3201232,
          40.1042077
        ]
      },
      "properties": {
        "tree_id": "DINOV3_0151",
        "source_image": "dji_fly_20260307_120056_0012_1772903202294_photo.JPG",
        "max_height_m": Infinity,
        "mean_height_m": Infinity,
        "crown_area_px": 320,
        "bbox_w_px": 23,
        "bbox_h_px": 23
      }
    },
    {
      "type": "Feature",
      "geometry": {
        "type": "Point",
        "coordinates": [
          -76.3198263,
          40.1041966
        ]
      },
      "properties": {
        "tree_id": "DINOV3_0152",
        "source_image": "dji_fly_20260307_120056_0012_1772903202294_photo.JPG",
        "max_height_m": Infinity,
        "mean_height_m": Infinity,
        "crown_area_px": 128,
        "bbox_w_px": 11,
        "bbox_h_px": 15
      }
    },
    {
      "type": "Feature",
      "geometry": {
        "type": "Point",
        "coordinates": [
          -76.3211003,
          40.104195
        ]
      },
      "properties": {
        "tree_id": "DINOV3_0153",
        "source_image": "dji_fly_20260307_120056_0012_1772903202294_photo.JPG",
        "max_height_m": Infinity,
        "mean_height_m": Infinity,
        "crown_area_px": 304,
        "bbox_w_px": 23,
        "bbox_h_px": 15
      }
    },
    {
      "type": "Feature",
      "geometry": {
        "type": "Point",
        "coordinates": [
          -76.3207507,
          40.1041408
        ]
      },
      "properties": {
        "tree_id": "DINOV3_0154",
        "source_image": "dji_fly_20260307_120056_0012_1772903202294_photo.JPG",
        "max_height_m": 17.54,
        "mean_height_m": 9.77,
        "crown_area_px": 62828,
        "bbox_w_px": 336,
        "bbox_h_px": 266
      }
    },
    {
      "type": "Feature",
      "geometry": {
        "type": "Point",
        "coordinates": [
          -76.3200891,
          40.1041246
        ]
      },
      "properties": {
        "tree_id": "DINOV3_0155",
        "source_image": "dji_fly_20260307_120056_0012_1772903202294_photo.JPG",
        "max_height_m": Infinity,
        "mean_height_m": Infinity,
        "crown_area_px": 32720,
        "bbox_w_px": 275,
        "bbox_h_px": 323
      }
    },
    {
      "type": "Feature",
      "geometry": {
        "type": "Point",
        "coordinates": [
          -76.3191901,
          40.1041855
        ]
      },
      "properties": {
        "tree_id": "DINOV3_0156",
        "source_image": "dji_fly_20260307_120056_0012_1772903202294_photo.JPG",
        "max_height_m": 1.16,
        "mean_height_m": 1.08,
        "crown_area_px": 138,
        "bbox_w_px": 12,
        "bbox_h_px": 13
      }
    },
    {
      "type": "Feature",
      "geometry": {
        "type": "Point",
        "coordinates": [
          -76.319847,
          40.1041808
        ]
      },
      "properties": {
        "tree_id": "DINOV3_0157",
        "source_image": "dji_fly_20260307_120056_0012_1772903202294_photo.JPG",
        "max_height_m": Infinity,
        "mean_height_m": Infinity,
        "crown_area_px": 192,
        "bbox_w_px": 11,
        "bbox_h_px": 23
      }
    },
    {
      "type": "Feature",
      "geometry": {
        "type": "Point",
        "coordinates": [
          -76.3198242,
          40.1041832
        ]
      },
      "properties": {
        "tree_id": "DINOV3_0158",
        "source_image": "dji_fly_20260307_120056_0012_1772903202294_photo.JPG",
        "max_height_m": Infinity,
        "mean_height_m": Infinity,
        "crown_area_px": 128,
        "bbox_w_px": 11,
        "bbox_h_px": 11
      }
    },
    {
      "type": "Feature",
      "geometry": {
        "type": "Point",
        "coordinates": [
          -76.3211955,
          40.1041689
        ]
      },
      "properties": {
        "tree_id": "DINOV3_0159",
        "source_image": "dji_fly_20260307_120056_0012_1772903202294_photo.JPG",
        "max_height_m": Infinity,
        "mean_height_m": Infinity,
        "crown_area_px": 736,
        "bbox_w_px": 39,
        "bbox_h_px": 59
      }
    },
    {
      "type": "Feature",
      "geometry": {
        "type": "Point",
        "coordinates": [
          -76.3211076,
          40.1041761
        ]
      },
      "properties": {
        "tree_id": "DINOV3_0160",
        "source_image": "dji_fly_20260307_120056_0012_1772903202294_photo.JPG",
        "max_height_m": Infinity,
        "mean_height_m": Infinity,
        "crown_area_px": 448,
        "bbox_w_px": 27,
        "bbox_h_px": 23
      }
    },
    {
      "type": "Feature",
      "geometry": {
        "type": "Point",
        "coordinates": [
          -76.3201449,
          40.1041705
        ]
      },
      "properties": {
        "tree_id": "DINOV3_0161",
        "source_image": "dji_fly_20260307_120056_0012_1772903202294_photo.JPG",
        "max_height_m": Infinity,
        "mean_height_m": Infinity,
        "crown_area_px": 400,
        "bbox_w_px": 27,
        "bbox_h_px": 27
      }
    },
    {
      "type": "Feature",
      "geometry": {
        "type": "Point",
        "coordinates": [
          -76.3198253,
          40.1041673
        ]
      },
      "properties": {
        "tree_id": "DINOV3_0162",
        "source_image": "dji_fly_20260307_120056_0012_1772903202294_photo.JPG",
        "max_height_m": Infinity,
        "mean_height_m": Infinity,
        "crown_area_px": 304,
        "bbox_w_px": 15,
        "bbox_h_px": 27
      }
    },
    {
      "type": "Feature",
      "geometry": {
        "type": "Point",
        "coordinates": [
          -76.3198273,
          40.1041539
        ]
      },
      "properties": {
        "tree_id": "DINOV3_0163",
        "source_image": "dji_fly_20260307_120056_0012_1772903202294_photo.JPG",
        "max_height_m": Infinity,
        "mean_height_m": Infinity,
        "crown_area_px": 336,
        "bbox_w_px": 15,
        "bbox_h_px": 23
      }
    },
    {
      "type": "Feature",
      "geometry": {
        "type": "Point",
        "coordinates": [
          -76.3198449,
          40.1041499
        ]
      },
      "properties": {
        "tree_id": "DINOV3_0164",
        "source_image": "dji_fly_20260307_120056_0012_1772903202294_photo.JPG",
        "max_height_m": Infinity,
        "mean_height_m": Infinity,
        "crown_area_px": 160,
        "bbox_w_px": 11,
        "bbox_h_px": 19
      }
    },
    {
      "type": "Feature",
      "geometry": {
        "type": "Point",
        "coordinates": [
          -76.3212027,
          40.1040645
        ]
      },
      "properties": {
        "tree_id": "DINOV3_0165",
        "source_image": "dji_fly_20260307_120056_0012_1772903202294_photo.JPG",
        "max_height_m": Infinity,
        "mean_height_m": Infinity,
        "crown_area_px": 2320,
        "bbox_w_px": 11,
        "bbox_h_px": 395
      }
    },
    {
      "type": "Feature",
      "geometry": {
        "type": "Point",
        "coordinates": [
          -76.3202329,
          40.1041088
        ]
      },
      "properties": {
        "tree_id": "DINOV3_0166",
        "source_image": "dji_fly_20260307_120056_0012_1772903202294_photo.JPG",
        "max_height_m": Infinity,
        "mean_height_m": Infinity,
        "crown_area_px": 3792,
        "bbox_w_px": 63,
        "bbox_h_px": 91
      }
    },
    {
      "type": "Feature",
      "geometry": {
        "type": "Point",
        "coordinates": [
          -76.3194647,
          40.1040756
        ]
      },
      "properties": {
        "tree_id": "DINOV3_0167",
        "source_image": "dji_fly_20260307_120056_0012_1772903202294_photo.JPG",
        "max_height_m": Infinity,
        "mean_height_m": Infinity,
        "crown_area_px": 144,
        "bbox_w_px": 15,
        "bbox_h_px": 11
      }
    },
    {
      "type": "Feature",
      "geometry": {
        "type": "Point",
        "coordinates": [
          -76.320177,
          40.1040502
        ]
      },
      "properties": {
        "tree_id": "DINOV3_0168",
        "source_image": "dji_fly_20260307_120056_0012_1772903202294_photo.JPG",
        "max_height_m": Infinity,
        "mean_height_m": Infinity,
        "crown_area_px": 4416,
        "bbox_w_px": 79,
        "bbox_h_px": 99
      }
    },
    {
      "type": "Feature",
      "geometry": {
        "type": "Point",
        "coordinates": [
          -76.3194647,
          40.1040582
        ]
      },
      "properties": {
        "tree_id": "DINOV3_0169",
        "source_image": "dji_fly_20260307_120056_0012_1772903202294_photo.JPG",
        "max_height_m": Infinity,
        "mean_height_m": Infinity,
        "crown_area_px": 2240,
        "bbox_w_px": 111,
        "bbox_h_px": 59
      }
    },
    {
      "type": "Feature",
      "geometry": {
        "type": "Point",
        "coordinates": [
          -76.3194327,
          40.1040439
        ]
      },
      "properties": {
        "tree_id": "DINOV3_0170",
        "source_image": "dji_fly_20260307_120056_0012_1772903202294_photo.JPG",
        "max_height_m": Infinity,
        "mean_height_m": Infinity,
        "crown_area_px": 176,
        "bbox_w_px": 19,
        "bbox_h_px": 11
      }
    },
    {
      "type": "Feature",
      "geometry": {
        "type": "Point",
        "coordinates": [
          -76.3194534,
          40.1040336
        ]
      },
      "properties": {
        "tree_id": "DINOV3_0171",
        "source_image": "dji_fly_20260307_120056_0012_1772903202294_photo.JPG",
        "max_height_m": Infinity,
        "mean_height_m": Infinity,
        "crown_area_px": 448,
        "bbox_w_px": 27,
        "bbox_h_px": 23
      }
    },
    {
      "type": "Feature",
      "geometry": {
        "type": "Point",
        "coordinates": [
          -76.3193934,
          40.1040257
        ]
      },
      "properties": {
        "tree_id": "DINOV3_0172",
        "source_image": "dji_fly_20260307_120056_0012_1772903202294_photo.JPG",
        "max_height_m": Infinity,
        "mean_height_m": Infinity,
        "crown_area_px": 1232,
        "bbox_w_px": 67,
        "bbox_h_px": 31
      }
    },
    {
      "type": "Feature",
      "geometry": {
        "type": "Point",
        "coordinates": [
          -76.3199267,
          40.1040249
        ]
      },
      "properties": {
        "tree_id": "DINOV3_0173",
        "source_image": "dji_fly_20260307_120056_0012_1772903202294_photo.JPG",
        "max_height_m": Infinity,
        "mean_height_m": Infinity,
        "crown_area_px": 144,
        "bbox_w_px": 15,
        "bbox_h_px": 19
      }
    },
    {
      "type": "Feature",
      "geometry": {
        "type": "Point",
        "coordinates": [
          -76.3199349,
          40.1040178
        ]
      },
      "properties": {
        "tree_id": "DINOV3_0174",
        "source_image": "dji_fly_20260307_120056_0012_1772903202294_photo.JPG",
        "max_height_m": Infinity,
        "mean_height_m": Infinity,
        "crown_area_px": 160,
        "bbox_w_px": 15,
        "bbox_h_px": 15
      }
    },
    {
      "type": "Feature",
      "geometry": {
        "type": "Point",
        "coordinates": [
          -76.3193458,
          40.1040107
        ]
      },
      "properties": {
        "tree_id": "DINOV3_0175",
        "source_image": "dji_fly_20260307_120056_0012_1772903202294_photo.JPG",
        "max_height_m": Infinity,
        "mean_height_m": Infinity,
        "crown_area_px": 848,
        "bbox_w_px": 59,
        "bbox_h_px": 35
      }
    },
    {
      "type": "Feature",
      "geometry": {
        "type": "Point",
        "coordinates": [
          -76.3193944,
          40.1040123
        ]
      },
      "properties": {
        "tree_id": "DINOV3_0176",
        "source_image": "dji_fly_20260307_120056_0012_1772903202294_photo.JPG",
        "max_height_m": Infinity,
        "mean_height_m": Infinity,
        "crown_area_px": 304,
        "bbox_w_px": 23,
        "bbox_h_px": 19
      }
    },
    {
      "type": "Feature",
      "geometry": {
        "type": "Point",
        "coordinates": [
          -76.3193789,
          40.1040067
        ]
      },
      "properties": {
        "tree_id": "DINOV3_0177",
        "source_image": "dji_fly_20260307_120056_0012_1772903202294_photo.JPG",
        "max_height_m": Infinity,
        "mean_height_m": Infinity,
        "crown_area_px": 320,
        "bbox_w_px": 35,
        "bbox_h_px": 15
      }
    },
    {
      "type": "Feature",
      "geometry": {
        "type": "Point",
        "coordinates": [
          -76.32118,
          40.1039956
        ]
      },
      "properties": {
        "tree_id": "DINOV3_0178",
        "source_image": "dji_fly_20260307_120056_0012_1772903202294_photo.JPG",
        "max_height_m": Infinity,
        "mean_height_m": Infinity,
        "crown_area_px": 1744,
        "bbox_w_px": 59,
        "bbox_h_px": 47
      }
    },
    {
      "type": "Feature",
      "geometry": {
        "type": "Point",
        "coordinates": [
          -76.3193592,
          40.104002
        ]
      },
      "properties": {
        "tree_id": "DINOV3_0179",
        "source_image": "dji_fly_20260307_120056_0012_1772903202294_photo.JPG",
        "max_height_m": Infinity,
        "mean_height_m": Infinity,
        "crown_area_px": 192,
        "bbox_w_px": 15,
        "bbox_h_px": 15
      }
    },
    {
      "type": "Feature",
      "geometry": {
        "type": "Point",
        "coordinates": [
          -76.3199494,
          40.103998
        ]
      },
      "properties": {
        "tree_id": "DINOV3_0180",
        "source_image": "dji_fly_20260307_120056_0012_1772903202294_photo.JPG",
        "max_height_m": Infinity,
        "mean_height_m": Infinity,
        "crown_area_px": 240,
        "bbox_w_px": 15,
        "bbox_h_px": 19
      }
    },
    {
      "type": "Feature",
      "geometry": {
        "type": "Point",
        "coordinates": [
          -76.3194213,
          40.1039949
        ]
      },
      "properties": {
        "tree_id": "DINOV3_0181",
        "source_image": "dji_fly_20260307_120056_0012_1772903202294_photo.JPG",
        "max_height_m": Infinity,
        "mean_height_m": Infinity,
        "crown_area_px": 224,
        "bbox_w_px": 23,
        "bbox_h_px": 19
      }
    },
    {
      "type": "Feature",
      "geometry": {
        "type": "Point",
        "coordinates": [
          -76.3193985,
          40.1039917
        ]
      },
      "properties": {
        "tree_id": "DINOV3_0182",
        "source_image": "dji_fly_20260307_120056_0012_1772903202294_photo.JPG",
        "max_height_m": Infinity,
        "mean_height_m": Infinity,
        "crown_area_px": 464,
        "bbox_w_px": 47,
        "bbox_h_px": 19
      }
    },
    {
      "type": "Feature",
      "geometry": {
        "type": "Point",
        "coordinates": [
          -76.3193085,
          40.103983
        ]
      },
      "properties": {
        "tree_id": "DINOV3_0183",
        "source_image": "dji_fly_20260307_120056_0012_1772903202294_photo.JPG",
        "max_height_m": Infinity,
        "mean_height_m": Infinity,
        "crown_area_px": 544,
        "bbox_w_px": 43,
        "bbox_h_px": 31
      }
    },
    {
      "type": "Feature",
      "geometry": {
        "type": "Point",
        "coordinates": [
          -76.3193934,
          40.1039814
        ]
      },
      "properties": {
        "tree_id": "DINOV3_0184",
        "source_image": "dji_fly_20260307_120056_0012_1772903202294_photo.JPG",
        "max_height_m": Infinity,
        "mean_height_m": Infinity,
        "crown_area_px": 304,
        "bbox_w_px": 27,
        "bbox_h_px": 15
      }
    },
    {
      "type": "Feature",
      "geometry": {
        "type": "Point",
        "coordinates": [
          -76.3199608,
          40.1039648
        ]
      },
      "properties": {
        "tree_id": "DINOV3_0185",
        "source_image": "dji_fly_20260307_120056_0012_1772903202294_photo.JPG",
        "max_height_m": Infinity,
        "mean_height_m": Infinity,
        "crown_area_px": 1312,
        "bbox_w_px": 59,
        "bbox_h_px": 51
      }
    },
    {
      "type": "Feature",
      "geometry": {
        "type": "Point",
        "coordinates": [
          -76.3212017,
          40.1039672
        ]
      },
      "properties": {
        "tree_id": "DINOV3_0186",
        "source_image": "dji_fly_20260307_120056_0012_1772903202294_photo.JPG",
        "max_height_m": Infinity,
        "mean_height_m": Infinity,
        "crown_area_px": 320,
        "bbox_w_px": 15,
        "bbox_h_px": 31
      }
    },
    {
      "type": "Feature",
      "geometry": {
        "type": "Point",
        "coordinates": [
          -76.3211831,
          40.103926
        ]
      },
      "properties": {
        "tree_id": "DINOV3_0187",
        "source_image": "dji_fly_20260307_120056_0012_1772903202294_photo.JPG",
        "max_height_m": Infinity,
        "mean_height_m": Infinity,
        "crown_area_px": 3648,
        "bbox_w_px": 87,
        "bbox_h_px": 103
      }
    },
    {
      "type": "Feature",
      "geometry": {
        "type": "Point",
        "coordinates": [
          -76.3200032,
          40.1039023
        ]
      },
      "properties": {
        "tree_id": "DINOV3_0188",
        "source_image": "dji_fly_20260307_120056_0012_1772903202294_photo.JPG",
        "max_height_m": Infinity,
        "mean_height_m": Infinity,
        "crown_area_px": 9056,
        "bbox_w_px": 215,
        "bbox_h_px": 135
      }
    },
    {
      "type": "Feature",
      "geometry": {
        "type": "Point",
        "coordinates": [
          -76.3194316,
          40.1039102
        ]
      },
      "properties": {
        "tree_id": "DINOV3_0189",
        "source_image": "dji_fly_20260307_120056_0012_1772903202294_photo.JPG",
        "max_height_m": Infinity,
        "mean_height_m": Infinity,
        "crown_area_px": 320,
        "bbox_w_px": 31,
        "bbox_h_px": 15
      }
    },
    {
      "type": "Feature",
      "geometry": {
        "type": "Point",
        "coordinates": [
          -76.3195951,
          40.1038967
        ]
      },
      "properties": {
        "tree_id": "DINOV3_0190",
        "source_image": "dji_fly_20260307_120056_0012_1772903202294_photo.JPG",
        "max_height_m": Infinity,
        "mean_height_m": Infinity,
        "crown_area_px": 112,
        "bbox_w_px": 15,
        "bbox_h_px": 11
      }
    },
    {
      "type": "Feature",
      "geometry": {
        "type": "Point",
        "coordinates": [
          -76.3205303,
          40.1038801
        ]
      },
      "properties": {
        "tree_id": "DINOV3_0191",
        "source_image": "dji_fly_20260307_120056_0012_1772903202294_photo.JPG",
        "max_height_m": Infinity,
        "mean_height_m": Infinity,
        "crown_area_px": 1264,
        "bbox_w_px": 115,
        "bbox_h_px": 23
      }
    },
    {
      "type": "Feature",
      "geometry": {
        "type": "Point",
        "coordinates": [
          -76.3201243,
          40.1038793
        ]
      },
      "properties": {
        "tree_id": "DINOV3_0192",
        "source_image": "dji_fly_20260307_120056_0012_1772903202294_photo.JPG",
        "max_height_m": Infinity,
        "mean_height_m": Infinity,
        "crown_area_px": 1136,
        "bbox_w_px": 123,
        "bbox_h_px": 19
      }
    },
    {
      "type": "Feature",
      "geometry": {
        "type": "Point",
        "coordinates": [
          -76.3211934,
          40.1038785
        ]
      },
      "properties": {
        "tree_id": "DINOV3_0193",
        "source_image": "dji_fly_20260307_120056_0012_1772903202294_photo.JPG",
        "max_height_m": Infinity,
        "mean_height_m": Infinity,
        "crown_area_px": 336,
        "bbox_w_px": 47,
        "bbox_h_px": 15
      }
    },
    {
      "type": "Feature",
      "geometry": {
        "type": "Point",
        "coordinates": [
          -76.3198636,
          40.1038785
        ]
      },
      "properties": {
        "tree_id": "DINOV3_0194",
        "source_image": "dji_fly_20260307_120056_0012_1772903202294_photo.JPG",
        "max_height_m": Infinity,
        "mean_height_m": Infinity,
        "crown_area_px": 1664,
        "bbox_w_px": 267,
        "bbox_h_px": 15
      }
    },
    {
      "type": "Feature",
      "geometry": {
        "type": "Point",
        "coordinates": [
          -76.3203994,
          40.1038777
        ]
      },
      "properties": {
        "tree_id": "DINOV3_0195",
        "source_image": "dji_fly_20260307_120056_0012_1772903202294_photo.JPG",
        "max_height_m": Infinity,
        "mean_height_m": Infinity,
        "crown_area_px": 2096,
        "bbox_w_px": 387,
        "bbox_h_px": 11
      }
    },
    {
      "type": "Feature",
      "geometry": {
        "type": "Point",
        "coordinates": [
          -76.3206545,
          40.103877
        ]
      },
      "properties": {
        "tree_id": "DINOV3_0196",
        "source_image": "dji_fly_20260307_120056_0012_1772903202294_photo.JPG",
        "max_height_m": Infinity,
        "mean_height_m": Infinity,
        "crown_area_px": 336,
        "bbox_w_px": 59,
        "bbox_h_px": 7
      }
    },
    {
      "type": "Feature",
      "geometry": {
        "type": "Point",
        "coordinates": [
          -76.3206141,
          40.103877
        ]
      },
      "properties": {
        "tree_id": "DINOV3_0197",
        "source_image": "dji_fly_20260307_120056_0012_1772903202294_photo.JPG",
        "max_height_m": Infinity,
        "mean_height_m": Infinity,
        "crown_area_px": 240,
        "bbox_w_px": 55,
        "bbox_h_px": 7
      }
    },
    {
      "type": "Feature",
      "geometry": {
        "type": "Point",
        "coordinates": [
          -76.3210672,
          40.1038762
        ]
      },
      "properties": {
        "tree_id": "DINOV3_0198",
        "source_image": "dji_fly_20260307_120056_0012_1772903202294_photo.JPG",
        "max_height_m": Infinity,
        "mean_height_m": Infinity,
        "crown_area_px": 160,
        "bbox_w_px": 39,
        "bbox_h_px": 3
      }
    },
    {
      "type": "Feature",
      "geometry": {
        "type": "Point",
        "coordinates": [
          -76.3206917,
          40.1038762
        ]
      },
      "properties": {
        "tree_id": "DINOV3_0199",
        "source_image": "dji_fly_20260307_120056_0012_1772903202294_photo.JPG",
        "max_height_m": Infinity,
        "mean_height_m": Infinity,
        "crown_area_px": 208,
        "bbox_w_px": 51,
        "bbox_h_px": 3
      }
    },
    {
      "type": "Feature",
      "geometry": {
        "type": "Point",
        "coordinates": [
          -76.3202277,
          40.1038762
        ]
      },
      "properties": {
        "tree_id": "DINOV3_0200",
        "source_image": "dji_fly_20260307_120056_0012_1772903202294_photo.JPG",
        "max_height_m": Infinity,
        "mean_height_m": Infinity,
        "crown_area_px": 144,
        "bbox_w_px": 35,
        "bbox_h_px": 3
      }
    },
    {
      "type": "Feature",
      "geometry": {
        "type": "Point",
        "coordinates": [
          -76.3201905,
          40.1038762
        ]
      },
      "properties": {
        "tree_id": "DINOV3_0201",
        "source_image": "dji_fly_20260307_120056_0012_1772903202294_photo.JPG",
        "max_height_m": Infinity,
        "mean_height_m": Infinity,
        "crown_area_px": 112,
        "bbox_w_px": 27,
        "bbox_h_px": 3
      }
    },
    {
      "type": "Feature",
      "geometry": {
        "type": "Point",
        "coordinates": [
          -76.3215209,
          40.1052638
        ]
      },
      "properties": {
        "tree_id": "DINOV3_0001",
        "source_image": "dji_fly_20260307_120112_0013_1772903202545_photo.JPG",
        "max_height_m": Infinity,
        "mean_height_m": Infinity,
        "crown_area_px": 6848,
        "bbox_w_px": 159,
        "bbox_h_px": 83
      }
    },
    {
      "type": "Feature",
      "geometry": {
        "type": "Point",
        "coordinates": [
          -76.3211615,
          40.1045775
        ]
      },
      "properties": {
        "tree_id": "DINOV3_0002",
        "source_image": "dji_fly_20260307_120112_0013_1772903202545_photo.JPG",
        "max_height_m": Infinity,
        "mean_height_m": Infinity,
        "crown_area_px": 574382,
        "bbox_w_px": 1364,
        "bbox_h_px": 3069
      }
    },
    {
      "type": "Feature",
      "geometry": {
        "type": "Point",
        "coordinates": [
          -76.3203411,
          40.1048303
        ]
      },
      "properties": {
        "tree_id": "DINOV3_0003",
        "source_image": "dji_fly_20260307_120112_0013_1772903202545_photo.JPG",
        "max_height_m": Infinity,
        "mean_height_m": Infinity,
        "crown_area_px": 1275225,
        "bbox_w_px": 1363,
        "bbox_h_px": 1968
      }
    },
    {
      "type": "Feature",
      "geometry": {
        "type": "Point",
        "coordinates": [
          -76.3195207,
          40.1052078
        ]
      },
      "properties": {
        "tree_id": "DINOV3_0004",
        "source_image": "dji_fly_20260307_120112_0013_1772903202545_photo.JPG",
        "max_height_m": Infinity,
        "mean_height_m": Infinity,
        "crown_area_px": 209760,
        "bbox_w_px": 1363,
        "bbox_h_px": 327
      }
    },
    {
      "type": "Feature",
      "geometry": {
        "type": "Point",
        "coordinates": [
          -76.3199721,
          40.1051737
        ]
      },
      "properties": {
        "tree_id": "DINOV3_0005",
        "source_image": "dji_fly_20260307_120112_0013_1772903202545_photo.JPG",
        "max_height_m": Infinity,
        "mean_height_m": Infinity,
        "crown_area_px": 21232,
        "bbox_w_px": 135,
        "bbox_h_px": 299
      }
    },
    {
      "type": "Feature",
      "geometry": {
        "type": "Point",
        "coordinates": [
          -76.3210389,
          40.104983
        ]
      },
      "properties": {
        "tree_id": "DINOV3_0006",
        "source_image": "dji_fly_20260307_120112_0013_1772903202545_photo.JPG",
        "max_height_m": Infinity,
        "mean_height_m": Infinity,
        "crown_area_px": 251504,
        "bbox_w_px": 955,
        "bbox_h_px": 1112
      }
    },
    {
      "type": "Feature",
      "geometry": {
        "type": "Point",
        "coordinates": [
          -76.3197263,
          40.1052261
        ]
      },
      "properties": {
        "tree_id": "DINOV3_0007",
        "source_image": "dji_fly_20260307_120112_0013_1772903202545_photo.JPG",
        "max_height_m": Infinity,
        "mean_height_m": Infinity,
        "crown_area_px": 976,
        "bbox_w_px": 63,
        "bbox_h_px": 31
      }
    },
    {
      "type": "Feature",
      "geometry": {
        "type": "Point",
        "coordinates": [
          -76.3214308,
          40.1052068
        ]
      },
      "properties": {
        "tree_id": "DINOV3_0008",
        "source_image": "dji_fly_20260307_120112_0013_1772903202545_photo.JPG",
        "max_height_m": 7.99,
        "mean_height_m": 2.81,
        "crown_area_px": 3760,
        "bbox_w_px": 73,
        "bbox_h_px": 81
      }
    },
    {
      "type": "Feature",
      "geometry": {
        "type": "Point",
        "coordinates": [
          -76.3215221,
          40.1052206
        ]
      },
      "properties": {
        "tree_id": "DINOV3_0009",
        "source_image": "dji_fly_20260307_120112_0013_1772903202545_photo.JPG",
        "max_height_m": 2.2,
        "mean_height_m": 1.48,
        "crown_area_px": 476,
        "bbox_w_px": 31,
        "bbox_h_px": 19
      }
    },
    {
      "type": "Feature",
      "geometry": {
        "type": "Point",
        "coordinates": [
          -76.3198261,
          40.1051691
        ]
      },
      "properties": {
        "tree_id": "DINOV3_0010",
        "source_image": "dji_fly_20260307_120112_0013_1772903202545_photo.JPG",
        "max_height_m": Infinity,
        "mean_height_m": Infinity,
        "crown_area_px": 33680,
        "bbox_w_px": 347,
        "bbox_h_px": 215
      }
    },
    {
      "type": "Feature",
      "geometry": {
        "type": "Point",
        "coordinates": [
          -76.3210401,
          40.1052114
        ]
      },
      "properties": {
        "tree_id": "DINOV3_0011",
        "source_image": "dji_fly_20260307_120112_0013_1772903202545_photo.JPG",
        "max_height_m": Infinity,
        "mean_height_m": Infinity,
        "crown_area_px": 304,
        "bbox_w_px": 23,
        "bbox_h_px": 15
      }
    },
    {
      "type": "Feature",
      "geometry": {
        "type": "Point",
        "coordinates": [
          -76.31976,
          40.105205
        ]
      },
      "properties": {
        "tree_id": "DINOV3_0012",
        "source_image": "dji_fly_20260307_120112_0013_1772903202545_photo.JPG",
        "max_height_m": Infinity,
        "mean_height_m": Infinity,
        "crown_area_px": 672,
        "bbox_w_px": 47,
        "bbox_h_px": 27
      }
    },
    {
      "type": "Feature",
      "geometry": {
        "type": "Point",
        "coordinates": [
          -76.3199937,
          40.1051949
        ]
      },
      "properties": {
        "tree_id": "DINOV3_0013",
        "source_image": "dji_fly_20260307_120112_0013_1772903202545_photo.JPG",
        "max_height_m": Infinity,
        "mean_height_m": Infinity,
        "crown_area_px": 3616,
        "bbox_w_px": 111,
        "bbox_h_px": 63
      }
    },
    {
      "type": "Feature",
      "geometry": {
        "type": "Point",
        "coordinates": [
          -76.321325,
          40.1051793
        ]
      },
      "properties": {
        "tree_id": "DINOV3_0014",
        "source_image": "dji_fly_20260307_120112_0013_1772903202545_photo.JPG",
        "max_height_m": Infinity,
        "mean_height_m": Infinity,
        "crown_area_px": 7008,
        "bbox_w_px": 131,
        "bbox_h_px": 99
      }
    },
    {
      "type": "Feature",
      "geometry": {
        "type": "Point",
        "coordinates": [
          -76.3206957,
          40.1051875
        ]
      },
      "properties": {
        "tree_id": "DINOV3_0015",
        "source_image": "dji_fly_20260307_120112_0013_1772903202545_photo.JPG",
        "max_height_m": Infinity,
        "mean_height_m": Infinity,
        "crown_area_px": 1280,
        "bbox_w_px": 47,
        "bbox_h_px": 31
      }
    },
    {
      "type": "Feature",
      "geometry": {
        "type": "Point",
        "coordinates": [
          -76.3205142,
          40.1051921
        ]
      },
      "properties": {
        "tree_id": "DINOV3_0016",
        "source_image": "dji_fly_20260307_120112_0013_1772903202545_photo.JPG",
        "max_height_m": Infinity,
        "mean_height_m": Infinity,
        "crown_area_px": 176,
        "bbox_w_px": 19,
        "bbox_h_px": 11
      }
    },
    {
      "type": "Feature",
      "geometry": {
        "type": "Point",
        "coordinates": [
          -76.319772,
          40.1051885
        ]
      },
      "properties": {
        "tree_id": "DINOV3_0017",
        "source_image": "dji_fly_20260307_120112_0013_1772903202545_photo.JPG",
        "max_height_m": Infinity,
        "mean_height_m": Infinity,
        "crown_area_px": 160,
        "bbox_w_px": 15,
        "bbox_h_px": 11
      }
    },
    {
      "type": "Feature",
      "geometry": {
        "type": "Point",
        "coordinates": [
          -76.3212637,
          40.1051701
        ]
      },
      "properties": {
        "tree_id": "DINOV3_0018",
        "source_image": "dji_fly_20260307_120112_0013_1772903202545_photo.JPG",
        "max_height_m": Infinity,
        "mean_height_m": Infinity,
        "crown_area_px": 1184,
        "bbox_w_px": 71,
        "bbox_h_px": 35
      }
    },
    {
      "type": "Feature",
      "geometry": {
        "type": "Point",
        "coordinates": [
          -76.3211146,
          40.1051701
        ]
      },
      "properties": {
        "tree_id": "DINOV3_0019",
        "source_image": "dji_fly_20260307_120112_0013_1772903202545_photo.JPG",
        "max_height_m": Infinity,
        "mean_height_m": Infinity,
        "crown_area_px": 1408,
        "bbox_w_px": 79,
        "bbox_h_px": 35
      }
    },
    {
      "type": "Feature",
      "geometry": {
        "type": "Point",
        "coordinates": [
          -76.3200983,
          40.105171
        ]
      },
      "properties": {
        "tree_id": "DINOV3_0020",
        "source_image": "dji_fly_20260307_120112_0013_1772903202545_photo.JPG",
        "max_height_m": Infinity,
        "mean_height_m": Infinity,
        "crown_area_px": 256,
        "bbox_w_px": 19,
        "bbox_h_px": 15
      }
    },
    {
      "type": "Feature",
      "geometry": {
        "type": "Point",
        "coordinates": [
          -76.3203063,
          40.1051535
        ]
      },
      "properties": {
        "tree_id": "DINOV3_0021",
        "source_image": "dji_fly_20260307_120112_0013_1772903202545_photo.JPG",
        "max_height_m": Infinity,
        "mean_height_m": Infinity,
        "crown_area_px": 912,
        "bbox_w_px": 55,
        "bbox_h_px": 35
      }
    },
    {
      "type": "Feature",
      "geometry": {
        "type": "Point",
        "coordinates": [
          -76.3201115,
          40.1051581
        ]
      },
      "properties": {
        "tree_id": "DINOV3_0022",
        "source_image": "dji_fly_20260307_120112_0013_1772903202545_photo.JPG",
        "max_height_m": Infinity,
        "mean_height_m": Infinity,
        "crown_area_px": 192,
        "bbox_w_px": 15,
        "bbox_h_px": 15
      }
    },
    {
      "type": "Feature",
      "geometry": {
        "type": "Point",
        "coordinates": [
          -76.3212481,
          40.1051471
        ]
      },
      "properties": {
        "tree_id": "DINOV3_0023",
        "source_image": "dji_fly_20260307_120112_0013_1772903202545_photo.JPG",
        "max_height_m": Infinity,
        "mean_height_m": Infinity,
        "crown_area_px": 784,
        "bbox_w_px": 59,
        "bbox_h_px": 39
      }
    },
    {
      "type": "Feature",
      "geometry": {
        "type": "Point",
        "coordinates": [
          -76.3202786,
          40.1051517
        ]
      },
      "properties": {
        "tree_id": "DINOV3_0024",
        "source_image": "dji_fly_20260307_120112_0013_1772903202545_photo.JPG",
        "max_height_m": Infinity,
        "mean_height_m": Infinity,
        "crown_area_px": 336,
        "bbox_w_px": 35,
        "bbox_h_px": 19
      }
    },
    {
      "type": "Feature",
      "geometry": {
        "type": "Point",
        "coordinates": [
          -76.3196578,
          40.1051452
        ]
      },
      "properties": {
        "tree_id": "DINOV3_0025",
        "source_image": "dji_fly_20260307_120112_0013_1772903202545_photo.JPG",
        "max_height_m": Infinity,
        "mean_height_m": Infinity,
        "crown_area_px": 240,
        "bbox_w_px": 19,
        "bbox_h_px": 15
      }
    },
    {
      "type": "Feature",
      "geometry": {
        "type": "Point",
        "coordinates": [
          -76.3191397,
          40.1051305
        ]
      },
      "properties": {
        "tree_id": "DINOV3_0026",
        "source_image": "dji_fly_20260307_120112_0013_1772903202545_photo.JPG",
        "max_height_m": Infinity,
        "mean_height_m": Infinity,
        "crown_area_px": 2528,
        "bbox_w_px": 95,
        "bbox_h_px": 47
      }
    },
    {
      "type": "Feature",
      "geometry": {
        "type": "Point",
        "coordinates": [
          -76.3211483,
          40.1051324
        ]
      },
      "properties": {
        "tree_id": "DINOV3_0027",
        "source_image": "dji_fly_20260307_120112_0013_1772903202545_photo.JPG",
        "max_height_m": Infinity,
        "mean_height_m": Infinity,
        "crown_area_px": 1008,
        "bbox_w_px": 79,
        "bbox_h_px": 31
      }
    },
    {
      "type": "Feature",
      "geometry": {
        "type": "Point",
        "coordinates": [
          -76.3209572,
          40.1051324
        ]
      },
      "properties": {
        "tree_id": "DINOV3_0028",
        "source_image": "dji_fly_20260307_120112_0013_1772903202545_photo.JPG",
        "max_height_m": Infinity,
        "mean_height_m": Infinity,
        "crown_area_px": 192,
        "bbox_w_px": 27,
        "bbox_h_px": 7
      }
    },
    {
      "type": "Feature",
      "geometry": {
        "type": "Point",
        "coordinates": [
          -76.3200154,
          40.1051314
        ]
      },
      "properties": {
        "tree_id": "DINOV3_0029",
        "source_image": "dji_fly_20260307_120112_0013_1772903202545_photo.JPG",
        "max_height_m": Infinity,
        "mean_height_m": Infinity,
        "crown_area_px": 288,
        "bbox_w_px": 31,
        "bbox_h_px": 11
      }
    },
    {
      "type": "Feature",
      "geometry": {
        "type": "Point",
        "coordinates": [
          -76.3192034,
          40.1051167
        ]
      },
      "properties": {
        "tree_id": "DINOV3_0030",
        "source_image": "dji_fly_20260307_120112_0013_1772903202545_photo.JPG",
        "max_height_m": Infinity,
        "mean_height_m": Infinity,
        "crown_area_px": 2256,
        "bbox_w_px": 107,
        "bbox_h_px": 59
      }
    },
    {
      "type": "Feature",
      "geometry": {
        "type": "Point",
        "coordinates": [
          -76.3197587,
          40.1051158
        ]
      },
      "properties": {
        "tree_id": "DINOV3_0031",
        "source_image": "dji_fly_20260307_120112_0013_1772903202545_photo.JPG",
        "max_height_m": Infinity,
        "mean_height_m": Infinity,
        "crown_area_px": 720,
        "bbox_w_px": 51,
        "bbox_h_px": 23
      }
    },
    {
      "type": "Feature",
      "geometry": {
        "type": "Point",
        "coordinates": [
          -76.3212457,
          40.1050947
        ]
      },
      "properties": {
        "tree_id": "DINOV3_0032",
        "source_image": "dji_fly_20260307_120112_0013_1772903202545_photo.JPG",
        "max_height_m": Infinity,
        "mean_height_m": Infinity,
        "crown_area_px": 4176,
        "bbox_w_px": 99,
        "bbox_h_px": 99
      }
    },
    {
      "type": "Feature",
      "geometry": {
        "type": "Point",
        "coordinates": [
          -76.3211687,
          40.1051011
        ]
      },
      "properties": {
        "tree_id": "DINOV3_0033",
        "source_image": "dji_fly_20260307_120112_0013_1772903202545_photo.JPG",
        "max_height_m": Infinity,
        "mean_height_m": Infinity,
        "crown_area_px": 3568,
        "bbox_w_px": 123,
        "bbox_h_px": 47
      }
    },
    {
      "type": "Feature",
      "geometry": {
        "type": "Point",
        "coordinates": [
          -76.3192683,
          40.1046952
        ]
      },
      "properties": {
        "tree_id": "DINOV3_0034",
        "source_image": "dji_fly_20260307_120112_0013_1772903202545_photo.JPG",
        "max_height_m": Infinity,
        "mean_height_m": Infinity,
        "crown_area_px": 230452,
        "bbox_w_px": 523,
        "bbox_h_px": 1757
      }
    },
    {
      "type": "Feature",
      "geometry": {
        "type": "Point",
        "coordinates": [
          -76.3210846,
          40.1050882
        ]
      },
      "properties": {
        "tree_id": "DINOV3_0035",
        "source_image": "dji_fly_20260307_120112_0013_1772903202545_photo.JPG",
        "max_height_m": Infinity,
        "mean_height_m": Infinity,
        "crown_area_px": 576,
        "bbox_w_px": 35,
        "bbox_h_px": 23
      }
    },
    {
      "type": "Feature",
      "geometry": {
        "type": "Point",
        "coordinates": [
          -76.3205791,
          40.1050873
        ]
      },
      "properties": {
        "tree_id": "DINOV3_0036",
        "source_image": "dji_fly_20260307_120112_0013_1772903202545_photo.JPG",
        "max_height_m": Infinity,
        "mean_height_m": Infinity,
        "crown_area_px": 128,
        "bbox_w_px": 11,
        "bbox_h_px": 11
      }
    },
    {
      "type": "Feature",
      "geometry": {
        "type": "Point",
        "coordinates": [
          -76.3210822,
          40.1050744
        ]
      },
      "properties": {
        "tree_id": "DINOV3_0037",
        "source_image": "dji_fly_20260307_120112_0013_1772903202545_photo.JPG",
        "max_height_m": Infinity,
        "mean_height_m": Infinity,
        "crown_area_px": 208,
        "bbox_w_px": 27,
        "bbox_h_px": 11
      }
    },
    {
      "type": "Feature",
      "geometry": {
        "type": "Point",
        "coordinates": [
          -76.3212493,
          40.1050662
        ]
      },
      "properties": {
        "tree_id": "DINOV3_0038",
        "source_image": "dji_fly_20260307_120112_0013_1772903202545_photo.JPG",
        "max_height_m": Infinity,
        "mean_height_m": Infinity,
        "crown_area_px": 400,
        "bbox_w_px": 39,
        "bbox_h_px": 15
      }
    },
    {
      "type": "Feature",
      "geometry": {
        "type": "Point",
        "coordinates": [
          -76.3212156,
          40.1050634
        ]
      },
      "properties": {
        "tree_id": "DINOV3_0039",
        "source_image": "dji_fly_20260307_120112_0013_1772903202545_photo.JPG",
        "max_height_m": Infinity,
        "mean_height_m": Infinity,
        "crown_area_px": 352,
        "bbox_w_px": 47,
        "bbox_h_px": 11
      }
    },
    {
      "type": "Feature",
      "geometry": {
        "type": "Point",
        "coordinates": [
          -76.3193813,
          40.1050193
        ]
      },
      "properties": {
        "tree_id": "DINOV3_0040",
        "source_image": "dji_fly_20260307_120112_0013_1772903202545_photo.JPG",
        "max_height_m": Infinity,
        "mean_height_m": Infinity,
        "crown_area_px": 12880,
        "bbox_w_px": 123,
        "bbox_h_px": 187
      }
    },
    {
      "type": "Feature",
      "geometry": {
        "type": "Point",
        "coordinates": [
          -76.3197467,
          40.1048763
        ]
      },
      "properties": {
        "tree_id": "DINOV3_0041",
        "source_image": "dji_fly_20260307_120112_0013_1772903202545_photo.JPG",
        "max_height_m": Infinity,
        "mean_height_m": Infinity,
        "crown_area_px": 278364,
        "bbox_w_px": 611,
        "bbox_h_px": 760
      }
    },
    {
      "type": "Feature",
      "geometry": {
        "type": "Point",
        "coordinates": [
          -76.3206164,
          40.1050487
        ]
      },
      "properties": {
        "tree_id": "DINOV3_0042",
        "source_image": "dji_fly_20260307_120112_0013_1772903202545_photo.JPG",
        "max_height_m": 1.02,
        "mean_height_m": 1.01,
        "crown_area_px": 120,
        "bbox_w_px": 16,
        "bbox_h_px": 8
      }
    },
    {
      "type": "Feature",
      "geometry": {
        "type": "Point",
        "coordinates": [
          -76.319683,
          40.1050322
        ]
      },
      "properties": {
        "tree_id": "DINOV3_0043",
        "source_image": "dji_fly_20260307_120112_0013_1772903202545_photo.JPG",
        "max_height_m": Infinity,
        "mean_height_m": Infinity,
        "crown_area_px": 2016,
        "bbox_w_px": 55,
        "bbox_h_px": 51
      }
    },
    {
      "type": "Feature",
      "geometry": {
        "type": "Point",
        "coordinates": [
          -76.3205371,
          40.1050037
        ]
      },
      "properties": {
        "tree_id": "DINOV3_0044",
        "source_image": "dji_fly_20260307_120112_0013_1772903202545_photo.JPG",
        "max_height_m": Infinity,
        "mean_height_m": Infinity,
        "crown_area_px": 128,
        "bbox_w_px": 15,
        "bbox_h_px": 7
      }
    },
    {
      "type": "Feature",
      "geometry": {
        "type": "Point",
        "coordinates": [
          -76.3205972,
          40.1049954
        ]
      },
      "properties": {
        "tree_id": "DINOV3_0045",
        "source_image": "dji_fly_20260307_120112_0013_1772903202545_photo.JPG",
        "max_height_m": 1.02,
        "mean_height_m": 1.01,
        "crown_area_px": 127,
        "bbox_w_px": 12,
        "bbox_h_px": 12
      }
    },
    {
      "type": "Feature",
      "geometry": {
        "type": "Point",
        "coordinates": [
          -76.3206428,
          40.1049512
        ]
      },
      "properties": {
        "tree_id": "DINOV3_0046",
        "source_image": "dji_fly_20260307_120112_0013_1772903202545_photo.JPG",
        "max_height_m": Infinity,
        "mean_height_m": Infinity,
        "crown_area_px": 192,
        "bbox_w_px": 15,
        "bbox_h_px": 11
      }
    },
    {
      "type": "Feature",
      "geometry": {
        "type": "Point",
        "coordinates": [
          -76.3192791,
          40.1049365
        ]
      },
      "properties": {
        "tree_id": "DINOV3_0047",
        "source_image": "dji_fly_20260307_120112_0013_1772903202545_photo.JPG",
        "max_height_m": Infinity,
        "mean_height_m": Infinity,
        "crown_area_px": 144,
        "bbox_w_px": 15,
        "bbox_h_px": 11
      }
    },
    {
      "type": "Feature",
      "geometry": {
        "type": "Point",
        "coordinates": [
          -76.3201728,
          40.1049007
        ]
      },
      "properties": {
        "tree_id": "DINOV3_0048",
        "source_image": "dji_fly_20260307_120112_0013_1772903202545_photo.JPG",
        "max_height_m": Infinity,
        "mean_height_m": Infinity,
        "crown_area_px": 112,
        "bbox_w_px": 19,
        "bbox_h_px": 7
      }
    },
    {
      "type": "Feature",
      "geometry": {
        "type": "Point",
        "coordinates": [
          -76.3215702,
          40.1048768
        ]
      },
      "properties": {
        "tree_id": "DINOV3_0049",
        "source_image": "dji_fly_20260307_120112_0013_1772903202545_photo.JPG",
        "max_height_m": Infinity,
        "mean_height_m": Infinity,
        "crown_area_px": 256,
        "bbox_w_px": 3,
        "bbox_h_px": 63
      }
    },
    {
      "type": "Feature",
      "geometry": {
        "type": "Point",
        "coordinates": [
          -76.3212012,
          40.1048832
        ]
      },
      "properties": {
        "tree_id": "DINOV3_0050",
        "source_image": "dji_fly_20260307_120112_0013_1772903202545_photo.JPG",
        "max_height_m": Infinity,
        "mean_height_m": Infinity,
        "crown_area_px": 144,
        "bbox_w_px": 15,
        "bbox_h_px": 11
      }
    },
    {
      "type": "Feature",
      "geometry": {
        "type": "Point",
        "coordinates": [
          -76.3192323,
          40.1048722
        ]
      },
      "properties": {
        "tree_id": "DINOV3_0051",
        "source_image": "dji_fly_20260307_120112_0013_1772903202545_photo.JPG",
        "max_height_m": Infinity,
        "mean_height_m": Infinity,
        "crown_area_px": 160,
        "bbox_w_px": 19,
        "bbox_h_px": 11
      }
    },
    {
      "type": "Feature",
      "geometry": {
        "type": "Point",
        "coordinates": [
          -76.319207,
          40.1048584
        ]
      },
      "properties": {
        "tree_id": "DINOV3_0052",
        "source_image": "dji_fly_20260307_120112_0013_1772903202545_photo.JPG",
        "max_height_m": Infinity,
        "mean_height_m": Infinity,
        "crown_area_px": 800,
        "bbox_w_px": 47,
        "bbox_h_px": 23
      }
    },
    {
      "type": "Feature",
      "geometry": {
        "type": "Point",
        "coordinates": [
          -76.3208442,
          40.1048556
        ]
      },
      "properties": {
        "tree_id": "DINOV3_0053",
        "source_image": "dji_fly_20260307_120112_0013_1772903202545_photo.JPG",
        "max_height_m": Infinity,
        "mean_height_m": Infinity,
        "crown_area_px": 464,
        "bbox_w_px": 51,
        "bbox_h_px": 27
      }
    },
    {
      "type": "Feature",
      "geometry": {
        "type": "Point",
        "coordinates": [
          -76.3208093,
          40.1048538
        ]
      },
      "properties": {
        "tree_id": "DINOV3_0054",
        "source_image": "dji_fly_20260307_120112_0013_1772903202545_photo.JPG",
        "max_height_m": Infinity,
        "mean_height_m": Infinity,
        "crown_area_px": 240,
        "bbox_w_px": 23,
        "bbox_h_px": 11
      }
    },
    {
      "type": "Feature",
      "geometry": {
        "type": "Point",
        "coordinates": [
          -76.3210461,
          40.1048483
        ]
      },
      "properties": {
        "tree_id": "DINOV3_0055",
        "source_image": "dji_fly_20260307_120112_0013_1772903202545_photo.JPG",
        "max_height_m": Infinity,
        "mean_height_m": Infinity,
        "crown_area_px": 176,
        "bbox_w_px": 19,
        "bbox_h_px": 11
      }
    },
    {
      "type": "Feature",
      "geometry": {
        "type": "Point",
        "coordinates": [
          -76.319302,
          40.104828
        ]
      },
      "properties": {
        "tree_id": "DINOV3_0056",
        "source_image": "dji_fly_20260307_120112_0013_1772903202545_photo.JPG",
        "max_height_m": 8.99,
        "mean_height_m": 4.06,
        "crown_area_px": 2064,
        "bbox_w_px": 52,
        "bbox_h_px": 49
      }
    },
    {
      "type": "Feature",
      "geometry": {
        "type": "Point",
        "coordinates": [
          -76.3210545,
          40.104828
        ]
      },
      "properties": {
        "tree_id": "DINOV3_0057",
        "source_image": "dji_fly_20260307_120112_0013_1772903202545_photo.JPG",
        "max_height_m": Infinity,
        "mean_height_m": Infinity,
        "crown_area_px": 320,
        "bbox_w_px": 23,
        "bbox_h_px": 19
      }
    },
    {
      "type": "Feature",
      "geometry": {
        "type": "Point",
        "coordinates": [
          -76.3210786,
          40.104828
        ]
      },
      "properties": {
        "tree_id": "DINOV3_0058",
        "source_image": "dji_fly_20260307_120112_0013_1772903202545_photo.JPG",
        "max_height_m": Infinity,
        "mean_height_m": Infinity,
        "crown_area_px": 160,
        "bbox_w_px": 15,
        "bbox_h_px": 11
      }
    },
    {
      "type": "Feature",
      "geometry": {
        "type": "Point",
        "coordinates": [
          -76.3210089,
          40.1048225
        ]
      },
      "properties": {
        "tree_id": "DINOV3_0059",
        "source_image": "dji_fly_20260307_120112_0013_1772903202545_photo.JPG",
        "max_height_m": Infinity,
        "mean_height_m": Infinity,
        "crown_area_px": 208,
        "bbox_w_px": 15,
        "bbox_h_px": 19
      }
    },
    {
      "type": "Feature",
      "geometry": {
        "type": "Point",
        "coordinates": [
          -76.3202702,
          40.104811
        ]
      },
      "properties": {
        "tree_id": "DINOV3_0060",
        "source_image": "dji_fly_20260307_120112_0013_1772903202545_photo.JPG",
        "max_height_m": Infinity,
        "mean_height_m": Infinity,
        "crown_area_px": 672,
        "bbox_w_px": 39,
        "bbox_h_px": 36
      }
    },
    {
      "type": "Feature",
      "geometry": {
        "type": "Point",
        "coordinates": [
          -76.3214332,
          40.1048106
        ]
      },
      "properties": {
        "tree_id": "DINOV3_0061",
        "source_image": "dji_fly_20260307_120112_0013_1772903202545_photo.JPG",
        "max_height_m": 1.33,
        "mean_height_m": 1.17,
        "crown_area_px": 338,
        "bbox_w_px": 14,
        "bbox_h_px": 31
      }
    },
    {
      "type": "Feature",
      "geometry": {
        "type": "Point",
        "coordinates": [
          -76.3210762,
          40.1048092
        ]
      },
      "properties": {
        "tree_id": "DINOV3_0062",
        "source_image": "dji_fly_20260307_120112_0013_1772903202545_photo.JPG",
        "max_height_m": Infinity,
        "mean_height_m": Infinity,
        "crown_area_px": 248,
        "bbox_w_px": 23,
        "bbox_h_px": 20
      }
    },
    {
      "type": "Feature",
      "geometry": {
        "type": "Point",
        "coordinates": [
          -76.3211375,
          40.1047936
        ]
      },
      "properties": {
        "tree_id": "DINOV3_0063",
        "source_image": "dji_fly_20260307_120112_0013_1772903202545_photo.JPG",
        "max_height_m": Infinity,
        "mean_height_m": Infinity,
        "crown_area_px": 960,
        "bbox_w_px": 35,
        "bbox_h_px": 39
      }
    },
    {
      "type": "Feature",
      "geometry": {
        "type": "Point",
        "coordinates": [
          -76.3208201,
          40.1047982
        ]
      },
      "properties": {
        "tree_id": "DINOV3_0064",
        "source_image": "dji_fly_20260307_120112_0013_1772903202545_photo.JPG",
        "max_height_m": Infinity,
        "mean_height_m": Infinity,
        "crown_area_px": 144,
        "bbox_w_px": 19,
        "bbox_h_px": 11
      }
    },
    {
      "type": "Feature",
      "geometry": {
        "type": "Point",
        "coordinates": [
          -76.3191698,
          40.1047835
        ]
      },
      "properties": {
        "tree_id": "DINOV3_0065",
        "source_image": "dji_fly_20260307_120112_0013_1772903202545_photo.JPG",
        "max_height_m": Infinity,
        "mean_height_m": Infinity,
        "crown_area_px": 112,
        "bbox_w_px": 11,
        "bbox_h_px": 11
      }
    },
    {
      "type": "Feature",
      "geometry": {
        "type": "Point",
        "coordinates": [
          -76.3202834,
          40.1047439
        ]
      },
      "properties": {
        "tree_id": "DINOV3_0066",
        "source_image": "dji_fly_20260307_120112_0013_1772903202545_photo.JPG",
        "max_height_m": Infinity,
        "mean_height_m": Infinity,
        "crown_area_px": 11248,
        "bbox_w_px": 227,
        "bbox_h_px": 167
      }
    },
    {
      "type": "Feature",
      "geometry": {
        "type": "Point",
        "coordinates": [
          -76.3211555,
          40.1047632
        ]
      },
      "properties": {
        "tree_id": "DINOV3_0067",
        "source_image": "dji_fly_20260307_120112_0013_1772903202545_photo.JPG",
        "max_height_m": Infinity,
        "mean_height_m": Infinity,
        "crown_area_px": 2880,
        "bbox_w_px": 95,
        "bbox_h_px": 59
      }
    },
    {
      "type": "Feature",
      "geometry": {
        "type": "Point",
        "coordinates": [
          -76.3206092,
          40.1047678
        ]
      },
      "properties": {
        "tree_id": "DINOV3_0068",
        "source_image": "dji_fly_20260307_120112_0013_1772903202545_photo.JPG",
        "max_height_m": Infinity,
        "mean_height_m": Infinity,
        "crown_area_px": 192,
        "bbox_w_px": 23,
        "bbox_h_px": 15
      }
    },
    {
      "type": "Feature",
      "geometry": {
        "type": "Point",
        "coordinates": [
          -76.3195376,
          40.1047375
        ]
      },
      "properties": {
        "tree_id": "DINOV3_0069",
        "source_image": "dji_fly_20260307_120112_0013_1772903202545_photo.JPG",
        "max_height_m": Infinity,
        "mean_height_m": Infinity,
        "crown_area_px": 7552,
        "bbox_w_px": 123,
        "bbox_h_px": 139
      }
    },
    {
      "type": "Feature",
      "geometry": {
        "type": "Point",
        "coordinates": [
          -76.3204349,
          40.1047559
        ]
      },
      "properties": {
        "tree_id": "DINOV3_0070",
        "source_image": "dji_fly_20260307_120112_0013_1772903202545_photo.JPG",
        "max_height_m": Infinity,
        "mean_height_m": Infinity,
        "crown_area_px": 1120,
        "bbox_w_px": 59,
        "bbox_h_px": 27
      }
    },
    {
      "type": "Feature",
      "geometry": {
        "type": "Point",
        "coordinates": [
          -76.3211158,
          40.104754
        ]
      },
      "properties": {
        "tree_id": "DINOV3_0071",
        "source_image": "dji_fly_20260307_120112_0013_1772903202545_photo.JPG",
        "max_height_m": Infinity,
        "mean_height_m": Infinity,
        "crown_area_px": 256,
        "bbox_w_px": 27,
        "bbox_h_px": 19
      }
    },
    {
      "type": "Feature",
      "geometry": {
        "type": "Point",
        "coordinates": [
          -76.320998,
          40.1047393
        ]
      },
      "properties": {
        "tree_id": "DINOV3_0072",
        "source_image": "dji_fly_20260307_120112_0013_1772903202545_photo.JPG",
        "max_height_m": Infinity,
        "mean_height_m": Infinity,
        "crown_area_px": 176,
        "bbox_w_px": 19,
        "bbox_h_px": 11
      }
    },
    {
      "type": "Feature",
      "geometry": {
        "type": "Point",
        "coordinates": [
          -76.3203892,
          40.1047347
        ]
      },
      "properties": {
        "tree_id": "DINOV3_0073",
        "source_image": "dji_fly_20260307_120112_0013_1772903202545_photo.JPG",
        "max_height_m": Infinity,
        "mean_height_m": Infinity,
        "crown_area_px": 224,
        "bbox_w_px": 19,
        "bbox_h_px": 15
      }
    },
    {
      "type": "Feature",
      "geometry": {
        "type": "Point",
        "coordinates": [
          -76.3211038,
          40.1047347
        ]
      },
      "properties": {
        "tree_id": "DINOV3_0074",
        "source_image": "dji_fly_20260307_120112_0013_1772903202545_photo.JPG",
        "max_height_m": Infinity,
        "mean_height_m": Infinity,
        "crown_area_px": 160,
        "bbox_w_px": 27,
        "bbox_h_px": 7
      }
    },
    {
      "type": "Feature",
      "geometry": {
        "type": "Point",
        "coordinates": [
          -76.3210665,
          40.1047274
        ]
      },
      "properties": {
        "tree_id": "DINOV3_0075",
        "source_image": "dji_fly_20260307_120112_0013_1772903202545_photo.JPG",
        "max_height_m": Infinity,
        "mean_height_m": Infinity,
        "crown_area_px": 800,
        "bbox_w_px": 39,
        "bbox_h_px": 39
      }
    },
    {
      "type": "Feature",
      "geometry": {
        "type": "Point",
        "coordinates": [
          -76.3210954,
          40.1047182
        ]
      },
      "properties": {
        "tree_id": "DINOV3_0076",
        "source_image": "dji_fly_20260307_120112_0013_1772903202545_photo.JPG",
        "max_height_m": Infinity,
        "mean_height_m": Infinity,
        "crown_area_px": 112,
        "bbox_w_px": 15,
        "bbox_h_px": 7
      }
    },
    {
      "type": "Feature",
      "geometry": {
        "type": "Point",
        "coordinates": [
          -76.3207624,
          40.1046796
        ]
      },
      "properties": {
        "tree_id": "DINOV3_0077",
        "source_image": "dji_fly_20260307_120112_0013_1772903202545_photo.JPG",
        "max_height_m": Infinity,
        "mean_height_m": Infinity,
        "crown_area_px": 2896,
        "bbox_w_px": 35,
        "bbox_h_px": 175
      }
    },
    {
      "type": "Feature",
      "geometry": {
        "type": "Point",
        "coordinates": [
          -76.3193441,
          40.1047154
        ]
      },
      "properties": {
        "tree_id": "DINOV3_0078",
        "source_image": "dji_fly_20260307_120112_0013_1772903202545_photo.JPG",
        "max_height_m": Infinity,
        "mean_height_m": Infinity,
        "crown_area_px": 144,
        "bbox_w_px": 15,
        "bbox_h_px": 11
      }
    },
    {
      "type": "Feature",
      "geometry": {
        "type": "Point",
        "coordinates": [
          -76.3214614,
          40.104697
        ]
      },
      "properties": {
        "tree_id": "DINOV3_0079",
        "source_image": "dji_fly_20260307_120112_0013_1772903202545_photo.JPG",
        "max_height_m": 4.97,
        "mean_height_m": 2.65,
        "crown_area_px": 3029,
        "bbox_w_px": 73,
        "bbox_h_px": 62
      }
    },
    {
      "type": "Feature",
      "geometry": {
        "type": "Point",
        "coordinates": [
          -76.3201909,
          40.1047071
        ]
      },
      "properties": {
        "tree_id": "DINOV3_0080",
        "source_image": "dji_fly_20260307_120112_0013_1772903202545_photo.JPG",
        "max_height_m": Infinity,
        "mean_height_m": Infinity,
        "crown_area_px": 496,
        "bbox_w_px": 39,
        "bbox_h_px": 15
      }
    },
    {
      "type": "Feature",
      "geometry": {
        "type": "Point",
        "coordinates": [
          -76.3192719,
          40.1046759
        ]
      },
      "properties": {
        "tree_id": "DINOV3_0081",
        "source_image": "dji_fly_20260307_120112_0013_1772903202545_photo.JPG",
        "max_height_m": Infinity,
        "mean_height_m": Infinity,
        "crown_area_px": 5104,
        "bbox_w_px": 103,
        "bbox_h_px": 103
      }
    },
    {
      "type": "Feature",
      "geometry": {
        "type": "Point",
        "coordinates": [
          -76.3193453,
          40.1046814
        ]
      },
      "properties": {
        "tree_id": "DINOV3_0082",
        "source_image": "dji_fly_20260307_120112_0013_1772903202545_photo.JPG",
        "max_height_m": Infinity,
        "mean_height_m": Infinity,
        "crown_area_px": 1664,
        "bbox_w_px": 59,
        "bbox_h_px": 71
      }
    },
    {
      "type": "Feature",
      "geometry": {
        "type": "Point",
        "coordinates": [
          -76.3203123,
          40.1046906
        ]
      },
      "properties": {
        "tree_id": "DINOV3_0083",
        "source_image": "dji_fly_20260307_120112_0013_1772903202545_photo.JPG",
        "max_height_m": Infinity,
        "mean_height_m": Infinity,
        "crown_area_px": 256,
        "bbox_w_px": 19,
        "bbox_h_px": 23
      }
    },
    {
      "type": "Feature",
      "geometry": {
        "type": "Point",
        "coordinates": [
          -76.3197119,
          40.1046878
        ]
      },
      "properties": {
        "tree_id": "DINOV3_0084",
        "source_image": "dji_fly_20260307_120112_0013_1772903202545_photo.JPG",
        "max_height_m": Infinity,
        "mean_height_m": Infinity,
        "crown_area_px": 224,
        "bbox_w_px": 23,
        "bbox_h_px": 11
      }
    },
    {
      "type": "Feature",
      "geometry": {
        "type": "Point",
        "coordinates": [
          -76.3196181,
          40.1046851
        ]
      },
      "properties": {
        "tree_id": "DINOV3_0085",
        "source_image": "dji_fly_20260307_120112_0013_1772903202545_photo.JPG",
        "max_height_m": Infinity,
        "mean_height_m": Infinity,
        "crown_area_px": 432,
        "bbox_w_px": 31,
        "bbox_h_px": 15
      }
    },
    {
      "type": "Feature",
      "geometry": {
        "type": "Point",
        "coordinates": [
          -76.3202774,
          40.1046823
        ]
      },
      "properties": {
        "tree_id": "DINOV3_0086",
        "source_image": "dji_fly_20260307_120112_0013_1772903202545_photo.JPG",
        "max_height_m": Infinity,
        "mean_height_m": Infinity,
        "crown_area_px": 192,
        "bbox_w_px": 23,
        "bbox_h_px": 11
      }
    },
    {
      "type": "Feature",
      "geometry": {
        "type": "Point",
        "coordinates": [
          -76.3196518,
          40.1046492
        ]
      },
      "properties": {
        "tree_id": "DINOV3_0087",
        "source_image": "dji_fly_20260307_120112_0013_1772903202545_photo.JPG",
        "max_height_m": Infinity,
        "mean_height_m": Infinity,
        "crown_area_px": 11312,
        "bbox_w_px": 207,
        "bbox_h_px": 115
      }
    },
    {
      "type": "Feature",
      "geometry": {
        "type": "Point",
        "coordinates": [
          -76.3200935,
          40.1046547
        ]
      },
      "properties": {
        "tree_id": "DINOV3_0088",
        "source_image": "dji_fly_20260307_120112_0013_1772903202545_photo.JPG",
        "max_height_m": Infinity,
        "mean_height_m": Infinity,
        "crown_area_px": 2336,
        "bbox_w_px": 75,
        "bbox_h_px": 75
      }
    },
    {
      "type": "Feature",
      "geometry": {
        "type": "Point",
        "coordinates": [
          -76.3194859,
          40.1046474
        ]
      },
      "properties": {
        "tree_id": "DINOV3_0089",
        "source_image": "dji_fly_20260307_120112_0013_1772903202545_photo.JPG",
        "max_height_m": Infinity,
        "mean_height_m": Infinity,
        "crown_area_px": 7392,
        "bbox_w_px": 143,
        "bbox_h_px": 107
      }
    },
    {
      "type": "Feature",
      "geometry": {
        "type": "Point",
        "coordinates": [
          -76.3204072,
          40.104663
        ]
      },
      "properties": {
        "tree_id": "DINOV3_0090",
        "source_image": "dji_fly_20260307_120112_0013_1772903202545_photo.JPG",
        "max_height_m": Infinity,
        "mean_height_m": Infinity,
        "crown_area_px": 176,
        "bbox_w_px": 15,
        "bbox_h_px": 15
      }
    },
    {
      "type": "Feature",
      "geometry": {
        "type": "Point",
        "coordinates": [
          -76.319903,
          40.1046207
        ]
      },
      "properties": {
        "tree_id": "DINOV3_0091",
        "source_image": "dji_fly_20260307_120112_0013_1772903202545_photo.JPG",
        "max_height_m": Infinity,
        "mean_height_m": Infinity,
        "crown_area_px": 3792,
        "bbox_w_px": 91,
        "bbox_h_px": 103
      }
    },
    {
      "type": "Feature",
      "geometry": {
        "type": "Point",
        "coordinates": [
          -76.3210016,
          40.1046391
        ]
      },
      "properties": {
        "tree_id": "DINOV3_0092",
        "source_image": "dji_fly_20260307_120112_0013_1772903202545_photo.JPG",
        "max_height_m": Infinity,
        "mean_height_m": Infinity,
        "crown_area_px": 176,
        "bbox_w_px": 15,
        "bbox_h_px": 15
      }
    },
    {
      "type": "Feature",
      "geometry": {
        "type": "Point",
        "coordinates": [
          -76.3197756,
          40.1046207
        ]
      },
      "properties": {
        "tree_id": "DINOV3_0093",
        "source_image": "dji_fly_20260307_120112_0013_1772903202545_photo.JPG",
        "max_height_m": Infinity,
        "mean_height_m": Infinity,
        "crown_area_px": 7440,
        "bbox_w_px": 123,
        "bbox_h_px": 95
      }
    },
    {
      "type": "Feature",
      "geometry": {
        "type": "Point",
        "coordinates": [
          -76.3199186,
          40.1046373
        ]
      },
      "properties": {
        "tree_id": "DINOV3_0094",
        "source_image": "dji_fly_20260307_120112_0013_1772903202545_photo.JPG",
        "max_height_m": Infinity,
        "mean_height_m": Infinity,
        "crown_area_px": 208,
        "bbox_w_px": 15,
        "bbox_h_px": 15
      }
    },
    {
      "type": "Feature",
      "geometry": {
        "type": "Point",
        "coordinates": [
          -76.3199721,
          40.1046354
        ]
      },
      "properties": {
        "tree_id": "DINOV3_0095",
        "source_image": "dji_fly_20260307_120112_0013_1772903202545_photo.JPG",
        "max_height_m": Infinity,
        "mean_height_m": Infinity,
        "crown_area_px": 416,
        "bbox_w_px": 39,
        "bbox_h_px": 15
      }
    },
    {
      "type": "Feature",
      "geometry": {
        "type": "Point",
        "coordinates": [
          -76.3194739,
          40.1046354
        ]
      },
      "properties": {
        "tree_id": "DINOV3_0096",
        "source_image": "dji_fly_20260307_120112_0013_1772903202545_photo.JPG",
        "max_height_m": Infinity,
        "mean_height_m": Infinity,
        "crown_area_px": 224,
        "bbox_w_px": 23,
        "bbox_h_px": 15
      }
    },
    {
      "type": "Feature",
      "geometry": {
        "type": "Point",
        "coordinates": [
          -76.3207684,
          40.104618
        ]
      },
      "properties": {
        "tree_id": "DINOV3_0097",
        "source_image": "dji_fly_20260307_120112_0013_1772903202545_photo.JPG",
        "max_height_m": Infinity,
        "mean_height_m": Infinity,
        "crown_area_px": 2640,
        "bbox_w_px": 55,
        "bbox_h_px": 83
      }
    },
    {
      "type": "Feature",
      "geometry": {
        "type": "Point",
        "coordinates": [
          -76.3195496,
          40.1046354
        ]
      },
      "properties": {
        "tree_id": "DINOV3_0098",
        "source_image": "dji_fly_20260307_120112_0013_1772903202545_photo.JPG",
        "max_height_m": Infinity,
        "mean_height_m": Infinity,
        "crown_area_px": 160,
        "bbox_w_px": 27,
        "bbox_h_px": 7
      }
    },
    {
      "type": "Feature",
      "geometry": {
        "type": "Point",
        "coordinates": [
          -76.3214151,
          40.1046318
        ]
      },
      "properties": {
        "tree_id": "DINOV3_0099",
        "source_image": "dji_fly_20260307_120112_0013_1772903202545_photo.JPG",
        "max_height_m": Infinity,
        "mean_height_m": Infinity,
        "crown_area_px": 112,
        "bbox_w_px": 15,
        "bbox_h_px": 7
      }
    },
    {
      "type": "Feature",
      "geometry": {
        "type": "Point",
        "coordinates": [
          -76.3200623,
          40.1046299
        ]
      },
      "properties": {
        "tree_id": "DINOV3_0100",
        "source_image": "dji_fly_20260307_120112_0013_1772903202545_photo.JPG",
        "max_height_m": Infinity,
        "mean_height_m": Infinity,
        "crown_area_px": 240,
        "bbox_w_px": 19,
        "bbox_h_px": 15
      }
    },
    {
      "type": "Feature",
      "geometry": {
        "type": "Point",
        "coordinates": [
          -76.3194486,
          40.1046281
        ]
      },
      "properties": {
        "tree_id": "DINOV3_0101",
        "source_image": "dji_fly_20260307_120112_0013_1772903202545_photo.JPG",
        "max_height_m": Infinity,
        "mean_height_m": Infinity,
        "crown_area_px": 224,
        "bbox_w_px": 19,
        "bbox_h_px": 15
      }
    },
    {
      "type": "Feature",
      "geometry": {
        "type": "Point",
        "coordinates": [
          -76.3212288,
          40.1046198
        ]
      },
      "properties": {
        "tree_id": "DINOV3_0102",
        "source_image": "dji_fly_20260307_120112_0013_1772903202545_photo.JPG",
        "max_height_m": Infinity,
        "mean_height_m": Infinity,
        "crown_area_px": 256,
        "bbox_w_px": 27,
        "bbox_h_px": 11
      }
    },
    {
      "type": "Feature",
      "geometry": {
        "type": "Point",
        "coordinates": [
          -76.3199385,
          40.1046088
        ]
      },
      "properties": {
        "tree_id": "DINOV3_0103",
        "source_image": "dji_fly_20260307_120112_0013_1772903202545_photo.JPG",
        "max_height_m": Infinity,
        "mean_height_m": Infinity,
        "crown_area_px": 720,
        "bbox_w_px": 23,
        "bbox_h_px": 43
      }
    },
    {
      "type": "Feature",
      "geometry": {
        "type": "Point",
        "coordinates": [
          -76.3195256,
          40.1046152
        ]
      },
      "properties": {
        "tree_id": "DINOV3_0104",
        "source_image": "dji_fly_20260307_120112_0013_1772903202545_photo.JPG",
        "max_height_m": Infinity,
        "mean_height_m": Infinity,
        "crown_area_px": 144,
        "bbox_w_px": 11,
        "bbox_h_px": 15
      }
    },
    {
      "type": "Feature",
      "geometry": {
        "type": "Point",
        "coordinates": [
          -76.3195893,
          40.1046088
        ]
      },
      "properties": {
        "tree_id": "DINOV3_0105",
        "source_image": "dji_fly_20260307_120112_0013_1772903202545_photo.JPG",
        "max_height_m": Infinity,
        "mean_height_m": Infinity,
        "crown_area_px": 112,
        "bbox_w_px": 15,
        "bbox_h_px": 11
      }
    },
    {
      "type": "Feature",
      "geometry": {
        "type": "Point",
        "coordinates": [
          -76.3195171,
          40.1046051
        ]
      },
      "properties": {
        "tree_id": "DINOV3_0106",
        "source_image": "dji_fly_20260307_120112_0013_1772903202545_photo.JPG",
        "max_height_m": Infinity,
        "mean_height_m": Infinity,
        "crown_area_px": 208,
        "bbox_w_px": 23,
        "bbox_h_px": 11
      }
    },
    {
      "type": "Feature",
      "geometry": {
        "type": "Point",
        "coordinates": [
          -76.3202546,
          40.1046014
        ]
      },
      "properties": {
        "tree_id": "DINOV3_0107",
        "source_image": "dji_fly_20260307_120112_0013_1772903202545_photo.JPG",
        "max_height_m": Infinity,
        "mean_height_m": Infinity,
        "crown_area_px": 160,
        "bbox_w_px": 19,
        "bbox_h_px": 11
      }
    },
    {
      "type": "Feature",
      "geometry": {
        "type": "Point",
        "coordinates": [
          -76.3198862,
          40.1045968
        ]
      },
      "properties": {
        "tree_id": "DINOV3_0108",
        "source_image": "dji_fly_20260307_120112_0013_1772903202545_photo.JPG",
        "max_height_m": Infinity,
        "mean_height_m": Infinity,
        "crown_area_px": 288,
        "bbox_w_px": 35,
        "bbox_h_px": 15
      }
    },
    {
      "type": "Feature",
      "geometry": {
        "type": "Point",
        "coordinates": [
          -76.3207648,
          40.1045757
        ]
      },
      "properties": {
        "tree_id": "DINOV3_0109",
        "source_image": "dji_fly_20260307_120112_0013_1772903202545_photo.JPG",
        "max_height_m": Infinity,
        "mean_height_m": Infinity,
        "crown_area_px": 1488,
        "bbox_w_px": 43,
        "bbox_h_px": 67
      }
    },
    {
      "type": "Feature",
      "geometry": {
        "type": "Point",
        "coordinates": [
          -76.3211279,
          40.1045849
        ]
      },
      "properties": {
        "tree_id": "DINOV3_0110",
        "source_image": "dji_fly_20260307_120112_0013_1772903202545_photo.JPG",
        "max_height_m": Infinity,
        "mean_height_m": Infinity,
        "crown_area_px": 160,
        "bbox_w_px": 19,
        "bbox_h_px": 11
      }
    },
    {
      "type": "Feature",
      "geometry": {
        "type": "Point",
        "coordinates": [
          -76.3200947,
          40.1045858
        ]
      },
      "properties": {
        "tree_id": "DINOV3_0111",
        "source_image": "dji_fly_20260307_120112_0013_1772903202545_photo.JPG",
        "max_height_m": Infinity,
        "mean_height_m": Infinity,
        "crown_area_px": 112,
        "bbox_w_px": 15,
        "bbox_h_px": 7
      }
    },
    {
      "type": "Feature",
      "geometry": {
        "type": "Point",
        "coordinates": [
          -76.3195183,
          40.1045821
        ]
      },
      "properties": {
        "tree_id": "DINOV3_0112",
        "source_image": "dji_fly_20260307_120112_0013_1772903202545_photo.JPG",
        "max_height_m": Infinity,
        "mean_height_m": Infinity,
        "crown_area_px": 128,
        "bbox_w_px": 27,
        "bbox_h_px": 7
      }
    },
    {
      "type": "Feature",
      "geometry": {
        "type": "Point",
        "coordinates": [
          -76.3201212,
          40.1045784
        ]
      },
      "properties": {
        "tree_id": "DINOV3_0113",
        "source_image": "dji_fly_20260307_120112_0013_1772903202545_photo.JPG",
        "max_height_m": Infinity,
        "mean_height_m": Infinity,
        "crown_area_px": 288,
        "bbox_w_px": 39,
        "bbox_h_px": 15
      }
    },
    {
      "type": "Feature",
      "geometry": {
        "type": "Point",
        "coordinates": [
          -76.3198994,
          40.1045784
        ]
      },
      "properties": {
        "tree_id": "DINOV3_0114",
        "source_image": "dji_fly_20260307_120112_0013_1772903202545_photo.JPG",
        "max_height_m": Infinity,
        "mean_height_m": Infinity,
        "crown_area_px": 144,
        "bbox_w_px": 15,
        "bbox_h_px": 15
      }
    },
    {
      "type": "Feature",
      "geometry": {
        "type": "Point",
        "coordinates": [
          -76.3195845,
          40.1045738
        ]
      },
      "properties": {
        "tree_id": "DINOV3_0115",
        "source_image": "dji_fly_20260307_120112_0013_1772903202545_photo.JPG",
        "max_height_m": Infinity,
        "mean_height_m": Infinity,
        "crown_area_px": 160,
        "bbox_w_px": 15,
        "bbox_h_px": 11
      }
    },
    {
      "type": "Feature",
      "geometry": {
        "type": "Point",
        "coordinates": [
          -76.3207793,
          40.1045674
        ]
      },
      "properties": {
        "tree_id": "DINOV3_0116",
        "source_image": "dji_fly_20260307_120112_0013_1772903202545_photo.JPG",
        "max_height_m": Infinity,
        "mean_height_m": Infinity,
        "crown_area_px": 224,
        "bbox_w_px": 11,
        "bbox_h_px": 31
      }
    },
    {
      "type": "Feature",
      "geometry": {
        "type": "Point",
        "coordinates": [
          -76.3210113,
          40.1045711
        ]
      },
      "properties": {
        "tree_id": "DINOV3_0117",
        "source_image": "dji_fly_20260307_120112_0013_1772903202545_photo.JPG",
        "max_height_m": Infinity,
        "mean_height_m": Infinity,
        "crown_area_px": 144,
        "bbox_w_px": 23,
        "bbox_h_px": 7
      }
    },
    {
      "type": "Feature",
      "geometry": {
        "type": "Point",
        "coordinates": [
          -76.3200803,
          40.1045702
        ]
      },
      "properties": {
        "tree_id": "DINOV3_0118",
        "source_image": "dji_fly_20260307_120112_0013_1772903202545_photo.JPG",
        "max_height_m": Infinity,
        "mean_height_m": Infinity,
        "crown_area_px": 128,
        "bbox_w_px": 15,
        "bbox_h_px": 11
      }
    },
    {
      "type": "Feature",
      "geometry": {
        "type": "Point",
        "coordinates": [
          -76.3195232,
          40.1045702
        ]
      },
      "properties": {
        "tree_id": "DINOV3_0119",
        "source_image": "dji_fly_20260307_120112_0013_1772903202545_photo.JPG",
        "max_height_m": Infinity,
        "mean_height_m": Infinity,
        "crown_area_px": 112,
        "bbox_w_px": 11,
        "bbox_h_px": 11
      }
    },
    {
      "type": "Feature",
      "geometry": {
        "type": "Point",
        "coordinates": [
          -76.3194462,
          40.1045536
        ]
      },
      "properties": {
        "tree_id": "DINOV3_0120",
        "source_image": "dji_fly_20260307_120112_0013_1772903202545_photo.JPG",
        "max_height_m": Infinity,
        "mean_height_m": Infinity,
        "crown_area_px": 1536,
        "bbox_w_px": 59,
        "bbox_h_px": 43
      }
    },
    {
      "type": "Feature",
      "geometry": {
        "type": "Point",
        "coordinates": [
          -76.319552,
          40.1045463
        ]
      },
      "properties": {
        "tree_id": "DINOV3_0121",
        "source_image": "dji_fly_20260307_120112_0013_1772903202545_photo.JPG",
        "max_height_m": Infinity,
        "mean_height_m": Infinity,
        "crown_area_px": 5680,
        "bbox_w_px": 179,
        "bbox_h_px": 67
      }
    },
    {
      "type": "Feature",
      "geometry": {
        "type": "Point",
        "coordinates": [
          -76.3211206,
          40.1045582
        ]
      },
      "properties": {
        "tree_id": "DINOV3_0122",
        "source_image": "dji_fly_20260307_120112_0013_1772903202545_photo.JPG",
        "max_height_m": Infinity,
        "mean_height_m": Infinity,
        "crown_area_px": 176,
        "bbox_w_px": 27,
        "bbox_h_px": 7
      }
    },
    {
      "type": "Feature",
      "geometry": {
        "type": "Point",
        "coordinates": [
          -76.3196313,
          40.1044984
        ]
      },
      "properties": {
        "tree_id": "DINOV3_0123",
        "source_image": "dji_fly_20260307_120112_0013_1772903202545_photo.JPG",
        "max_height_m": Infinity,
        "mean_height_m": Infinity,
        "crown_area_px": 55232,
        "bbox_w_px": 379,
        "bbox_h_px": 259
      }
    },
    {
      "type": "Feature",
      "geometry": {
        "type": "Point",
        "coordinates": [
          -76.3209139,
          40.104235
        ]
      },
      "properties": {
        "tree_id": "DINOV3_0124",
        "source_image": "dji_fly_20260307_120112_0013_1772903202545_photo.JPG",
        "max_height_m": Infinity,
        "mean_height_m": Infinity,
        "crown_area_px": 202288,
        "bbox_w_px": 539,
        "bbox_h_px": 1396
      }
    },
    {
      "type": "Feature",
      "geometry": {
        "type": "Point",
        "coordinates": [
          -76.3192515,
          40.1045453
        ]
      },
      "properties": {
        "tree_id": "DINOV3_0125",
        "source_image": "dji_fly_20260307_120112_0013_1772903202545_photo.JPG",
        "max_height_m": Infinity,
        "mean_height_m": Infinity,
        "crown_area_px": 432,
        "bbox_w_px": 35,
        "bbox_h_px": 15
      }
    },
    {
      "type": "Feature",
      "geometry": {
        "type": "Point",
        "coordinates": [
          -76.3194138,
          40.1045371
        ]
      },
      "properties": {
        "tree_id": "DINOV3_0126",
        "source_image": "dji_fly_20260307_120112_0013_1772903202545_photo.JPG",
        "max_height_m": Infinity,
        "mean_height_m": Infinity,
        "crown_area_px": 160,
        "bbox_w_px": 31,
        "bbox_h_px": 11
      }
    },
    {
      "type": "Feature",
      "geometry": {
        "type": "Point",
        "coordinates": [
          -76.319445,
          40.1045214
        ]
      },
      "properties": {
        "tree_id": "DINOV3_0127",
        "source_image": "dji_fly_20260307_120112_0013_1772903202545_photo.JPG",
        "max_height_m": Infinity,
        "mean_height_m": Infinity,
        "crown_area_px": 2720,
        "bbox_w_px": 79,
        "bbox_h_px": 71
      }
    },
    {
      "type": "Feature",
      "geometry": {
        "type": "Point",
        "coordinates": [
          -76.3193525,
          40.1045334
        ]
      },
      "properties": {
        "tree_id": "DINOV3_0128",
        "source_image": "dji_fly_20260307_120112_0013_1772903202545_photo.JPG",
        "max_height_m": Infinity,
        "mean_height_m": Infinity,
        "crown_area_px": 160,
        "bbox_w_px": 19,
        "bbox_h_px": 11
      }
    },
    {
      "type": "Feature",
      "geometry": {
        "type": "Point",
        "coordinates": [
          -76.3192635,
          40.1045159
        ]
      },
      "properties": {
        "tree_id": "DINOV3_0129",
        "source_image": "dji_fly_20260307_120112_0013_1772903202545_photo.JPG",
        "max_height_m": Infinity,
        "mean_height_m": Infinity,
        "crown_area_px": 3328,
        "bbox_w_px": 83,
        "bbox_h_px": 87
      }
    },
    {
      "type": "Feature",
      "geometry": {
        "type": "Point",
        "coordinates": [
          -76.3201067,
          40.1045325
        ]
      },
      "properties": {
        "tree_id": "DINOV3_0130",
        "source_image": "dji_fly_20260307_120112_0013_1772903202545_photo.JPG",
        "max_height_m": Infinity,
        "mean_height_m": Infinity,
        "crown_area_px": 112,
        "bbox_w_px": 15,
        "bbox_h_px": 7
      }
    },
    {
      "type": "Feature",
      "geometry": {
        "type": "Point",
        "coordinates": [
          -76.3193609,
          40.104515
        ]
      },
      "properties": {
        "tree_id": "DINOV3_0131",
        "source_image": "dji_fly_20260307_120112_0013_1772903202545_photo.JPG",
        "max_height_m": Infinity,
        "mean_height_m": Infinity,
        "crown_area_px": 3040,
        "bbox_w_px": 95,
        "bbox_h_px": 67
      }
    },
    {
      "type": "Feature",
      "geometry": {
        "type": "Point",
        "coordinates": [
          -76.3200887,
          40.1044994
        ]
      },
      "properties": {
        "tree_id": "DINOV3_0132",
        "source_image": "dji_fly_20260307_120112_0013_1772903202545_photo.JPG",
        "max_height_m": Infinity,
        "mean_height_m": Infinity,
        "crown_area_px": 10528,
        "bbox_w_px": 179,
        "bbox_h_px": 127
      }
    },
    {
      "type": "Feature",
      "geometry": {
        "type": "Point",
        "coordinates": [
          -76.3202798,
          40.1045187
        ]
      },
      "properties": {
        "tree_id": "DINOV3_0133",
        "source_image": "dji_fly_20260307_120112_0013_1772903202545_photo.JPG",
        "max_height_m": Infinity,
        "mean_height_m": Infinity,
        "crown_area_px": 128,
        "bbox_w_px": 15,
        "bbox_h_px": 11
      }
    },
    {
      "type": "Feature",
      "geometry": {
        "type": "Point",
        "coordinates": [
          -76.3199505,
          40.1045113
        ]
      },
      "properties": {
        "tree_id": "DINOV3_0134",
        "source_image": "dji_fly_20260307_120112_0013_1772903202545_photo.JPG",
        "max_height_m": Infinity,
        "mean_height_m": Infinity,
        "crown_area_px": 912,
        "bbox_w_px": 39,
        "bbox_h_px": 27
      }
    },
    {
      "type": "Feature",
      "geometry": {
        "type": "Point",
        "coordinates": [
          -76.3202185,
          40.1045076
        ]
      },
      "properties": {
        "tree_id": "DINOV3_0135",
        "source_image": "dji_fly_20260307_120112_0013_1772903202545_photo.JPG",
        "max_height_m": Infinity,
        "mean_height_m": Infinity,
        "crown_area_px": 2880,
        "bbox_w_px": 147,
        "bbox_h_px": 35
      }
    },
    {
      "type": "Feature",
      "geometry": {
        "type": "Point",
        "coordinates": [
          -76.3201572,
          40.1045095
        ]
      },
      "properties": {
        "tree_id": "DINOV3_0136",
        "source_image": "dji_fly_20260307_120112_0013_1772903202545_photo.JPG",
        "max_height_m": Infinity,
        "mean_height_m": Infinity,
        "crown_area_px": 128,
        "bbox_w_px": 15,
        "bbox_h_px": 11
      }
    },
    {
      "type": "Feature",
      "geometry": {
        "type": "Point",
        "coordinates": [
          -76.3192251,
          40.1045095
        ]
      },
      "properties": {
        "tree_id": "DINOV3_0137",
        "source_image": "dji_fly_20260307_120112_0013_1772903202545_photo.JPG",
        "max_height_m": Infinity,
        "mean_height_m": Infinity,
        "crown_area_px": 112,
        "bbox_w_px": 19,
        "bbox_h_px": 11
      }
    },
    {
      "type": "Feature",
      "geometry": {
        "type": "Point",
        "coordinates": [
          -76.3209199,
          40.1045058
        ]
      },
      "properties": {
        "tree_id": "DINOV3_0138",
        "source_image": "dji_fly_20260307_120112_0013_1772903202545_photo.JPG",
        "max_height_m": Infinity,
        "mean_height_m": Infinity,
        "crown_area_px": 224,
        "bbox_w_px": 15,
        "bbox_h_px": 19
      }
    },
    {
      "type": "Feature",
      "geometry": {
        "type": "Point",
        "coordinates": [
          -76.319332,
          40.1044957
        ]
      },
      "properties": {
        "tree_id": "DINOV3_0139",
        "source_image": "dji_fly_20260307_120112_0013_1772903202545_photo.JPG",
        "max_height_m": Infinity,
        "mean_height_m": Infinity,
        "crown_area_px": 160,
        "bbox_w_px": 15,
        "bbox_h_px": 15
      }
    },
    {
      "type": "Feature",
      "geometry": {
        "type": "Point",
        "coordinates": [
          -76.3195087,
          40.1044957
        ]
      },
      "properties": {
        "tree_id": "DINOV3_0140",
        "source_image": "dji_fly_20260307_120112_0013_1772903202545_photo.JPG",
        "max_height_m": Infinity,
        "mean_height_m": Infinity,
        "crown_area_px": 144,
        "bbox_w_px": 19,
        "bbox_h_px": 7
      }
    },
    {
      "type": "Feature",
      "geometry": {
        "type": "Point",
        "coordinates": [
          -76.3202257,
          40.1044635
        ]
      },
      "properties": {
        "tree_id": "DINOV3_0141",
        "source_image": "dji_fly_20260307_120112_0013_1772903202545_photo.JPG",
        "max_height_m": Infinity,
        "mean_height_m": Infinity,
        "crown_area_px": 9152,
        "bbox_w_px": 179,
        "bbox_h_px": 123
      }
    },
    {
      "type": "Feature",
      "geometry": {
        "type": "Point",
        "coordinates": [
          -76.3209103,
          40.1044819
        ]
      },
      "properties": {
        "tree_id": "DINOV3_0142",
        "source_image": "dji_fly_20260307_120112_0013_1772903202545_photo.JPG",
        "max_height_m": Infinity,
        "mean_height_m": Infinity,
        "crown_area_px": 320,
        "bbox_w_px": 31,
        "bbox_h_px": 11
      }
    },
    {
      "type": "Feature",
      "geometry": {
        "type": "Point",
        "coordinates": [
          -76.3192275,
          40.1044801
        ]
      },
      "properties": {
        "tree_id": "DINOV3_0143",
        "source_image": "dji_fly_20260307_120112_0013_1772903202545_photo.JPG",
        "max_height_m": Infinity,
        "mean_height_m": Infinity,
        "crown_area_px": 464,
        "bbox_w_px": 35,
        "bbox_h_px": 19
      }
    },
    {
      "type": "Feature",
      "geometry": {
        "type": "Point",
        "coordinates": [
          -76.3201572,
          40.1044736
        ]
      },
      "properties": {
        "tree_id": "DINOV3_0144",
        "source_image": "dji_fly_20260307_120112_0013_1772903202545_photo.JPG",
        "max_height_m": Infinity,
        "mean_height_m": Infinity,
        "crown_area_px": 112,
        "bbox_w_px": 15,
        "bbox_h_px": 7
      }
    },
    {
      "type": "Feature",
      "geometry": {
        "type": "Point",
        "coordinates": [
          -76.3200935,
          40.1044681
        ]
      },
      "properties": {
        "tree_id": "DINOV3_0145",
        "source_image": "dji_fly_20260307_120112_0013_1772903202545_photo.JPG",
        "max_height_m": Infinity,
        "mean_height_m": Infinity,
        "crown_area_px": 976,
        "bbox_w_px": 59,
        "bbox_h_px": 23
      }
    },
    {
      "type": "Feature",
      "geometry": {
        "type": "Point",
        "coordinates": [
          -76.3192575,
          40.1044672
        ]
      },
      "properties": {
        "tree_id": "DINOV3_0146",
        "source_image": "dji_fly_20260307_120112_0013_1772903202545_photo.JPG",
        "max_height_m": Infinity,
        "mean_height_m": Infinity,
        "crown_area_px": 208,
        "bbox_w_px": 15,
        "bbox_h_px": 19
      }
    },
    {
      "type": "Feature",
      "geometry": {
        "type": "Point",
        "coordinates": [
          -76.3192551,
          40.1044451
        ]
      },
      "properties": {
        "tree_id": "DINOV3_0147",
        "source_image": "dji_fly_20260307_120112_0013_1772903202545_photo.JPG",
        "max_height_m": Infinity,
        "mean_height_m": Infinity,
        "crown_area_px": 1904,
        "bbox_w_px": 79,
        "bbox_h_px": 43
      }
    },
    {
      "type": "Feature",
      "geometry": {
        "type": "Point",
        "coordinates": [
          -76.3213941,
          40.1044506
        ]
      },
      "properties": {
        "tree_id": "DINOV3_0148",
        "source_image": "dji_fly_20260307_120112_0013_1772903202545_photo.JPG",
        "max_height_m": 1.12,
        "mean_height_m": 1.06,
        "crown_area_px": 159,
        "bbox_w_px": 14,
        "bbox_h_px": 13
      }
    },
    {
      "type": "Feature",
      "geometry": {
        "type": "Point",
        "coordinates": [
          -76.3200899,
          40.1044506
        ]
      },
      "properties": {
        "tree_id": "DINOV3_0149",
        "source_image": "dji_fly_20260307_120112_0013_1772903202545_photo.JPG",
        "max_height_m": Infinity,
        "mean_height_m": Infinity,
        "crown_area_px": 192,
        "bbox_w_px": 31,
        "bbox_h_px": 11
      }
    },
    {
      "type": "Feature",
      "geometry": {
        "type": "Point",
        "coordinates": [
          -76.3201644,
          40.1044341
        ]
      },
      "properties": {
        "tree_id": "DINOV3_0150",
        "source_image": "dji_fly_20260307_120112_0013_1772903202545_photo.JPG",
        "max_height_m": Infinity,
        "mean_height_m": Infinity,
        "crown_area_px": 448,
        "bbox_w_px": 31,
        "bbox_h_px": 27
      }
    },
    {
      "type": "Feature",
      "geometry": {
        "type": "Point",
        "coordinates": [
          -76.3208874,
          40.1044341
        ]
      },
      "properties": {
        "tree_id": "DINOV3_0151",
        "source_image": "dji_fly_20260307_120112_0013_1772903202545_photo.JPG",
        "max_height_m": Infinity,
        "mean_height_m": Infinity,
        "crown_area_px": 112,
        "bbox_w_px": 11,
        "bbox_h_px": 11
      }
    },
    {
      "type": "Feature",
      "geometry": {
        "type": "Point",
        "coordinates": [
          -76.3203447,
          40.1044332
        ]
      },
      "properties": {
        "tree_id": "DINOV3_0152",
        "source_image": "dji_fly_20260307_120112_0013_1772903202545_photo.JPG",
        "max_height_m": Infinity,
        "mean_height_m": Infinity,
        "crown_area_px": 208,
        "bbox_w_px": 15,
        "bbox_h_px": 15
      }
    },
    {
      "type": "Feature",
      "geometry": {
        "type": "Point",
        "coordinates": [
          -76.3203159,
          40.104435
        ]
      },
      "properties": {
        "tree_id": "DINOV3_0153",
        "source_image": "dji_fly_20260307_120112_0013_1772903202545_photo.JPG",
        "max_height_m": Infinity,
        "mean_height_m": Infinity,
        "crown_area_px": 112,
        "bbox_w_px": 15,
        "bbox_h_px": 7
      }
    },
    {
      "type": "Feature",
      "geometry": {
        "type": "Point",
        "coordinates": [
          -76.3209115,
          40.1044304
        ]
      },
      "properties": {
        "tree_id": "DINOV3_0154",
        "source_image": "dji_fly_20260307_120112_0013_1772903202545_photo.JPG",
        "max_height_m": Infinity,
        "mean_height_m": Infinity,
        "crown_area_px": 352,
        "bbox_w_px": 27,
        "bbox_h_px": 19
      }
    },
    {
      "type": "Feature",
      "geometry": {
        "type": "Point",
        "coordinates": [
          -76.3208754,
          40.1044295
        ]
      },
      "properties": {
        "tree_id": "DINOV3_0155",
        "source_image": "dji_fly_20260307_120112_0013_1772903202545_photo.JPG",
        "max_height_m": Infinity,
        "mean_height_m": Infinity,
        "crown_area_px": 112,
        "bbox_w_px": 19,
        "bbox_h_px": 7
      }
    },
    {
      "type": "Feature",
      "geometry": {
        "type": "Point",
        "coordinates": [
          -76.320281,
          40.1044286
        ]
      },
      "properties": {
        "tree_id": "DINOV3_0156",
        "source_image": "dji_fly_20260307_120112_0013_1772903202545_photo.JPG",
        "max_height_m": Infinity,
        "mean_height_m": Infinity,
        "crown_area_px": 224,
        "bbox_w_px": 27,
        "bbox_h_px": 11
      }
    },
    {
      "type": "Feature",
      "geometry": {
        "type": "Point",
        "coordinates": [
          -76.3201813,
          40.1044267
        ]
      },
      "properties": {
        "tree_id": "DINOV3_0157",
        "source_image": "dji_fly_20260307_120112_0013_1772903202545_photo.JPG",
        "max_height_m": Infinity,
        "mean_height_m": Infinity,
        "crown_area_px": 256,
        "bbox_w_px": 31,
        "bbox_h_px": 19
      }
    },
    {
      "type": "Feature",
      "geometry": {
        "type": "Point",
        "coordinates": [
          -76.3203075,
          40.1044212
        ]
      },
      "properties": {
        "tree_id": "DINOV3_0158",
        "source_image": "dji_fly_20260307_120112_0013_1772903202545_photo.JPG",
        "max_height_m": Infinity,
        "mean_height_m": Infinity,
        "crown_area_px": 352,
        "bbox_w_px": 35,
        "bbox_h_px": 11
      }
    },
    {
      "type": "Feature",
      "geometry": {
        "type": "Point",
        "coordinates": [
          -76.3200851,
          40.1044221
        ]
      },
      "properties": {
        "tree_id": "DINOV3_0159",
        "source_image": "dji_fly_20260307_120112_0013_1772903202545_photo.JPG",
        "max_height_m": Infinity,
        "mean_height_m": Infinity,
        "crown_area_px": 112,
        "bbox_w_px": 15,
        "bbox_h_px": 7
      }
    },
    {
      "type": "Feature",
      "geometry": {
        "type": "Point",
        "coordinates": [
          -76.3201176,
          40.1044194
        ]
      },
      "properties": {
        "tree_id": "DINOV3_0160",
        "source_image": "dji_fly_20260307_120112_0013_1772903202545_photo.JPG",
        "max_height_m": Infinity,
        "mean_height_m": Infinity,
        "crown_area_px": 128,
        "bbox_w_px": 11,
        "bbox_h_px": 11
      }
    },
    {
      "type": "Feature",
      "geometry": {
        "type": "Point",
        "coordinates": [
          -76.3201789,
          40.1044093
        ]
      },
      "properties": {
        "tree_id": "DINOV3_0161",
        "source_image": "dji_fly_20260307_120112_0013_1772903202545_photo.JPG",
        "max_height_m": Infinity,
        "mean_height_m": Infinity,
        "crown_area_px": 320,
        "bbox_w_px": 39,
        "bbox_h_px": 15
      }
    },
    {
      "type": "Feature",
      "geometry": {
        "type": "Point",
        "coordinates": [
          -76.3195808,
          40.1041505
        ]
      },
      "properties": {
        "tree_id": "DINOV3_0162",
        "source_image": "dji_fly_20260307_120112_0013_1772903202545_photo.JPG",
        "max_height_m": Infinity,
        "mean_height_m": Infinity,
        "crown_area_px": 701588,
        "bbox_w_px": 1163,
        "bbox_h_px": 1132
      }
    },
    {
      "type": "Feature",
      "geometry": {
        "type": "Point",
        "coordinates": [
          -76.3207462,
          40.1044001
        ]
      },
      "properties": {
        "tree_id": "DINOV3_0163",
        "source_image": "dji_fly_20260307_120112_0013_1772903202545_photo.JPG",
        "max_height_m": Infinity,
        "mean_height_m": Infinity,
        "crown_area_px": 224,
        "bbox_w_px": 15,
        "bbox_h_px": 23
      }
    },
    {
      "type": "Feature",
      "geometry": {
        "type": "Point",
        "coordinates": [
          -76.3204181,
          40.10439
        ]
      },
      "properties": {
        "tree_id": "DINOV3_0164",
        "source_image": "dji_fly_20260307_120112_0013_1772903202545_photo.JPG",
        "max_height_m": Infinity,
        "mean_height_m": Infinity,
        "crown_area_px": 288,
        "bbox_w_px": 19,
        "bbox_h_px": 27
      }
    },
    {
      "type": "Feature",
      "geometry": {
        "type": "Point",
        "coordinates": [
          -76.3204481,
          40.104367
        ]
      },
      "properties": {
        "tree_id": "DINOV3_0165",
        "source_image": "dji_fly_20260307_120112_0013_1772903202545_photo.JPG",
        "max_height_m": Infinity,
        "mean_height_m": Infinity,
        "crown_area_px": 2240,
        "bbox_w_px": 71,
        "bbox_h_px": 63
      }
    },
    {
      "type": "Feature",
      "geometry": {
        "type": "Point",
        "coordinates": [
          -76.3207486,
          40.1043725
        ]
      },
      "properties": {
        "tree_id": "DINOV3_0166",
        "source_image": "dji_fly_20260307_120112_0013_1772903202545_photo.JPG",
        "max_height_m": Infinity,
        "mean_height_m": Infinity,
        "crown_area_px": 144,
        "bbox_w_px": 7,
        "bbox_h_px": 31
      }
    },
    {
      "type": "Feature",
      "geometry": {
        "type": "Point",
        "coordinates": [
          -76.3206116,
          40.1043651
        ]
      },
      "properties": {
        "tree_id": "DINOV3_0167",
        "source_image": "dji_fly_20260307_120112_0013_1772903202545_photo.JPG",
        "max_height_m": Infinity,
        "mean_height_m": Infinity,
        "crown_area_px": 512,
        "bbox_w_px": 31,
        "bbox_h_px": 31
      }
    },
    {
      "type": "Feature",
      "geometry": {
        "type": "Point",
        "coordinates": [
          -76.3204337,
          40.104349
        ]
      },
      "properties": {
        "tree_id": "DINOV3_0168",
        "source_image": "dji_fly_20260307_120112_0013_1772903202545_photo.JPG",
        "max_height_m": Infinity,
        "mean_height_m": Infinity,
        "crown_area_px": 760,
        "bbox_w_px": 39,
        "bbox_h_px": 52
      }
    },
    {
      "type": "Feature",
      "geometry": {
        "type": "Point",
        "coordinates": [
          -76.3202366,
          40.104327
        ]
      },
      "properties": {
        "tree_id": "DINOV3_0169",
        "source_image": "dji_fly_20260307_120112_0013_1772903202545_photo.JPG",
        "max_height_m": Infinity,
        "mean_height_m": Infinity,
        "crown_area_px": 6684,
        "bbox_w_px": 87,
        "bbox_h_px": 140
      }
    },
    {
      "type": "Feature",
      "geometry": {
        "type": "Point",
        "coordinates": [
          -76.3203411,
          40.1041137
        ]
      },
      "properties": {
        "tree_id": "DINOV3_0170",
        "source_image": "dji_fly_20260307_120112_0013_1772903202545_photo.JPG",
        "max_height_m": Infinity,
        "mean_height_m": Infinity,
        "crown_area_px": 444492,
        "bbox_w_px": 1363,
        "bbox_h_px": 1052
      }
    },
    {
      "type": "Feature",
      "geometry": {
        "type": "Point",
        "coordinates": [
          -76.3197173,
          40.1042851
        ]
      },
      "properties": {
        "tree_id": "DINOV3_0171",
        "source_image": "dji_fly_20260307_120112_0013_1772903202545_photo.JPG",
        "max_height_m": 13.45,
        "mean_height_m": 4.25,
        "crown_area_px": 27051,
        "bbox_w_px": 213,
        "bbox_h_px": 236
      }
    },
    {
      "type": "Feature",
      "geometry": {
        "type": "Point",
        "coordinates": [
          -76.3211182,
          40.1043334
        ]
      },
      "properties": {
        "tree_id": "DINOV3_0172",
        "source_image": "dji_fly_20260307_120112_0013_1772903202545_photo.JPG",
        "max_height_m": Infinity,
        "mean_height_m": Infinity,
        "crown_area_px": 176,
        "bbox_w_px": 19,
        "bbox_h_px": 15
      }
    },
    {
      "type": "Feature",
      "geometry": {
        "type": "Point",
        "coordinates": [
          -76.3202822,
          40.1043307
        ]
      },
      "properties": {
        "tree_id": "DINOV3_0173",
        "source_image": "dji_fly_20260307_120112_0013_1772903202545_photo.JPG",
        "max_height_m": Infinity,
        "mean_height_m": Infinity,
        "crown_area_px": 304,
        "bbox_w_px": 31,
        "bbox_h_px": 19
      }
    },
    {
      "type": "Feature",
      "geometry": {
        "type": "Point",
        "coordinates": [
          -76.3210353,
          40.104236
        ]
      },
      "properties": {
        "tree_id": "DINOV3_0174",
        "source_image": "dji_fly_20260307_120112_0013_1772903202545_photo.JPG",
        "max_height_m": Infinity,
        "mean_height_m": Infinity,
        "crown_area_px": 46688,
        "bbox_w_px": 327,
        "bbox_h_px": 399
      }
    },
    {
      "type": "Feature",
      "geometry": {
        "type": "Point",
        "coordinates": [
          -76.3205689,
          40.1042571
        ]
      },
      "properties": {
        "tree_id": "DINOV3_0175",
        "source_image": "dji_fly_20260307_120112_0013_1772903202545_photo.JPG",
        "max_height_m": 16.44,
        "mean_height_m": 6.47,
        "crown_area_px": 65374,
        "bbox_w_px": 451,
        "bbox_h_px": 293
      }
    },
    {
      "type": "Feature",
      "geometry": {
        "type": "Point",
        "coordinates": [
          -76.3201668,
          40.1043104
        ]
      },
      "properties": {
        "tree_id": "DINOV3_0176",
        "source_image": "dji_fly_20260307_120112_0013_1772903202545_photo.JPG",
        "max_height_m": Infinity,
        "mean_height_m": Infinity,
        "crown_area_px": 144,
        "bbox_w_px": 15,
        "bbox_h_px": 11
      }
    },
    {
      "type": "Feature",
      "geometry": {
        "type": "Point",
        "coordinates": [
          -76.3201488,
          40.1043086
        ]
      },
      "properties": {
        "tree_id": "DINOV3_0177",
        "source_image": "dji_fly_20260307_120112_0013_1772903202545_photo.JPG",
        "max_height_m": Infinity,
        "mean_height_m": Infinity,
        "crown_area_px": 160,
        "bbox_w_px": 19,
        "bbox_h_px": 11
      }
    },
    {
      "type": "Feature",
      "geometry": {
        "type": "Point",
        "coordinates": [
          -76.320132,
          40.1042874
        ]
      },
      "properties": {
        "tree_id": "DINOV3_0178",
        "source_image": "dji_fly_20260307_120112_0013_1772903202545_photo.JPG",
        "max_height_m": Infinity,
        "mean_height_m": Infinity,
        "crown_area_px": 256,
        "bbox_w_px": 35,
        "bbox_h_px": 7
      }
    },
    {
      "type": "Feature",
      "geometry": {
        "type": "Point",
        "coordinates": [
          -76.3202414,
          40.1042801
        ]
      },
      "properties": {
        "tree_id": "DINOV3_0179",
        "source_image": "dji_fly_20260307_120112_0013_1772903202545_photo.JPG",
        "max_height_m": Infinity,
        "mean_height_m": Infinity,
        "crown_area_px": 944,
        "bbox_w_px": 55,
        "bbox_h_px": 23
      }
    },
    {
      "type": "Feature",
      "geometry": {
        "type": "Point",
        "coordinates": [
          -76.3191133,
          40.1042654
        ]
      },
      "properties": {
        "tree_id": "DINOV3_0180",
        "source_image": "dji_fly_20260307_120112_0013_1772903202545_photo.JPG",
        "max_height_m": Infinity,
        "mean_height_m": Infinity,
        "crown_area_px": 432,
        "bbox_w_px": 7,
        "bbox_h_px": 87
      }
    },
    {
      "type": "Feature",
      "geometry": {
        "type": "Point",
        "coordinates": [
          -76.3201127,
          40.1042746
        ]
      },
      "properties": {
        "tree_id": "DINOV3_0181",
        "source_image": "dji_fly_20260307_120112_0013_1772903202545_photo.JPG",
        "max_height_m": Infinity,
        "mean_height_m": Infinity,
        "crown_area_px": 464,
        "bbox_w_px": 27,
        "bbox_h_px": 23
      }
    },
    {
      "type": "Feature",
      "geometry": {
        "type": "Point",
        "coordinates": [
          -76.3211471,
          40.1042479
        ]
      },
      "properties": {
        "tree_id": "DINOV3_0182",
        "source_image": "dji_fly_20260307_120112_0013_1772903202545_photo.JPG",
        "max_height_m": Infinity,
        "mean_height_m": Infinity,
        "crown_area_px": 1056,
        "bbox_w_px": 67,
        "bbox_h_px": 43
      }
    },
    {
      "type": "Feature",
      "geometry": {
        "type": "Point",
        "coordinates": [
          -76.3201332,
          40.1042498
        ]
      },
      "properties": {
        "tree_id": "DINOV3_0183",
        "source_image": "dji_fly_20260307_120112_0013_1772903202545_photo.JPG",
        "max_height_m": Infinity,
        "mean_height_m": Infinity,
        "crown_area_px": 288,
        "bbox_w_px": 23,
        "bbox_h_px": 19
      }
    },
    {
      "type": "Feature",
      "geometry": {
        "type": "Point",
        "coordinates": [
          -76.3201584,
          40.104247
        ]
      },
      "properties": {
        "tree_id": "DINOV3_0184",
        "source_image": "dji_fly_20260307_120112_0013_1772903202545_photo.JPG",
        "max_height_m": Infinity,
        "mean_height_m": Infinity,
        "crown_area_px": 240,
        "bbox_w_px": 19,
        "bbox_h_px": 15
      }
    },
    {
      "type": "Feature",
      "geometry": {
        "type": "Point",
        "coordinates": [
          -76.320132,
          40.1042213
        ]
      },
      "properties": {
        "tree_id": "DINOV3_0185",
        "source_image": "dji_fly_20260307_120112_0013_1772903202545_photo.JPG",
        "max_height_m": Infinity,
        "mean_height_m": Infinity,
        "crown_area_px": 1248,
        "bbox_w_px": 67,
        "bbox_h_px": 47
      }
    },
    {
      "type": "Feature",
      "geometry": {
        "type": "Point",
        "coordinates": [
          -76.3211303,
          40.104224
        ]
      },
      "properties": {
        "tree_id": "DINOV3_0186",
        "source_image": "dji_fly_20260307_120112_0013_1772903202545_photo.JPG",
        "max_height_m": Infinity,
        "mean_height_m": Infinity,
        "crown_area_px": 640,
        "bbox_w_px": 51,
        "bbox_h_px": 27
      }
    },
    {
      "type": "Feature",
      "geometry": {
        "type": "Point",
        "coordinates": [
          -76.3191133,
          40.1042056
        ]
      },
      "properties": {
        "tree_id": "DINOV3_0187",
        "source_image": "dji_fly_20260307_120112_0013_1772903202545_photo.JPG",
        "max_height_m": Infinity,
        "mean_height_m": Infinity,
        "crown_area_px": 480,
        "bbox_w_px": 7,
        "bbox_h_px": 107
      }
    },
    {
      "type": "Feature",
      "geometry": {
        "type": "Point",
        "coordinates": [
          -76.3200875,
          40.1042167
        ]
      },
      "properties": {
        "tree_id": "DINOV3_0188",
        "source_image": "dji_fly_20260307_120112_0013_1772903202545_photo.JPG",
        "max_height_m": Infinity,
        "mean_height_m": Infinity,
        "crown_area_px": 128,
        "bbox_w_px": 15,
        "bbox_h_px": 11
      }
    },
    {
      "type": "Feature",
      "geometry": {
        "type": "Point",
        "coordinates": [
          -76.3211627,
          40.1041928
        ]
      },
      "properties": {
        "tree_id": "DINOV3_0189",
        "source_image": "dji_fly_20260307_120112_0013_1772903202545_photo.JPG",
        "max_height_m": Infinity,
        "mean_height_m": Infinity,
        "crown_area_px": 160,
        "bbox_w_px": 15,
        "bbox_h_px": 11
      }
    },
    {
      "type": "Feature",
      "geometry": {
        "type": "Point",
        "coordinates": [
          -76.3211795,
          40.1041854
        ]
      },
      "properties": {
        "tree_id": "DINOV3_0190",
        "source_image": "dji_fly_20260307_120112_0013_1772903202545_photo.JPG",
        "max_height_m": Infinity,
        "mean_height_m": Infinity,
        "crown_area_px": 224,
        "bbox_w_px": 15,
        "bbox_h_px": 19
      }
    },
    {
      "type": "Feature",
      "geometry": {
        "type": "Point",
        "coordinates": [
          -76.3207588,
          40.1041863
        ]
      },
      "properties": {
        "tree_id": "DINOV3_0191",
        "source_image": "dji_fly_20260307_120112_0013_1772903202545_photo.JPG",
        "max_height_m": Infinity,
        "mean_height_m": Infinity,
        "crown_area_px": 320,
        "bbox_w_px": 23,
        "bbox_h_px": 15
      }
    },
    {
      "type": "Feature",
      "geometry": {
        "type": "Point",
        "coordinates": [
          -76.3199336,
          40.1041753
        ]
      },
      "properties": {
        "tree_id": "DINOV3_0192",
        "source_image": "dji_fly_20260307_120112_0013_1772903202545_photo.JPG",
        "max_height_m": Infinity,
        "mean_height_m": Infinity,
        "crown_area_px": 160,
        "bbox_w_px": 7,
        "bbox_h_px": 31
      }
    },
    {
      "type": "Feature",
      "geometry": {
        "type": "Point",
        "coordinates": [
          -76.32076,
          40.1041523
        ]
      },
      "properties": {
        "tree_id": "DINOV3_0193",
        "source_image": "dji_fly_20260307_120112_0013_1772903202545_photo.JPG",
        "max_height_m": Infinity,
        "mean_height_m": Infinity,
        "crown_area_px": 784,
        "bbox_w_px": 27,
        "bbox_h_px": 43
      }
    },
    {
      "type": "Feature",
      "geometry": {
        "type": "Point",
        "coordinates": [
          -76.3191145,
          40.1041174
        ]
      },
      "properties": {
        "tree_id": "DINOV3_0194",
        "source_image": "dji_fly_20260307_120112_0013_1772903202545_photo.JPG",
        "max_height_m": Infinity,
        "mean_height_m": Infinity,
        "crown_area_px": 800,
        "bbox_w_px": 11,
        "bbox_h_px": 171
      }
    },
    {
      "type": "Feature",
      "geometry": {
        "type": "Point",
        "coordinates": [
          -76.3212481,
          40.1041422
        ]
      },
      "properties": {
        "tree_id": "DINOV3_0195",
        "source_image": "dji_fly_20260307_120112_0013_1772903202545_photo.JPG",
        "max_height_m": Infinity,
        "mean_height_m": Infinity,
        "crown_area_px": 272,
        "bbox_w_px": 27,
        "bbox_h_px": 15
      }
    },
    {
      "type": "Feature",
      "geometry": {
        "type": "Point",
        "coordinates": [
          -76.3211567,
          40.1041394
        ]
      },
      "properties": {
        "tree_id": "DINOV3_0196",
        "source_image": "dji_fly_20260307_120112_0013_1772903202545_photo.JPG",
        "max_height_m": Infinity,
        "mean_height_m": Infinity,
        "crown_area_px": 320,
        "bbox_w_px": 27,
        "bbox_h_px": 27
      }
    },
    {
      "type": "Feature",
      "geometry": {
        "type": "Point",
        "coordinates": [
          -76.3204956,
          40.1041045
        ]
      },
      "properties": {
        "tree_id": "DINOV3_0197",
        "source_image": "dji_fly_20260307_120112_0013_1772903202545_photo.JPG",
        "max_height_m": 20.93,
        "mean_height_m": 6.13,
        "crown_area_px": 19789,
        "bbox_w_px": 184,
        "bbox_h_px": 179
      }
    },
    {
      "type": "Feature",
      "geometry": {
        "type": "Point",
        "coordinates": [
          -76.3199336,
          40.1041357
        ]
      },
      "properties": {
        "tree_id": "DINOV3_0198",
        "source_image": "dji_fly_20260307_120112_0013_1772903202545_photo.JPG",
        "max_height_m": Infinity,
        "mean_height_m": Infinity,
        "crown_area_px": 144,
        "bbox_w_px": 7,
        "bbox_h_px": 27
      }
    },
    {
      "type": "Feature",
      "geometry": {
        "type": "Point",
        "coordinates": [
          -76.3212781,
          40.1041155
        ]
      },
      "properties": {
        "tree_id": "DINOV3_0199",
        "source_image": "dji_fly_20260307_120112_0013_1772903202545_photo.JPG",
        "max_height_m": Infinity,
        "mean_height_m": Infinity,
        "crown_area_px": 528,
        "bbox_w_px": 39,
        "bbox_h_px": 27
      }
    },
    {
      "type": "Feature",
      "geometry": {
        "type": "Point",
        "coordinates": [
          -76.3212493,
          40.10411
        ]
      },
      "properties": {
        "tree_id": "DINOV3_0200",
        "source_image": "dji_fly_20260307_120112_0013_1772903202545_photo.JPG",
        "max_height_m": Infinity,
        "mean_height_m": Infinity,
        "crown_area_px": 560,
        "bbox_w_px": 39,
        "bbox_h_px": 27
      }
    },
    {
      "type": "Feature",
      "geometry": {
        "type": "Point",
        "coordinates": [
          -76.32076,
          40.1041082
        ]
      },
      "properties": {
        "tree_id": "DINOV3_0201",
        "source_image": "dji_fly_20260307_120112_0013_1772903202545_photo.JPG",
        "max_height_m": Infinity,
        "mean_height_m": Infinity,
        "crown_area_px": 368,
        "bbox_w_px": 27,
        "bbox_h_px": 19
      }
    },
    {
      "type": "Feature",
      "geometry": {
        "type": "Point",
        "coordinates": [
          -76.3194054,
          40.1040824
        ]
      },
      "properties": {
        "tree_id": "DINOV3_0202",
        "source_image": "dji_fly_20260307_120112_0013_1772903202545_photo.JPG",
        "max_height_m": Infinity,
        "mean_height_m": Infinity,
        "crown_area_px": 496,
        "bbox_w_px": 35,
        "bbox_h_px": 19
      }
    },
    {
      "type": "Feature",
      "geometry": {
        "type": "Point",
        "coordinates": [
          -76.3213082,
          40.1040769
        ]
      },
      "properties": {
        "tree_id": "DINOV3_0203",
        "source_image": "dji_fly_20260307_120112_0013_1772903202545_photo.JPG",
        "max_height_m": Infinity,
        "mean_height_m": Infinity,
        "crown_area_px": 560,
        "bbox_w_px": 27,
        "bbox_h_px": 27
      }
    },
    {
      "type": "Feature",
      "geometry": {
        "type": "Point",
        "coordinates": [
          -76.3208682,
          40.1040705
        ]
      },
      "properties": {
        "tree_id": "DINOV3_0204",
        "source_image": "dji_fly_20260307_120112_0013_1772903202545_photo.JPG",
        "max_height_m": Infinity,
        "mean_height_m": Infinity,
        "crown_area_px": 224,
        "bbox_w_px": 19,
        "bbox_h_px": 15
      }
    },
    {
      "type": "Feature",
      "geometry": {
        "type": "Point",
        "coordinates": [
          -76.31979,
          40.1040185
        ]
      },
      "properties": {
        "tree_id": "DINOV3_0205",
        "source_image": "dji_fly_20260307_120112_0013_1772903202545_photo.JPG",
        "max_height_m": 1.45,
        "mean_height_m": 1.2,
        "crown_area_px": 661,
        "bbox_w_px": 41,
        "bbox_h_px": 23
      }
    },
    {
      "type": "Feature",
      "geometry": {
        "type": "Point",
        "coordinates": [
          -76.3202738,
          40.1039721
        ]
      },
      "properties": {
        "tree_id": "DINOV3_0206",
        "source_image": "dji_fly_20260307_120112_0013_1772903202545_photo.JPG",
        "max_height_m": Infinity,
        "mean_height_m": Infinity,
        "crown_area_px": 15253,
        "bbox_w_px": 131,
        "bbox_h_px": 163
      }
    },
    {
      "type": "Feature",
      "geometry": {
        "type": "Point",
        "coordinates": [
          -76.3211759,
          40.1039978
        ]
      },
      "properties": {
        "tree_id": "DINOV3_0207",
        "source_image": "dji_fly_20260307_120112_0013_1772903202545_photo.JPG",
        "max_height_m": Infinity,
        "mean_height_m": Infinity,
        "crown_area_px": 1696,
        "bbox_w_px": 123,
        "bbox_h_px": 27
      }
    },
    {
      "type": "Feature",
      "geometry": {
        "type": "Point",
        "coordinates": [
          -76.3191133,
          40.1039666
        ]
      },
      "properties": {
        "tree_id": "DINOV3_0208",
        "source_image": "dji_fly_20260307_120112_0013_1772903202545_photo.JPG",
        "max_height_m": Infinity,
        "mean_height_m": Infinity,
        "crown_area_px": 448,
        "bbox_w_px": 7,
        "bbox_h_px": 99
      }
    },
    {
      "type": "Feature",
      "geometry": {
        "type": "Point",
        "coordinates": [
          -76.3204,
          40.1039601
        ]
      },
      "properties": {
        "tree_id": "DINOV3_0209",
        "source_image": "dji_fly_20260307_120112_0013_1772903202545_photo.JPG",
        "max_height_m": Infinity,
        "mean_height_m": Infinity,
        "crown_area_px": 992,
        "bbox_w_px": 23,
        "bbox_h_px": 47
      }
    },
    {
      "type": "Feature",
      "geometry": {
        "type": "Point",
        "coordinates": [
          -76.3208742,
          40.1039555
        ]
      },
      "properties": {
        "tree_id": "DINOV3_0210",
        "source_image": "dji_fly_20260307_120112_0013_1772903202545_photo.JPG",
        "max_height_m": Infinity,
        "mean_height_m": Infinity,
        "crown_area_px": 144,
        "bbox_w_px": 15,
        "bbox_h_px": 11
      }
    },
    {
      "type": "Feature",
      "geometry": {
        "type": "Point",
        "coordinates": [
          -76.3208622,
          40.1039482
        ]
      },
      "properties": {
        "tree_id": "DINOV3_0211",
        "source_image": "dji_fly_20260307_120112_0013_1772903202545_photo.JPG",
        "max_height_m": Infinity,
        "mean_height_m": Infinity,
        "crown_area_px": 240,
        "bbox_w_px": 23,
        "bbox_h_px": 19
      }
    },
    {
      "type": "Feature",
      "geometry": {
        "type": "Point",
        "coordinates": [
          -76.3213839,
          40.1039418
        ]
      },
      "properties": {
        "tree_id": "DINOV3_0212",
        "source_image": "dji_fly_20260307_120112_0013_1772903202545_photo.JPG",
        "max_height_m": Infinity,
        "mean_height_m": Infinity,
        "crown_area_px": 160,
        "bbox_w_px": 15,
        "bbox_h_px": 15
      }
    },
    {
      "type": "Feature",
      "geometry": {
        "type": "Point",
        "coordinates": [
          -76.3210389,
          40.1039289
        ]
      },
      "properties": {
        "tree_id": "DINOV3_0213",
        "source_image": "dji_fly_20260307_120112_0013_1772903202545_photo.JPG",
        "max_height_m": Infinity,
        "mean_height_m": Infinity,
        "crown_area_px": 1744,
        "bbox_w_px": 51,
        "bbox_h_px": 71
      }
    },
    {
      "type": "Feature",
      "geometry": {
        "type": "Point",
        "coordinates": [
          -76.320885,
          40.1039344
        ]
      },
      "properties": {
        "tree_id": "DINOV3_0214",
        "source_image": "dji_fly_20260307_120112_0013_1772903202545_photo.JPG",
        "max_height_m": Infinity,
        "mean_height_m": Infinity,
        "crown_area_px": 224,
        "bbox_w_px": 27,
        "bbox_h_px": 15
      }
    },
    {
      "type": "Feature",
      "geometry": {
        "type": "Point",
        "coordinates": [
          -76.3191253,
          40.103905
        ]
      },
      "properties": {
        "tree_id": "DINOV3_0215",
        "source_image": "dji_fly_20260307_120112_0013_1772903202545_photo.JPG",
        "max_height_m": Infinity,
        "mean_height_m": Infinity,
        "crown_area_px": 1536,
        "bbox_w_px": 47,
        "bbox_h_px": 143
      }
    },
    {
      "type": "Feature",
      "geometry": {
        "type": "Point",
        "coordinates": [
          -76.3197539,
          40.1039041
        ]
      },
      "properties": {
        "tree_id": "DINOV3_0216",
        "source_image": "dji_fly_20260307_120112_0013_1772903202545_photo.JPG",
        "max_height_m": Infinity,
        "mean_height_m": Infinity,
        "crown_area_px": 22080,
        "bbox_w_px": 587,
        "bbox_h_px": 139
      }
    },
    {
      "type": "Feature",
      "geometry": {
        "type": "Point",
        "coordinates": [
          -76.3208442,
          40.103928
        ]
      },
      "properties": {
        "tree_id": "DINOV3_0217",
        "source_image": "dji_fly_20260307_120112_0013_1772903202545_photo.JPG",
        "max_height_m": Infinity,
        "mean_height_m": Infinity,
        "crown_area_px": 192,
        "bbox_w_px": 19,
        "bbox_h_px": 11
      }
    },
    {
      "type": "Feature",
      "geometry": {
        "type": "Point",
        "coordinates": [
          -76.3213634,
          40.1039179
        ]
      },
      "properties": {
        "tree_id": "DINOV3_0218",
        "source_image": "dji_fly_20260307_120112_0013_1772903202545_photo.JPG",
        "max_height_m": Infinity,
        "mean_height_m": Infinity,
        "crown_area_px": 2528,
        "bbox_w_px": 131,
        "bbox_h_px": 39
      }
    },
    {
      "type": "Feature",
      "geometry": {
        "type": "Point",
        "coordinates": [
          -76.3211327,
          40.1038912
        ]
      },
      "properties": {
        "tree_id": "DINOV3_0219",
        "source_image": "dji_fly_20260307_120112_0013_1772903202545_photo.JPG",
        "max_height_m": Infinity,
        "mean_height_m": Infinity,
        "crown_area_px": 8128,
        "bbox_w_px": 283,
        "bbox_h_px": 83
      }
    },
    {
      "type": "Feature",
      "geometry": {
        "type": "Point",
        "coordinates": [
          -76.321093,
          40.1039059
        ]
      },
      "properties": {
        "tree_id": "DINOV3_0220",
        "source_image": "dji_fly_20260307_120112_0013_1772903202545_photo.JPG",
        "max_height_m": Infinity,
        "mean_height_m": Infinity,
        "crown_area_px": 160,
        "bbox_w_px": 15,
        "bbox_h_px": 19
      }
    },
    {
      "type": "Feature",
      "geometry": {
        "type": "Point",
        "coordinates": [
          -76.3208971,
          40.1038903
        ]
      },
      "properties": {
        "tree_id": "DINOV3_0221",
        "source_image": "dji_fly_20260307_120112_0013_1772903202545_photo.JPG",
        "max_height_m": Infinity,
        "mean_height_m": Infinity,
        "crown_area_px": 11664,
        "bbox_w_px": 483,
        "bbox_h_px": 79
      }
    },
    {
      "type": "Feature",
      "geometry": {
        "type": "Point",
        "coordinates": [
          -76.3202678,
          40.1038958
        ]
      },
      "properties": {
        "tree_id": "DINOV3_0222",
        "source_image": "dji_fly_20260307_120112_0013_1772903202545_photo.JPG",
        "max_height_m": Infinity,
        "mean_height_m": Infinity,
        "crown_area_px": 192,
        "bbox_w_px": 31,
        "bbox_h_px": 7
      }
    },
    {
      "type": "Feature",
      "geometry": {
        "type": "Point",
        "coordinates": [
          -76.3197672,
          40.1038939
        ]
      },
      "properties": {
        "tree_id": "DINOV3_0223",
        "source_image": "dji_fly_20260307_120112_0013_1772903202545_photo.JPG",
        "max_height_m": Infinity,
        "mean_height_m": Infinity,
        "crown_area_px": 160,
        "bbox_w_px": 23,
        "bbox_h_px": 7
      }
    },
    {
      "type": "Feature",
      "geometry": {
        "type": "Point",
        "coordinates": [
          -76.3193188,
          40.1038838
        ]
      },
      "properties": {
        "tree_id": "DINOV3_0224",
        "source_image": "dji_fly_20260307_120112_0013_1772903202545_photo.JPG",
        "max_height_m": Infinity,
        "mean_height_m": Infinity,
        "crown_area_px": 3264,
        "bbox_w_px": 179,
        "bbox_h_px": 51
      }
    },
    {
      "type": "Feature",
      "geometry": {
        "type": "Point",
        "coordinates": [
          -76.3215684,
          40.1038746
        ]
      },
      "properties": {
        "tree_id": "DINOV3_0225",
        "source_image": "dji_fly_20260307_120112_0013_1772903202545_photo.JPG",
        "max_height_m": 2.64,
        "mean_height_m": 1.48,
        "crown_area_px": 139,
        "bbox_w_px": 11,
        "bbox_h_px": 13
      }
    },
    {
      "type": "Feature",
      "geometry": {
        "type": "Point",
        "coordinates": [
          -76.3212553,
          40.1038737
        ]
      },
      "properties": {
        "tree_id": "DINOV3_0226",
        "source_image": "dji_fly_20260307_120112_0013_1772903202545_photo.JPG",
        "max_height_m": Infinity,
        "mean_height_m": Infinity,
        "crown_area_px": 480,
        "bbox_w_px": 83,
        "bbox_h_px": 7
      }
    },
    {
      "type": "Feature",
      "geometry": {
        "type": "Point",
        "coordinates": [
          -76.3194486,
          40.1038737
        ]
      },
      "properties": {
        "tree_id": "DINOV3_0227",
        "source_image": "dji_fly_20260307_120112_0013_1772903202545_photo.JPG",
        "max_height_m": Infinity,
        "mean_height_m": Infinity,
        "crown_area_px": 896,
        "bbox_w_px": 187,
        "bbox_h_px": 7
      }
    },
    {
      "type": "Feature",
      "geometry": {
        "type": "Point",
        "coordinates": [
          -76.3213478,
          40.1038728
        ]
      },
      "properties": {
        "tree_id": "DINOV3_0228",
        "source_image": "dji_fly_20260307_120112_0013_1772903202545_photo.JPG",
        "max_height_m": Infinity,
        "mean_height_m": Infinity,
        "crown_area_px": 384,
        "bbox_w_px": 95,
        "bbox_h_px": 3
      }
    },
    {
      "type": "Feature",
      "geometry": {
        "type": "Point",
        "coordinates": [
          -76.3191926,
          40.1038728
        ]
      },
      "properties": {
        "tree_id": "DINOV3_0229",
        "source_image": "dji_fly_20260307_120112_0013_1772903202545_photo.JPG",
        "max_height_m": Infinity,
        "mean_height_m": Infinity,
        "crown_area_px": 128,
        "bbox_w_px": 31,
        "bbox_h_px": 3
      }
    },
    {
      "type": "Feature",
      "geometry": {
        "type": "Point",
        "coordinates": [
          -76.3191625,
          40.1038728
        ]
      },
      "properties": {
        "tree_id": "DINOV3_0230",
        "source_image": "dji_fly_20260307_120112_0013_1772903202545_photo.JPG",
        "max_height_m": Infinity,
        "mean_height_m": Infinity,
        "crown_area_px": 144,
        "bbox_w_px": 35,
        "bbox_h_px": 3
      }
    }
  ]
}